"plotID","plot","habitat","HA_ID_Number","tag_number","year","row_col","shts","ht","code.notes"
"FF-1","2107","1-ha",228,237,1998,"C8",NA,NA,NA
"FF-1","2107","1-ha",228,237,1999,"C8",NA,NA,NA
"FF-1","2107","1-ha",228,237,2000,"C8",1,6,"sdlg (1)"
"FF-1","2107","1-ha",228,237,2007,"C8",NA,NA,NA
"FF-1","2107","1-ha",228,237,2008,"C8",NA,NA,NA
"FF-1","2107","1-ha",228,237,2009,"C8",NA,NA,NA
"FF-1","2107","1-ha",229,237,1998,"D6",NA,NA,NA
"FF-1","2107","1-ha",229,237,1999,"D6",NA,NA,NA
"FF-1","2107","1-ha",229,237,2000,"D6",NA,NA,NA
"FF-1","2107","1-ha",229,237,2007,"D6",1,12,"sdlg (1)"
"FF-1","2107","1-ha",229,237,2008,"D6",1,22,NA
"FF-1","2107","1-ha",229,237,2009,"D6",4,29,NA
"FF-2","2108","1-ha",353,17,1998,"A4",NA,NA,NA
"FF-2","2108","1-ha",353,17,1999,"A4",NA,NA,NA
"FF-2","2108","1-ha",353,17,2000,"A4",NA,NA,NA
"FF-2","2108","1-ha",353,17,2001,"A4",NA,NA,NA
"FF-2","2108","1-ha",353,17,2002,"A4",NA,NA,NA
"FF-2","2108","1-ha",353,17,2003,"A4",NA,NA,NA
"FF-2","2108","1-ha",353,17,2004,"A4",NA,NA,NA
"FF-2","2108","1-ha",353,17,2005,"A4",NA,NA,NA
"FF-2","2108","1-ha",353,17,2006,"A4",NA,NA,NA
"FF-2","2108","1-ha",353,17,2007,"A4",1,16,NA
"FF-2","2108","1-ha",353,17,2008,"A4",1,11,NA
"FF-2","2108","1-ha",353,17,2009,"A4",1,13,NA
"FF-2","2108","1-ha",354,17,1998,"A7",NA,NA,NA
"FF-2","2108","1-ha",354,17,1999,"A7",1,11,"ULY (3)"
"FF-2","2108","1-ha",354,17,2000,"A7",1,14,NA
"FF-2","2108","1-ha",354,17,2001,"A7",1,10,NA
"FF-2","2108","1-ha",354,17,2002,"A7",2,12,NA
"FF-2","2108","1-ha",354,17,2003,"A7",1,10,NA
"FF-2","2108","1-ha",354,17,2004,"A7",1,17,NA
"FF-2","2108","1-ha",354,17,2005,"A7",3,18,NA
"FF-2","2108","1-ha",354,17,2006,"A7",NA,NA,"dead (2)"
"FF-2","2108","1-ha",354,17,2007,"A7",NA,NA,NA
"FF-2","2108","1-ha",354,17,2008,"A7",NA,NA,NA
"FF-2","2108","1-ha",354,17,2009,"A7",NA,NA,NA
"FF-2","2108","1-ha",401,66,1998,"C9",1,26,NA
"FF-2","2108","1-ha",401,66,1999,"C9",NA,NA,"plant missing (60)"
"FF-2","2108","1-ha",401,66,2000,"C9",2,21,NA
"FF-2","2108","1-ha",401,66,2001,"C9",4,24,NA
"FF-2","2108","1-ha",401,66,2002,"C9",4,66,NA
"FF-2","2108","1-ha",401,66,2005,"C9",5,100,NA
"FF-2","2108","1-ha",401,66,2006,"C9",5,110,"2x in field (200)"
"FF-2","2108","1-ha",402,66,1998,"D10",NA,NA,NA
"FF-2","2108","1-ha",402,66,1999,"D10",1,13,"sdlg (1)"
"FF-2","2108","1-ha",402,66,2000,"D10",NA,NA,"dead (2)"
"FF-2","2108","1-ha",402,66,2001,"D10",NA,NA,NA
"FF-2","2108","1-ha",402,66,2002,"D10",NA,NA,NA
"FF-2","2108","1-ha",402,66,2005,"D10",NA,NA,NA
"FF-2","2108","1-ha",402,66,2006,"D10",NA,NA,NA
"FF-5","2206","10-ha",899,270,1998,"B10",NA,NA,NA
"FF-5","2206","10-ha",899,270,1999,"B10",NA,NA,NA
"FF-5","2206","10-ha",899,270,2000,"B10",NA,NA,NA
"FF-5","2206","10-ha",899,270,2001,"B10",NA,NA,NA
"FF-5","2206","10-ha",899,270,2002,"B10",NA,NA,NA
"FF-5","2206","10-ha",899,270,2003,"B10",NA,NA,NA
"FF-5","2206","10-ha",899,270,2004,"B10",2,26,"ULY (3)"
"FF-5","2206","10-ha",899,270,2005,"B10",1,20,NA
"FF-5","2206","10-ha",899,270,2006,"B10",NA,NA,"plant missing (60)"
"FF-5","2206","10-ha",899,270,2007,"B10",NA,NA,"plant missing (60)"
"FF-5","2206","10-ha",899,270,2008,"B10",NA,NA,NA
"FF-5","2206","10-ha",899,270,2009,"B10",NA,NA,NA
"FF-5","2206","10-ha",900,270,1998,"C10",NA,NA,NA
"FF-5","2206","10-ha",900,270,1999,"C10",NA,NA,NA
"FF-5","2206","10-ha",900,270,2000,"C10",NA,NA,NA
"FF-5","2206","10-ha",900,270,2001,"C10",NA,NA,NA
"FF-5","2206","10-ha",900,270,2002,"C10",NA,NA,NA
"FF-5","2206","10-ha",900,270,2003,"C10",NA,NA,NA
"FF-5","2206","10-ha",900,270,2004,"C10",NA,NA,NA
"FF-5","2206","10-ha",900,270,2005,"C10",NA,NA,NA
"FF-5","2206","10-ha",900,270,2006,"C10",1,15,"under branchfall (90)"
"FF-5","2206","10-ha",900,270,2007,"C10",NA,NA,"plant missing (60)"
"FF-5","2206","10-ha",900,270,2008,"C10",NA,NA,NA
"FF-5","2206","10-ha",900,270,2009,"C10",NA,NA,NA
"CF-2","5750","CF",1100,236,1998,"G9",NA,NA,NA
"CF-2","5750","CF",1100,236,1999,"G9",NA,NA,NA
"CF-2","5750","CF",1100,236,2000,"G9",NA,NA,NA
"CF-2","5750","CF",1100,236,2001,"G9",NA,NA,NA
"CF-2","5750","CF",1100,236,2002,"G9",NA,NA,NA
"CF-2","5750","CF",1100,236,2003,"G9",NA,NA,NA
"CF-2","5750","CF",1100,236,2004,"G9",NA,NA,NA
"CF-2","5750","CF",1100,236,2005,"G9",NA,NA,NA
"CF-2","5750","CF",1100,236,2006,"G9",NA,NA,NA
"CF-2","5750","CF",1100,236,2007,"G9",1,10,NA
"CF-2","5750","CF",1101,236,1998,"H9",2,22,NA
"CF-2","5750","CF",1101,236,1999,"H9",2,16,NA
"CF-2","5750","CF",1101,236,2000,"H9",1,22,NA
"CF-2","5750","CF",1101,236,2001,"H9",2,24,NA
"CF-2","5750","CF",1101,236,2002,"H9",2,21,NA
"CF-2","5750","CF",1101,236,2003,"H9",2,17,NA
"CF-2","5750","CF",1101,236,2004,"H9",1,19,NA
"CF-2","5750","CF",1101,236,2005,"H9",1,13,NA
"CF-2","5750","CF",1101,236,2006,"H9",NA,NA,"dead (2)"
"CF-2","5750","CF",1101,236,2007,"H9",NA,NA,NA
"CF-2","5750","CF",1838,988,1998,"C8",NA,NA,NA
"CF-2","5750","CF",1838,988,1999,"C8",NA,NA,NA
"CF-2","5750","CF",1838,988,2000,"C8",NA,NA,NA
"CF-2","5750","CF",1838,988,2001,"C8",NA,NA,NA
"CF-2","5750","CF",1838,988,2002,"C8",NA,NA,NA
"CF-2","5750","CF",1838,988,2003,"C8",NA,NA,NA
"CF-2","5750","CF",1838,988,2004,"C8",NA,NA,NA
"CF-2","5750","CF",1838,988,2005,"C8",NA,NA,NA
"CF-2","5750","CF",1838,988,2006,"C8",NA,NA,NA
"CF-2","5750","CF",1838,988,2007,"C8",3,38,NA
"CF-2","5750","CF",1838,988,2008,"C8",2,60,NA
"CF-2","5750","CF",1838,988,2009,"C8",3,66,NA
"CF-2","5750","CF",1839,988,1998,"D10",NA,NA,NA
"CF-2","5750","CF",1839,988,1999,"D10",NA,NA,NA
"CF-2","5750","CF",1839,988,2000,"D10",NA,NA,NA
"CF-2","5750","CF",1839,988,2001,"D10",NA,NA,NA
"CF-2","5750","CF",1839,988,2002,"D10",NA,NA,NA
"CF-2","5750","CF",1839,988,2003,"D10",NA,NA,NA
"CF-2","5750","CF",1839,988,2004,"D10",1,10,"sdlg (1)"
"CF-2","5750","CF",1839,988,2005,"D10",2,14,NA
"CF-2","5750","CF",1839,988,2006,"D10",3,50,NA
"CF-2","5750","CF",1839,988,2007,"D10",NA,NA,"plant missing (60)"
"CF-2","5750","CF",1839,988,2008,"D10",NA,NA,NA
"CF-2","5750","CF",1839,988,2009,"D10",NA,NA,NA
"CF-2","5750","CF",1952,1401,1998,"G6",NA,NA,NA
"CF-2","5750","CF",1952,1401,1999,"G6",NA,NA,NA
"CF-2","5750","CF",1952,1401,2000,"G6",NA,NA,NA
"CF-2","5750","CF",1952,1401,2001,"G6",NA,NA,NA
"CF-2","5750","CF",1952,1401,2002,"G6",NA,NA,NA
"CF-2","5750","CF",1952,1401,2003,"G6",NA,NA,NA
"CF-2","5750","CF",1952,1401,2004,"G6",NA,NA,NA
"CF-2","5750","CF",1952,1401,2005,"G6",NA,NA,NA
"CF-2","5750","CF",1952,1401,2006,"G6",1,5,"sdlg (1)"
"CF-2","5750","CF",1953,1401,1998,"H10",NA,NA,NA
"CF-2","5750","CF",1953,1401,1999,"H10",NA,NA,NA
"CF-2","5750","CF",1953,1401,2000,"H10",NA,NA,NA
"CF-2","5750","CF",1953,1401,2001,"H10",NA,NA,NA
"CF-2","5750","CF",1953,1401,2002,"H10",NA,NA,NA
"CF-2","5750","CF",1953,1401,2003,"H10",NA,NA,NA
"CF-2","5750","CF",1953,1401,2004,"H10",NA,NA,NA
"CF-2","5750","CF",1953,1401,2005,"H10",NA,NA,NA
"CF-2","5750","CF",1953,1401,2006,"H10",1,8,"sdlg (1)"
"CF-2","5750","CF",2013,2022,1998,"H9",NA,NA,NA
"CF-2","5750","CF",2013,2022,1999,"H9",NA,NA,NA
"CF-2","5750","CF",2013,2022,2000,"H9",NA,NA,NA
"CF-2","5750","CF",2013,2022,2001,"H9",NA,NA,NA
"CF-2","5750","CF",2013,2022,2002,"H9",NA,NA,NA
"CF-2","5750","CF",2013,2022,2003,"H9",NA,NA,NA
"CF-2","5750","CF",2013,2022,2004,"H9",NA,NA,NA
"CF-2","5750","CF",2013,2022,2005,"H9",NA,NA,NA
"CF-2","5750","CF",2013,2022,2006,"H9",NA,NA,NA
"CF-2","5750","CF",2013,2022,2007,"H9",1,8,"sdlg (1)"
"CF-2","5750","CF",2013,2022,2008,"H9",NA,NA,NA
"CF-2","5750","CF",2013,2022,2009,"H9",1,10,NA
"CF-2","5750","CF",2014,2022,1998,"J8",NA,NA,NA
"CF-2","5750","CF",2014,2022,1999,"J8",NA,NA,NA
"CF-2","5750","CF",2014,2022,2000,"J8",NA,NA,NA
"CF-2","5750","CF",2014,2022,2001,"J8",NA,NA,NA
"CF-2","5750","CF",2014,2022,2002,"J8",NA,NA,NA
"CF-2","5750","CF",2014,2022,2003,"J8",NA,NA,NA
"CF-2","5750","CF",2014,2022,2004,"J8",NA,NA,NA
"CF-2","5750","CF",2014,2022,2005,"J8",NA,NA,NA
"CF-2","5750","CF",2014,2022,2006,"J8",NA,NA,NA
"CF-2","5750","CF",2014,2022,2007,"J8",1,7,"sdlg (1)"
"CF-2","5750","CF",2014,2022,2008,"J8",NA,NA,NA
"CF-2","5750","CF",2014,2022,2009,"J8",NA,NA,NA
"FF-3","5751","1-ha",2517,358,1998,"A7",NA,NA,NA
"FF-3","5751","1-ha",2517,358,1999,"A7",NA,NA,NA
"FF-3","5751","1-ha",2517,358,2000,"A7",NA,NA,NA
"FF-3","5751","1-ha",2517,358,2001,"A7",NA,NA,NA
"FF-3","5751","1-ha",2517,358,2002,"A7",NA,NA,NA
"FF-3","5751","1-ha",2517,358,2003,"A7",NA,NA,NA
"FF-3","5751","1-ha",2517,358,2004,"A7",1,15,"sdlg (1)"
"FF-3","5751","1-ha",2517,358,2005,"A7",1,17,NA
"FF-3","5751","1-ha",2517,358,2006,"A7",1,10,NA
"FF-3","5751","1-ha",2517,358,2007,"A7",NA,NA,"plant missing (60)"
"FF-3","5751","1-ha",2517,358,2008,"A7",2,11,NA
"FF-3","5751","1-ha",2517,358,2009,"A7",2,14,NA
"FF-3","5751","1-ha",2518,358,1998,"E7",NA,NA,NA
"FF-3","5751","1-ha",2518,358,1999,"E7",NA,NA,NA
"FF-3","5751","1-ha",2518,358,2000,"E7",NA,NA,NA
"FF-3","5751","1-ha",2518,358,2001,"E7",NA,NA,NA
"FF-3","5751","1-ha",2518,358,2002,"E7",NA,NA,NA
"FF-3","5751","1-ha",2518,358,2003,"E7",NA,NA,NA
"FF-3","5751","1-ha",2518,358,2004,"E7",NA,NA,NA
"FF-3","5751","1-ha",2518,358,2005,"E7",NA,NA,NA
"FF-3","5751","1-ha",2518,358,2006,"E7",NA,NA,NA
"FF-3","5751","1-ha",2518,358,2007,"E7",1,11,NA
"FF-3","5751","1-ha",2518,358,2008,"E7",NA,NA,NA
"FF-3","5751","1-ha",2518,358,2009,"E7",NA,NA,NA
"FF-3","5751","1-ha",2524,365,1998,"C6",NA,NA,NA
"FF-3","5751","1-ha",2524,365,1999,"C6",NA,NA,NA
"FF-3","5751","1-ha",2524,365,2000,"C6",NA,NA,NA
"FF-3","5751","1-ha",2524,365,2001,"C6",NA,NA,NA
"FF-3","5751","1-ha",2524,365,2002,"C6",NA,NA,NA
"FF-3","5751","1-ha",2524,365,2003,"C6",NA,NA,NA
"FF-3","5751","1-ha",2524,365,2004,"C6",NA,NA,NA
"FF-3","5751","1-ha",2524,365,2005,"C6",NA,NA,NA
"FF-3","5751","1-ha",2524,365,2006,"C6",NA,NA,NA
"FF-3","5751","1-ha",2524,365,2007,"C6",1,7,"sdlg (1)"
"FF-3","5751","1-ha",2524,365,2008,"C6",NA,NA,"dead (2)"
"FF-3","5751","1-ha",2525,365,1998,"D5",NA,NA,NA
"FF-3","5751","1-ha",2525,365,1999,"D5",NA,NA,NA
"FF-3","5751","1-ha",2525,365,2000,"D5",NA,NA,NA
"FF-3","5751","1-ha",2525,365,2001,"D5",NA,NA,NA
"FF-3","5751","1-ha",2525,365,2002,"D5",NA,NA,NA
"FF-3","5751","1-ha",2525,365,2003,"D5",NA,NA,NA
"FF-3","5751","1-ha",2525,365,2004,"D5",NA,NA,NA
"FF-3","5751","1-ha",2525,365,2005,"D5",NA,NA,NA
"FF-3","5751","1-ha",2525,365,2006,"D5",NA,NA,NA
"FF-3","5751","1-ha",2525,365,2007,"D5",NA,NA,NA
"FF-3","5751","1-ha",2525,365,2008,"D5",3,40,NA
"FF-3","5751","1-ha",2552,401,1998,"A8",NA,NA,NA
"FF-3","5751","1-ha",2552,401,1999,"A8",NA,NA,NA
"FF-3","5751","1-ha",2552,401,2000,"A8",NA,NA,NA
"FF-3","5751","1-ha",2552,401,2001,"A8",NA,NA,NA
"FF-3","5751","1-ha",2552,401,2002,"A8",NA,NA,NA
"FF-3","5751","1-ha",2552,401,2003,"A8",NA,NA,NA
"FF-3","5751","1-ha",2552,401,2004,"A8",NA,NA,NA
"FF-3","5751","1-ha",2552,401,2005,"A8",NA,NA,NA
"FF-3","5751","1-ha",2552,401,2006,"A8",NA,NA,NA
"FF-3","5751","1-ha",2552,401,2007,"A8",NA,NA,NA
"FF-3","5751","1-ha",2552,401,2008,"A8",1,16,"not on list (40)"
"FF-3","5751","1-ha",2552,401,2009,"A8",1,16,NA
"FF-3","5751","1-ha",2553,401,1998,"E7",NA,NA,NA
"FF-3","5751","1-ha",2553,401,1999,"E7",NA,NA,NA
"FF-3","5751","1-ha",2553,401,2000,"E7",NA,NA,NA
"FF-3","5751","1-ha",2553,401,2001,"E7",NA,NA,NA
"FF-3","5751","1-ha",2553,401,2002,"E7",NA,NA,NA
"FF-3","5751","1-ha",2553,401,2003,"E7",NA,NA,NA
"FF-3","5751","1-ha",2553,401,2004,"E7",NA,NA,NA
"FF-3","5751","1-ha",2553,401,2005,"E7",NA,NA,NA
"FF-3","5751","1-ha",2553,401,2006,"E7",NA,NA,NA
"FF-3","5751","1-ha",2553,401,2007,"E7",1,7,"sdlg (1)"
"FF-3","5751","1-ha",2553,401,2008,"E7",NA,NA,NA
"FF-3","5751","1-ha",2553,401,2009,"E7",NA,NA,NA
"FF-6","5752","10-ha",2746,181,1998,"B4",2,32,NA
"FF-6","5752","10-ha",2747,181,1998,"B4",NA,NA,NA
"FF-6","5752","10-ha",2746,181,1999,"B4",1,26,NA
"FF-6","5752","10-ha",2747,181,1999,"B4",1,27,NA
"FF-6","5752","10-ha",2746,181,2000,"B4",2,24,NA
"FF-6","5752","10-ha",2747,181,2000,"B4",2,25,NA
"FF-6","5752","10-ha",2746,181,2001,"B4",2,35,NA
"FF-6","5752","10-ha",2747,181,2001,"B4",2,35,NA
"FF-6","5752","10-ha",2746,181,2002,"B4",2,45,NA
"FF-6","5752","10-ha",2747,181,2002,"B4",2,45,NA
"FF-6","5752","10-ha",2746,181,2003,"B4",3,59,NA
"FF-6","5752","10-ha",2747,181,2003,"B4",3,59,NA
"FF-6","5752","10-ha",2746,181,2004,"B4",NA,NA,"plant missing (60)"
"FF-6","5752","10-ha",2747,181,2004,"B4",NA,NA,"plant missing (60)"
"FF-6","5752","10-ha",2746,181,2005,"B4",NA,NA,"plant missing (60)"
"FF-6","5752","10-ha",2747,181,2005,"B4",NA,NA,"plant missing (60)"
"FF-6","5752","10-ha",2746,181,2006,"B4",NA,NA,"plant missing (60)"
"FF-6","5752","10-ha",2747,181,2006,"B4",3,110,NA
"FF-6","5752","10-ha",2746,181,2007,"B4",NA,NA,"plant missing (60)"
"FF-6","5752","10-ha",2747,181,2007,"B4",NA,NA,"plant missing (60)"
"FF-6","5752","10-ha",2746,181,2008,"B4",NA,NA,NA
"FF-6","5752","10-ha",2747,181,2008,"B4",NA,NA,NA
"FF-6","5752","10-ha",2746,181,2009,"B4",NA,NA,NA
"FF-6","5752","10-ha",2747,181,2009,"B4",NA,NA,NA
"FF-6","5752","10-ha",3085,526,1998,"E7",NA,NA,NA
"FF-6","5752","10-ha",3086,526,1998,"E7",NA,NA,NA
"FF-6","5752","10-ha",3085,526,1999,"E7",NA,NA,NA
"FF-6","5752","10-ha",3086,526,1999,"E7",NA,NA,NA
"FF-6","5752","10-ha",3085,526,2000,"E7",1,7,"sdlg (1)"
"FF-6","5752","10-ha",3086,526,2000,"E7",NA,NA,NA
"FF-6","5752","10-ha",3085,526,2001,"E7",1,9,NA
"FF-6","5752","10-ha",3086,526,2001,"E7",NA,NA,NA
"FF-6","5752","10-ha",3085,526,2002,"E7",1,11,NA
"FF-6","5752","10-ha",3086,526,2002,"E7",NA,NA,NA
"FF-6","5752","10-ha",3085,526,2003,"E7",1,12,NA
"FF-6","5752","10-ha",3086,526,2003,"E7",NA,NA,NA
"FF-6","5752","10-ha",3085,526,2004,"E7",NA,NA,"plant missing (60)"
"FF-6","5752","10-ha",3086,526,2004,"E7",NA,NA,NA
"FF-6","5752","10-ha",3085,526,2005,"E7",NA,NA,"plant missing (60)"
"FF-6","5752","10-ha",3086,526,2005,"E7",NA,NA,NA
"FF-6","5752","10-ha",3085,526,2006,"E7",NA,NA,"plant missing (60)"
"FF-6","5752","10-ha",3086,526,2006,"E7",1,14,"sdlg (1)"
"FF-6","5752","10-ha",3085,526,2007,"E7",NA,NA,"plant missing (60)"
"FF-6","5752","10-ha",3086,526,2007,"E7",NA,NA,"plant missing (60)"
"FF-6","5752","10-ha",3085,526,2008,"E7",NA,NA,NA
"FF-6","5752","10-ha",3086,526,2008,"E7",NA,NA,NA
"FF-6","5752","10-ha",3085,526,2009,"E7",NA,NA,NA
"FF-6","5752","10-ha",3086,526,2009,"E7",NA,NA,NA
"FF-6","5752","10-ha",3126,566,1998,"E7",NA,NA,NA
"FF-6","5752","10-ha",3127,566,1998,"E7",NA,NA,NA
"FF-6","5752","10-ha",3126,566,1999,"E7",NA,NA,NA
"FF-6","5752","10-ha",3127,566,1999,"E7",NA,NA,NA
"FF-6","5752","10-ha",3126,566,2000,"E7",NA,NA,NA
"FF-6","5752","10-ha",3127,566,2000,"E7",NA,NA,NA
"FF-6","5752","10-ha",3126,566,2001,"E7",1,11,"sdlg (1)"
"FF-6","5752","10-ha",3127,566,2001,"E7",NA,NA,NA
"FF-6","5752","10-ha",3126,566,2002,"E7",1,10,NA
"FF-6","5752","10-ha",3127,566,2002,"E7",NA,NA,NA
"FF-6","5752","10-ha",3126,566,2003,"E7",1,14,NA
"FF-6","5752","10-ha",3127,566,2003,"E7",NA,NA,NA
"FF-6","5752","10-ha",3126,566,2004,"E7",NA,NA,"plant missing (60)"
"FF-6","5752","10-ha",3127,566,2004,"E7",NA,NA,NA
"FF-6","5752","10-ha",3126,566,2005,"E7",NA,NA,"plant missing (60)"
"FF-6","5752","10-ha",3127,566,2005,"E7",NA,NA,NA
"FF-6","5752","10-ha",3126,566,2006,"E7",NA,NA,"plant missing (60)"
"FF-6","5752","10-ha",3127,566,2006,"E7",1,16,"sdlg (1)"
"FF-6","5752","10-ha",3126,566,2007,"E7",NA,NA,"plant missing (60)"
"FF-6","5752","10-ha",3127,566,2007,"E7",NA,NA,"plant missing (60)"
"FF-6","5752","10-ha",3126,566,2008,"E7",NA,NA,NA
"FF-6","5752","10-ha",3127,566,2008,"E7",NA,NA,NA
"FF-6","5752","10-ha",3126,566,2009,"E7",NA,NA,NA
"FF-6","5752","10-ha",3127,566,2009,"E7",NA,NA,NA
"FF-6","5752","10-ha",3393,841,1998,"A5",NA,NA,NA
"FF-6","5752","10-ha",3393,841,1999,"A5",NA,NA,NA
"FF-6","5752","10-ha",3393,841,2000,"A5",NA,NA,NA
"FF-6","5752","10-ha",3393,841,2001,"A5",NA,NA,NA
"FF-6","5752","10-ha",3393,841,2002,"A5",NA,NA,NA
"FF-6","5752","10-ha",3393,841,2003,"A5",NA,NA,NA
"FF-6","5752","10-ha",3393,841,2004,"A5",NA,NA,NA
"FF-6","5752","10-ha",3393,841,2005,"A5",NA,NA,NA
"FF-6","5752","10-ha",3393,841,2006,"A5",2,5,"sdlg (1)"
"FF-6","5752","10-ha",3393,841,2007,"A5",NA,NA,"plant missing (60)"
"FF-6","5752","10-ha",3393,841,2008,"A5",NA,NA,NA
"FF-6","5752","10-ha",3393,841,2009,"A5",NA,NA,NA
"FF-6","5752","10-ha",3394,841,1998,"C1",NA,NA,NA
"FF-6","5752","10-ha",3394,841,1999,"C1",NA,NA,NA
"FF-6","5752","10-ha",3394,841,2000,"C1",NA,NA,NA
"FF-6","5752","10-ha",3394,841,2001,"C1",NA,NA,NA
"FF-6","5752","10-ha",3394,841,2002,"C1",NA,NA,NA
"FF-6","5752","10-ha",3394,841,2003,"C1",NA,NA,NA
"FF-6","5752","10-ha",3394,841,2004,"C1",NA,NA,NA
"FF-6","5752","10-ha",3394,841,2005,"C1",NA,NA,NA
"FF-6","5752","10-ha",3394,841,2006,"C1",1,10,"sdlg (1)"
"FF-6","5752","10-ha",3394,841,2007,"C1",NA,NA,"plant missing (60)"
"FF-6","5752","10-ha",3394,841,2008,"C1",NA,NA,NA
"FF-6","5752","10-ha",3394,841,2009,"C1",NA,NA,NA
"FF-4","5753","1-ha",3671,319,1998,"D7",NA,NA,NA
"FF-4","5753","1-ha",3671,319,1999,"D7",NA,NA,NA
"FF-4","5753","1-ha",3671,319,2000,"D7",NA,NA,NA
"FF-4","5753","1-ha",3671,319,2001,"D7",NA,NA,NA
"FF-4","5753","1-ha",3671,319,2002,"D7",NA,NA,NA
"FF-4","5753","1-ha",3671,319,2003,"D7",NA,NA,NA
"FF-4","5753","1-ha",3671,319,2004,"D7",1,8,NA
"FF-4","5753","1-ha",3671,319,2005,"D7",1,7,NA
"FF-4","5753","1-ha",3671,319,2006,"D7",NA,NA,"plant missing (60)"
"FF-4","5753","1-ha",3671,319,2007,"D7",NA,NA,"plant missing (60)"
"FF-4","5753","1-ha",3671,319,2008,"D7",NA,NA,NA
"FF-4","5753","1-ha",3671,319,2009,"D7",NA,NA,NA
"FF-4","5753","1-ha",3672,319,1998,"E10",NA,NA,NA
"FF-4","5753","1-ha",3672,319,1999,"E10",NA,NA,NA
"FF-4","5753","1-ha",3672,319,2000,"E10",NA,NA,NA
"FF-4","5753","1-ha",3672,319,2001,"E10",NA,NA,NA
"FF-4","5753","1-ha",3672,319,2002,"E10",NA,NA,NA
"FF-4","5753","1-ha",3672,319,2003,"E10",NA,NA,NA
"FF-4","5753","1-ha",3672,319,2004,"E10",NA,NA,NA
"FF-4","5753","1-ha",3672,319,2005,"E10",NA,NA,NA
"FF-4","5753","1-ha",3672,319,2006,"E10",1,12,"sdlg (1)"
"FF-4","5753","1-ha",3672,319,2007,"E10",2,9,NA
"FF-4","5753","1-ha",3672,319,2008,"E10",1,11,NA
"FF-4","5753","1-ha",3672,319,2009,"E10",1,5,"dried (7)"
"FF-4","5753","1-ha",3673,320,1998,"A5",NA,NA,NA
"FF-4","5753","1-ha",3673,320,1999,"A5",NA,NA,NA
"FF-4","5753","1-ha",3673,320,2000,"A5",NA,NA,NA
"FF-4","5753","1-ha",3673,320,2001,"A5",NA,NA,NA
"FF-4","5753","1-ha",3673,320,2002,"A5",NA,NA,NA
"FF-4","5753","1-ha",3673,320,2003,"A5",NA,NA,NA
"FF-4","5753","1-ha",3673,320,2004,"A5",1,13,NA
"FF-4","5753","1-ha",3673,320,2005,"A5",1,12,NA
"FF-4","5753","1-ha",3673,320,2006,"A5",NA,NA,"plant missing (60)"
"FF-4","5753","1-ha",3674,320,1998,"E10",NA,NA,NA
"FF-4","5753","1-ha",3674,320,1999,"E10",NA,NA,NA
"FF-4","5753","1-ha",3674,320,2000,"E10",1,15,"sdlg (1)"
"FF-4","5753","1-ha",3674,320,2001,"E10",1,17,NA
"FF-4","5753","1-ha",3674,320,2002,"E10",1,22,NA
"FF-4","5753","1-ha",3674,320,2003,"E10",1,22,NA
"FF-4","5753","1-ha",3674,320,2004,"E10",1,13,NA
"FF-4","5753","1-ha",3674,320,2005,"E10",NA,NA,"plant missing (60)"
"FF-4","5753","1-ha",3674,320,2006,"E10",NA,NA,"dead (2)"
"FF-4","5753","1-ha",3715,363,1998,"B1",NA,NA,NA
"FF-4","5753","1-ha",3715,363,1999,"B1",NA,NA,NA
"FF-4","5753","1-ha",3715,363,2000,"B1",NA,NA,NA
"FF-4","5753","1-ha",3715,363,2001,"B1",NA,NA,NA
"FF-4","5753","1-ha",3715,363,2002,"B1",NA,NA,NA
"FF-4","5753","1-ha",3715,363,2003,"B1",NA,NA,NA
"FF-4","5753","1-ha",3715,363,2004,"B1",NA,NA,NA
"FF-4","5753","1-ha",3715,363,2005,"B1",1,66,NA
"FF-4","5753","1-ha",3715,363,2006,"B1",NA,NA,"plant missing (60)"
"FF-4","5753","1-ha",3715,363,2007,"B1",NA,NA,"plant missing (60)"
"FF-4","5753","1-ha",3715,363,2008,"B1",NA,NA,NA
"FF-4","5753","1-ha",3715,363,2009,"B1",1,34,NA
"FF-4","5753","1-ha",3716,363,1998,"E10",NA,NA,NA
"FF-4","5753","1-ha",3716,363,1999,"E10",NA,NA,NA
"FF-4","5753","1-ha",3716,363,2000,"E10",NA,NA,NA
"FF-4","5753","1-ha",3716,363,2001,"E10",NA,NA,NA
"FF-4","5753","1-ha",3716,363,2002,"E10",NA,NA,NA
"FF-4","5753","1-ha",3716,363,2003,"E10",NA,NA,NA
"FF-4","5753","1-ha",3716,363,2004,"E10",2,111,"ULY (3)"
"FF-4","5753","1-ha",3716,363,2005,"E10",1,66,NA
"FF-4","5753","1-ha",3716,363,2006,"E10",2,60,NA
"FF-4","5753","1-ha",3716,363,2007,"E10",1,64,NA
"FF-4","5753","1-ha",3716,363,2008,"E10",1,30,NA
"FF-4","5753","1-ha",3716,363,2009,"E10",NA,NA,NA
"CF-3","5756","CF",3821,16,1998,"A4",4,100,NA
"CF-3","5756","CF",3821,16,1999,"A4",8,86,NA
"CF-3","5756","CF",3821,16,2000,"A4",11,107,NA
"CF-3","5756","CF",3821,16,2001,"A4",4,107,NA
"CF-3","5756","CF",3821,16,2002,"A4",5,70,NA
"CF-3","5756","CF",3821,16,2003,"A4",3,40,NA
"CF-3","5756","CF",3821,16,2004,"A4",4,70,NA
"CF-3","5756","CF",3821,16,2005,"A4",3,55,NA
"CF-3","5756","CF",3821,16,2006,"A4",3,40,NA
"CF-3","5756","CF",3821,16,2007,"A4",4,50,NA
"CF-3","5756","CF",3821,16,2008,"A4",6,55,NA
"CF-3","5756","CF",3821,16,2009,"A4",6,61,NA
"CF-3","5756","CF",3822,16,1998,"A6",NA,NA,NA
"CF-3","5756","CF",3822,16,1999,"A6",NA,NA,NA
"CF-3","5756","CF",3822,16,2000,"A6",NA,NA,NA
"CF-3","5756","CF",3822,16,2001,"A6",NA,NA,NA
"CF-3","5756","CF",3822,16,2002,"A6",NA,NA,NA
"CF-3","5756","CF",3822,16,2003,"A6",NA,NA,NA
"CF-3","5756","CF",3822,16,2004,"A6",NA,NA,NA
"CF-3","5756","CF",3822,16,2005,"A6",NA,NA,NA
"CF-3","5756","CF",3822,16,2006,"A6",NA,NA,NA
"CF-3","5756","CF",3822,16,2007,"A6",NA,NA,NA
"CF-3","5756","CF",3822,16,2008,"A6",8,120,NA
"CF-3","5756","CF",3822,16,2009,"A6",6,92,NA
"CF-3","5756","CF",3835,29,1998,"E2",NA,70,NA
"CF-3","5756","CF",3835,29,1999,"E2",2,40,NA
"CF-3","5756","CF",3835,29,2000,"E2",3,53,NA
"CF-3","5756","CF",3835,29,2001,"E2",5,46,NA
"CF-3","5756","CF",3835,29,2002,"E2",4,51,NA
"CF-3","5756","CF",3835,29,2003,"E2",2,54,NA
"CF-3","5756","CF",3835,29,2004,"E2",2,58,NA
"CF-3","5756","CF",3835,29,2005,"E2",3,55,NA
"CF-3","5756","CF",3835,29,2006,"E2",3,50,"2x in field (200)"
"CF-3","5756","CF",3835,29,2007,"E2",2,48,NA
"CF-3","5756","CF",3835,29,2008,"E2",2,36,NA
"CF-3","5756","CF",3835,29,2009,"E2",2,35,NA
"CF-3","5756","CF",3836,29,1998,"E3",2,54,NA
"CF-3","5756","CF",3836,29,1999,"E3",4,56,NA
"CF-3","5756","CF",3836,29,2000,"E3",5,96,NA
"CF-3","5756","CF",3836,29,2001,"E3",9,79,NA
"CF-3","5756","CF",3836,29,2002,"E3",5,67,NA
"CF-3","5756","CF",3836,29,2003,"E3",3,55,NA
"CF-3","5756","CF",3836,29,2004,"E3",3,52,NA
"CF-3","5756","CF",3836,29,2005,"E3",2,15,NA
"CF-3","5756","CF",3836,29,2006,"E3",NA,NA,"2x in field (200)"
"CF-3","5756","CF",3836,29,2007,"E3",NA,NA,"dead (2)"
"CF-3","5756","CF",3836,29,2008,"E3",NA,NA,NA
"CF-3","5756","CF",3836,29,2009,"E3",NA,NA,NA
"CF-3","5756","CF",4457,659,1998,"A1",NA,NA,NA
"CF-3","5756","CF",4457,659,1999,"A1",1,8,"sdlg (1)"
"CF-3","5756","CF",4457,659,2000,"A1",3,25,NA
"CF-3","5756","CF",4457,659,2001,"A1",1,5,NA
"CF-3","5756","CF",4457,659,2002,"A1",1,6,NA
"CF-3","5756","CF",4458,659,1998,"A3",NA,NA,NA
"CF-3","5756","CF",4458,659,1999,"A3",NA,NA,NA
"CF-3","5756","CF",4458,659,2000,"A3",NA,NA,NA
"CF-3","5756","CF",4458,659,2001,"A3",NA,NA,NA
"CF-3","5756","CF",4458,659,2002,"A3",NA,NA,NA
"CF-3","5756","CF",4614,816,1998,"A3",NA,NA,NA
"CF-3","5756","CF",4614,816,1999,"A3",NA,NA,NA
"CF-3","5756","CF",4614,816,2000,"A3",1,7,"sdlg (1)"
"CF-3","5756","CF",4614,816,2001,"A3",1,10,NA
"CF-3","5756","CF",4614,816,2009,"A3",NA,NA,NA
"CF-3","5756","CF",4615,816,1998,"D9",NA,NA,NA
"CF-3","5756","CF",4615,816,1999,"D9",NA,NA,NA
"CF-3","5756","CF",4615,816,2000,"D9",NA,NA,NA
"CF-3","5756","CF",4615,816,2001,"D9",NA,NA,NA
"CF-3","5756","CF",4615,816,2009,"D9",4,70,NA
"CF-3","5756","CF",4728,929,1998,"B6",NA,NA,NA
"CF-3","5756","CF",4728,929,1999,"B6",NA,NA,NA
"CF-3","5756","CF",4728,929,2000,"B6",NA,NA,NA
"CF-3","5756","CF",4728,929,2001,"B6",1,5,"sdlg (1)"
"CF-3","5756","CF",4728,929,2007,"B6",NA,NA,NA
"CF-3","5756","CF",4729,929,1998,"C8",NA,NA,NA
"CF-3","5756","CF",4729,929,1999,"C8",NA,NA,NA
"CF-3","5756","CF",4729,929,2000,"C8",NA,NA,NA
"CF-3","5756","CF",4729,929,2001,"C8",NA,NA,NA
"CF-3","5756","CF",4729,929,2007,"C8",1,17,"sdlg (1)"
"CF-3","5756","CF",4775,976,1998,"B7",NA,NA,NA
"CF-3","5756","CF",4775,976,1999,"B7",NA,NA,NA
"CF-3","5756","CF",4775,976,2000,"B7",NA,NA,NA
"CF-3","5756","CF",4775,976,2001,"B7",NA,NA,NA
"CF-3","5756","CF",4775,976,2002,"B7",1,22,"ULY (3)"
"CF-3","5756","CF",4775,976,2003,"B7",2,15,NA
"CF-3","5756","CF",4775,976,2004,"B7",2,24,NA
"CF-3","5756","CF",4775,976,2005,"B7",2,28,NA
"CF-3","5756","CF",4775,976,2006,"B7",NA,NA,"plant missing (60)"
"CF-3","5756","CF",4775,976,2007,"B7",NA,NA,"plant missing (60)"
"CF-3","5756","CF",4775,976,2008,"B7",4,34,NA
"CF-3","5756","CF",4775,976,2009,"B7",3,32,NA
"CF-3","5756","CF",4776,976,1998,"C7",NA,NA,NA
"CF-3","5756","CF",4776,976,1999,"C7",NA,NA,NA
"CF-3","5756","CF",4776,976,2000,"C7",NA,NA,NA
"CF-3","5756","CF",4776,976,2001,"C7",NA,NA,NA
"CF-3","5756","CF",4776,976,2002,"C7",NA,NA,NA
"CF-3","5756","CF",4776,976,2003,"C7",NA,NA,NA
"CF-3","5756","CF",4776,976,2004,"C7",NA,NA,NA
"CF-3","5756","CF",4776,976,2005,"C7",NA,NA,NA
"CF-3","5756","CF",4776,976,2006,"C7",3,31,NA
"CF-3","5756","CF",4776,976,2007,"C7",3,28,NA
"CF-3","5756","CF",4776,976,2008,"C7",NA,NA,NA
"CF-3","5756","CF",4776,976,2009,"C7",NA,NA,NA
"CF-3","5756","CF",4873,1276,1998,"B1",NA,NA,NA
"CF-3","5756","CF",4873,1276,1999,"B1",NA,NA,NA
"CF-3","5756","CF",4873,1276,2000,"B1",NA,NA,NA
"CF-3","5756","CF",4873,1276,2001,"B1",NA,NA,NA
"CF-3","5756","CF",4873,1276,2002,"B1",NA,NA,NA
"CF-3","5756","CF",4873,1276,2003,"B1",2,28,"ULY (3)"
"CF-3","5756","CF",4873,1276,2004,"B1",2,35,NA
"CF-3","5756","CF",4873,1276,2005,"B1",2,41,NA
"CF-3","5756","CF",4873,1276,2006,"B1",NA,NA,"plant missing (60)"
"CF-3","5756","CF",4873,1276,2007,"B1",NA,NA,"plant missing (60)"
"CF-3","5756","CF",4873,1276,2008,"B1",NA,NA,NA
"CF-3","5756","CF",4873,1276,2009,"B1",NA,NA,NA
"CF-3","5756","CF",4874,1276,1998,"B2",NA,NA,NA
"CF-3","5756","CF",4874,1276,1999,"B2",NA,NA,NA
"CF-3","5756","CF",4874,1276,2000,"B2",NA,NA,NA
"CF-3","5756","CF",4874,1276,2001,"B2",NA,NA,NA
"CF-3","5756","CF",4874,1276,2002,"B2",NA,NA,NA
"CF-3","5756","CF",4874,1276,2003,"B2",2,28,"ULY (3)"
"CF-3","5756","CF",4874,1276,2004,"B2",2,35,NA
"CF-3","5756","CF",4874,1276,2005,"B2",2,42,NA
"CF-3","5756","CF",4874,1276,2006,"B2",1,42,NA
"CF-3","5756","CF",4874,1276,2007,"B2",1,42,NA
"CF-3","5756","CF",4874,1276,2008,"B2",1,50,NA
"CF-3","5756","CF",4874,1276,2009,"B2",2,55,NA
"CF-3","5756","CF",4877,1279,1998,"D3",NA,NA,NA
"CF-3","5756","CF",4877,1279,1999,"D3",NA,NA,NA
"CF-3","5756","CF",4877,1279,2000,"D3",NA,NA,NA
"CF-3","5756","CF",4877,1279,2001,"D3",NA,NA,NA
"CF-3","5756","CF",4877,1279,2002,"D3",NA,NA,NA
"CF-3","5756","CF",4877,1279,2003,"D3",1,3,"sdlg (1)"
"CF-3","5756","CF",4877,1279,2004,"D3",1,5,NA
"CF-3","5756","CF",4877,1279,2005,"D3",1,11,NA
"CF-3","5756","CF",4877,1279,2006,"D3",NA,NA,"plant missing (60)"
"CF-3","5756","CF",4877,1279,2007,"D3",NA,NA,"plant missing (60)"
"CF-3","5756","CF",4877,1279,2008,"D3",1,12,NA
"CF-3","5756","CF",4877,1279,2009,"D3",2,15,NA
"CF-3","5756","CF",4878,1279,1998,"D6",NA,NA,NA
"CF-3","5756","CF",4878,1279,1999,"D6",NA,NA,NA
"CF-3","5756","CF",4878,1279,2000,"D6",NA,NA,NA
"CF-3","5756","CF",4878,1279,2001,"D6",NA,NA,NA
"CF-3","5756","CF",4878,1279,2002,"D6",NA,NA,NA
"CF-3","5756","CF",4878,1279,2003,"D6",1,3,"sdlg (1)"
"CF-3","5756","CF",4878,1279,2004,"D6",1,11,NA
"CF-3","5756","CF",4878,1279,2005,"D6",NA,NA,"plant missing (60)"
"CF-3","5756","CF",4878,1279,2006,"D6",1,14,NA
"CF-3","5756","CF",4878,1279,2007,"D6",NA,NA,"plant missing (60)"
"CF-3","5756","CF",4878,1279,2008,"D6",NA,NA,NA
"CF-3","5756","CF",4878,1279,2009,"D6",NA,NA,NA
"CF-3","5756","CF",4901,1602,1998,"A5",NA,NA,NA
"CF-3","5756","CF",4901,1602,1999,"A5",NA,NA,NA
"CF-3","5756","CF",4901,1602,2000,"A5",NA,NA,NA
"CF-3","5756","CF",4901,1602,2001,"A5",NA,NA,NA
"CF-3","5756","CF",4901,1602,2002,"A5",NA,NA,NA
"CF-3","5756","CF",4901,1602,2003,"A5",NA,NA,NA
"CF-3","5756","CF",4901,1602,2004,"A5",NA,NA,NA
"CF-3","5756","CF",4901,1602,2005,"A5",NA,NA,NA
"CF-3","5756","CF",4901,1602,2006,"A5",NA,NA,NA
"CF-3","5756","CF",4901,1602,2007,"A5",NA,NA,NA
"CF-3","5756","CF",4901,1602,2008,"A5",NA,NA,NA
"CF-3","5756","CF",4901,1602,2009,"A5",NA,NA,NA
"CF-3","5756","CF",4902,1602,1998,"A9",NA,NA,NA
"CF-3","5756","CF",4902,1602,1999,"A9",NA,NA,NA
"CF-3","5756","CF",4902,1602,2000,"A9",NA,NA,NA
"CF-3","5756","CF",4902,1602,2001,"A9",NA,NA,NA
"CF-3","5756","CF",4902,1602,2002,"A9",NA,NA,NA
"CF-3","5756","CF",4902,1602,2003,"A9",NA,NA,NA
"CF-3","5756","CF",4902,1602,2004,"A9",2,13,"sdlg (1)"
"CF-3","5756","CF",4902,1602,2005,"A9",2,12,NA
"CF-3","5756","CF",4902,1602,2006,"A9",2,13,NA
"CF-3","5756","CF",4902,1602,2007,"A9",1,5,NA
"CF-3","5756","CF",4902,1602,2008,"A9",1,17,NA
"CF-3","5756","CF",4902,1602,2009,"A9",2,20,NA
"CF-3","5756","CF",4955,1655,1998,"B8",NA,NA,NA
"CF-3","5756","CF",4956,1655,1998,"B8",NA,NA,NA
"CF-3","5756","CF",4955,1655,1999,"B8",NA,NA,NA
"CF-3","5756","CF",4956,1655,1999,"B8",NA,NA,NA
"CF-3","5756","CF",4955,1655,2000,"B8",NA,NA,NA
"CF-3","5756","CF",4956,1655,2000,"B8",NA,NA,NA
"CF-3","5756","CF",4955,1655,2001,"B8",NA,NA,NA
"CF-3","5756","CF",4956,1655,2001,"B8",NA,NA,NA
"CF-3","5756","CF",4955,1655,2002,"B8",NA,NA,NA
"CF-3","5756","CF",4956,1655,2002,"B8",NA,NA,NA
"CF-3","5756","CF",4955,1655,2003,"B8",NA,NA,NA
"CF-3","5756","CF",4956,1655,2003,"B8",NA,NA,NA
"CF-3","5756","CF",4955,1655,2004,"B8",NA,NA,NA
"CF-3","5756","CF",4956,1655,2004,"B8",NA,NA,NA
"CF-3","5756","CF",4955,1655,2005,"B8",NA,NA,NA
"CF-3","5756","CF",4956,1655,2005,"B8",NA,NA,NA
"CF-3","5756","CF",4955,1655,2006,"B8",3,34,"ULY (3)"
"CF-3","5756","CF",4956,1655,2006,"B8",NA,NA,NA
"CF-3","5756","CF",4955,1655,2007,"B8",NA,NA,"plant missing (60)"
"CF-3","5756","CF",4956,1655,2007,"B8",2,33,NA
"CF-3","5756","CF",4955,1655,2008,"B8",NA,NA,NA
"CF-3","5756","CF",4956,1655,2008,"B8",NA,NA,NA
"CF-3","5756","CF",4955,1655,2009,"B8",2,40,NA
"CF-3","5756","CF",4956,1655,2009,"B8",NA,NA,NA
"CF-3","5756","CF",4987,1686,1998,"E2",NA,NA,NA
"CF-3","5756","CF",4988,1686,1998,"E2",NA,NA,NA
"CF-3","5756","CF",4987,1686,1999,"E2",NA,NA,NA
"CF-3","5756","CF",4988,1686,1999,"E2",NA,NA,NA
"CF-3","5756","CF",4987,1686,2000,"E2",NA,NA,NA
"CF-3","5756","CF",4988,1686,2000,"E2",NA,NA,NA
"CF-3","5756","CF",4987,1686,2001,"E2",NA,NA,NA
"CF-3","5756","CF",4988,1686,2001,"E2",NA,NA,NA
"CF-3","5756","CF",4987,1686,2002,"E2",NA,NA,NA
"CF-3","5756","CF",4988,1686,2002,"E2",NA,NA,NA
"CF-3","5756","CF",4987,1686,2003,"E2",NA,NA,NA
"CF-3","5756","CF",4988,1686,2003,"E2",NA,NA,NA
"CF-3","5756","CF",4987,1686,2004,"E2",NA,NA,NA
"CF-3","5756","CF",4988,1686,2004,"E2",NA,NA,NA
"CF-3","5756","CF",4987,1686,2005,"E2",NA,NA,NA
"CF-3","5756","CF",4988,1686,2005,"E2",NA,NA,NA
"CF-3","5756","CF",4987,1686,2006,"E2",NA,NA,NA
"CF-3","5756","CF",4988,1686,2006,"E2",NA,NA,NA
"CF-3","5756","CF",4987,1686,2007,"E2",NA,NA,NA
"CF-3","5756","CF",4988,1686,2007,"E2",NA,NA,NA
"CF-3","5756","CF",4987,1686,2008,"E2",1,16,"not on list (40)"
"CF-3","5756","CF",4988,1686,2008,"E2",NA,NA,NA
"CF-3","5756","CF",4987,1686,2009,"E2",NA,NA,NA
"CF-3","5756","CF",4988,1686,2009,"E2",1,17,NA
"CF-3","5756","CF",5086,1789,1998,"A5",NA,NA,NA
"CF-3","5756","CF",5086,1789,1999,"A5",NA,NA,NA
"CF-3","5756","CF",5086,1789,2000,"A5",NA,NA,NA
"CF-3","5756","CF",5086,1789,2001,"A5",NA,NA,NA
"CF-3","5756","CF",5086,1789,2002,"A5",NA,NA,NA
"CF-3","5756","CF",5086,1789,2003,"A5",NA,NA,NA
"CF-3","5756","CF",5086,1789,2004,"A5",NA,NA,NA
"CF-3","5756","CF",5086,1789,2005,"A5",NA,NA,NA
"CF-3","5756","CF",5086,1789,2006,"A5",NA,NA,NA
"CF-3","5756","CF",5086,1789,2007,"A5",NA,NA,NA
"CF-3","5756","CF",5086,1789,2008,"A5",4,81,"sdlg (1)"
"CF-3","5756","CF",5086,1789,2009,"A5",3,72,NA
"CF-3","5756","CF",5087,1789,1998,"C2",NA,NA,NA
"CF-3","5756","CF",5087,1789,1999,"C2",NA,NA,NA
"CF-3","5756","CF",5087,1789,2000,"C2",NA,NA,NA
"CF-3","5756","CF",5087,1789,2001,"C2",NA,NA,NA
"CF-3","5756","CF",5087,1789,2002,"C2",NA,NA,NA
"CF-3","5756","CF",5087,1789,2003,"C2",NA,NA,NA
"CF-3","5756","CF",5087,1789,2004,"C2",NA,NA,NA
"CF-3","5756","CF",5087,1789,2005,"C2",NA,NA,NA
"CF-3","5756","CF",5087,1789,2006,"C2",NA,NA,NA
"CF-3","5756","CF",5087,1789,2007,"C2",1,10,"sdlg (1)"
"CF-3","5756","CF",5087,1789,2008,"C2",NA,NA,NA
"CF-3","5756","CF",5087,1789,2009,"C2",NA,NA,NA
"CF-6","CaboFrio-CF","CF",5338,194,1998,"A8",2,21,NA
"CF-6","CaboFrio-CF","CF",5338,194,1999,"A8",3,20,NA
"CF-6","CaboFrio-CF","CF",5338,194,2000,"A8",NA,NA,"plant missing (60)"
"CF-6","CaboFrio-CF","CF",5338,194,2001,"A8",6,33,NA
"CF-6","CaboFrio-CF","CF",5338,194,2002,"A8",1,20,NA
"CF-6","CaboFrio-CF","CF",5338,194,2003,"A8",NA,NA,"plant missing (60)"
"CF-6","CaboFrio-CF","CF",5338,194,2004,"A8",2,27,NA
"CF-6","CaboFrio-CF","CF",5338,194,2005,"A8",3,32,NA
"CF-6","CaboFrio-CF","CF",5338,194,2006,"A8",3,40,NA
"CF-6","CaboFrio-CF","CF",5338,194,2007,"A8",3,42,"2x in field (200)"
"CF-6","CaboFrio-CF","CF",5338,194,2008,"A8",4,55,NA
"CF-6","CaboFrio-CF","CF",5338,194,2009,"A8",4,47,NA
"CF-6","CaboFrio-CF","CF",5339,194,1998,"C10",2,38,NA
"CF-6","CaboFrio-CF","CF",5339,194,1999,"C10",1,46,NA
"CF-6","CaboFrio-CF","CF",5339,194,2000,"C10",NA,NA,"plant missing (60)"
"CF-6","CaboFrio-CF","CF",5339,194,2001,"C10",2,42,NA
"CF-6","CaboFrio-CF","CF",5339,194,2002,"C10",2,35,NA
"CF-6","CaboFrio-CF","CF",5339,194,2003,"C10",NA,NA,"plant missing (60)"
"CF-6","CaboFrio-CF","CF",5339,194,2004,"C10",NA,NA,"plant missing (60)"
"CF-6","CaboFrio-CF","CF",5339,194,2005,"C10",2,34,NA
"CF-6","CaboFrio-CF","CF",5339,194,2006,"C10",NA,NA,"plant missing (60)"
"CF-6","CaboFrio-CF","CF",5339,194,2007,"C10",2,39,"2x in field (200)"
"CF-6","CaboFrio-CF","CF",5339,194,2008,"C10",2,47,NA
"CF-6","CaboFrio-CF","CF",5339,194,2009,"C10",1,12,NA
"CF-6","CaboFrio-CF","CF",5557,2115,1998,"D5",NA,NA,NA
"CF-6","CaboFrio-CF","CF",5557,2115,1999,"D5",NA,NA,NA
"CF-6","CaboFrio-CF","CF",5557,2115,2000,"D5",NA,NA,NA
"CF-6","CaboFrio-CF","CF",5557,2115,2001,"D5",NA,NA,NA
"CF-6","CaboFrio-CF","CF",5557,2115,2002,"D5",NA,NA,NA
"CF-6","CaboFrio-CF","CF",5557,2115,2003,"D5",NA,NA,NA
"CF-6","CaboFrio-CF","CF",5557,2115,2004,"D5",NA,NA,NA
"CF-6","CaboFrio-CF","CF",5557,2115,2005,"D5",NA,NA,NA
"CF-6","CaboFrio-CF","CF",5557,2115,2006,"D5",NA,NA,NA
"CF-6","CaboFrio-CF","CF",5557,2115,2007,"D5",1,14,"sdlg (1)"
"CF-6","CaboFrio-CF","CF",5557,2115,2008,"D5",3,21,NA
"CF-6","CaboFrio-CF","CF",5557,2115,2009,"D5",4,27,NA
"CF-6","CaboFrio-CF","CF",5558,2115,1998,"D9",NA,NA,NA
"CF-6","CaboFrio-CF","CF",5558,2115,1999,"D9",NA,NA,NA
"CF-6","CaboFrio-CF","CF",5558,2115,2000,"D9",NA,NA,NA
"CF-6","CaboFrio-CF","CF",5558,2115,2001,"D9",NA,NA,NA
"CF-6","CaboFrio-CF","CF",5558,2115,2002,"D9",NA,NA,NA
"CF-6","CaboFrio-CF","CF",5558,2115,2003,"D9",NA,NA,NA
"CF-6","CaboFrio-CF","CF",5558,2115,2004,"D9",NA,NA,NA
"CF-6","CaboFrio-CF","CF",5558,2115,2005,"D9",NA,NA,NA
"CF-6","CaboFrio-CF","CF",5558,2115,2006,"D9",NA,NA,NA
"CF-6","CaboFrio-CF","CF",5558,2115,2007,"D9",NA,NA,NA
"CF-6","CaboFrio-CF","CF",5558,2115,2008,"D9",1,13,"sdlg (1)"
"CF-6","CaboFrio-CF","CF",5558,2115,2009,"D9",NA,NA,NA
"CF-6","CaboFrio-CF","CF",5207,2121,1998,"E10",NA,NA,NA
"CF-6","CaboFrio-CF","CF",5564,2121,1998,"E10",NA,NA,NA
"CF-6","CaboFrio-CF","CF",5207,2121,1999,"E10",NA,NA,NA
"CF-6","CaboFrio-CF","CF",5564,2121,1999,"E10",NA,NA,NA
"CF-6","CaboFrio-CF","CF",5207,2121,2000,"E10",NA,NA,NA
"CF-6","CaboFrio-CF","CF",5564,2121,2000,"E10",NA,NA,NA
"CF-6","CaboFrio-CF","CF",5207,2121,2001,"E10",NA,NA,NA
"CF-6","CaboFrio-CF","CF",5564,2121,2001,"E10",NA,NA,NA
"CF-6","CaboFrio-CF","CF",5207,2121,2002,"E10",NA,NA,NA
"CF-6","CaboFrio-CF","CF",5564,2121,2002,"E10",NA,NA,NA
"CF-6","CaboFrio-CF","CF",5207,2121,2003,"E10",NA,NA,NA
"CF-6","CaboFrio-CF","CF",5564,2121,2003,"E10",NA,NA,NA
"CF-6","CaboFrio-CF","CF",5207,2121,2004,"E10",NA,NA,NA
"CF-6","CaboFrio-CF","CF",5564,2121,2004,"E10",NA,NA,NA
"CF-6","CaboFrio-CF","CF",5207,2121,2005,"E10",NA,NA,NA
"CF-6","CaboFrio-CF","CF",5564,2121,2005,"E10",NA,NA,NA
"CF-6","CaboFrio-CF","CF",5207,2121,2006,"E10",1,6,"sdlg (1)"
"CF-6","CaboFrio-CF","CF",5564,2121,2006,"E10",NA,NA,NA
"CF-6","CaboFrio-CF","CF",5207,2121,2007,"E10",1,8,NA
"CF-6","CaboFrio-CF","CF",5564,2121,2007,"E10",NA,NA,NA
"CF-6","CaboFrio-CF","CF",5207,2121,2008,"E10",1,9,NA
"CF-6","CaboFrio-CF","CF",5564,2121,2008,"E10",NA,NA,NA
"CF-6","CaboFrio-CF","CF",5207,2121,2009,"E10",NA,NA,"dead (2)"
"CF-6","CaboFrio-CF","CF",5564,2121,2009,"E10",1,6,NA
"CF-4","Dimona-CF","CF",5663,90,1998,"D10",3,21,NA
"CF-4","Dimona-CF","CF",5663,90,1999,"D10",2,12,NA
"CF-4","Dimona-CF","CF",5663,90,2000,"D10",NA,NA,"plant missing (60)"
"CF-4","Dimona-CF","CF",5663,90,2001,"D10",2,14,NA
"CF-4","Dimona-CF","CF",5663,90,2002,"D10",2,15,NA
"CF-4","Dimona-CF","CF",5663,90,2003,"D10",1,14,NA
"CF-4","Dimona-CF","CF",5663,90,2004,"D10",1,11,NA
"CF-4","Dimona-CF","CF",5663,90,2005,"D10",1,8,NA
"CF-4","Dimona-CF","CF",5663,90,2006,"D10",1,9,NA
"CF-4","Dimona-CF","CF",5663,90,2007,"D10",1,10,NA
"CF-4","Dimona-CF","CF",5663,90,2008,"D10",1,10,NA
"CF-4","Dimona-CF","CF",5663,90,2009,"D10",NA,NA,NA
"CF-4","Dimona-CF","CF",5664,90,1998,"E9",NA,NA,NA
"CF-4","Dimona-CF","CF",5664,90,1999,"E9",NA,NA,NA
"CF-4","Dimona-CF","CF",5664,90,2000,"E9",NA,NA,NA
"CF-4","Dimona-CF","CF",5664,90,2001,"E9",NA,NA,NA
"CF-4","Dimona-CF","CF",5664,90,2002,"E9",NA,NA,NA
"CF-4","Dimona-CF","CF",5664,90,2003,"E9",NA,NA,NA
"CF-4","Dimona-CF","CF",5664,90,2004,"E9",NA,NA,NA
"CF-4","Dimona-CF","CF",5664,90,2005,"E9",NA,NA,NA
"CF-4","Dimona-CF","CF",5664,90,2006,"E9",NA,NA,NA
"CF-4","Dimona-CF","CF",5664,90,2007,"E9",1,7,NA
"CF-4","Dimona-CF","CF",5664,90,2008,"E9",NA,NA,NA
"CF-4","Dimona-CF","CF",5664,90,2009,"E9",1,7,NA
"CF-4","Dimona-CF","CF",5757,185,1998,"D7",NA,NA,NA
"CF-4","Dimona-CF","CF",5757,185,1999,"D7",NA,NA,NA
"CF-4","Dimona-CF","CF",5757,185,2000,"D7",NA,NA,NA
"CF-4","Dimona-CF","CF",5757,185,2001,"D7",NA,NA,NA
"CF-4","Dimona-CF","CF",5757,185,2002,"D7",NA,NA,NA
"CF-4","Dimona-CF","CF",5757,185,2003,"D7",NA,NA,NA
"CF-4","Dimona-CF","CF",5757,185,2004,"D7",NA,NA,NA
"CF-4","Dimona-CF","CF",5757,185,2005,"D7",NA,NA,NA
"CF-4","Dimona-CF","CF",5757,185,2006,"D7",1,8,"sdlg (1)"
"CF-4","Dimona-CF","CF",5757,185,2007,"D7",1,9,NA
"CF-4","Dimona-CF","CF",5757,185,2008,"D7",1,9,NA
"CF-4","Dimona-CF","CF",5757,185,2009,"D7",1,13,NA
"CF-4","Dimona-CF","CF",5758,185,1998,"E8",NA,NA,NA
"CF-4","Dimona-CF","CF",5758,185,1999,"E8",NA,NA,NA
"CF-4","Dimona-CF","CF",5758,185,2000,"E8",NA,NA,NA
"CF-4","Dimona-CF","CF",5758,185,2001,"E8",NA,NA,NA
"CF-4","Dimona-CF","CF",5758,185,2002,"E8",NA,NA,NA
"CF-4","Dimona-CF","CF",5758,185,2003,"E8",NA,NA,NA
"CF-4","Dimona-CF","CF",5758,185,2004,"E8",NA,NA,NA
"CF-4","Dimona-CF","CF",5758,185,2005,"E8",NA,NA,NA
"CF-4","Dimona-CF","CF",5758,185,2006,"E8",2,8,NA
"CF-4","Dimona-CF","CF",5758,185,2007,"E8",NA,NA,"plant missing (60)"
"CF-4","Dimona-CF","CF",5758,185,2008,"E8",NA,NA,NA
"CF-4","Dimona-CF","CF",5758,185,2009,"E8",NA,NA,NA
"CF-4","Dimona-CF","CF",5766,196,1998,"C8",NA,NA,NA
"CF-4","Dimona-CF","CF",5766,196,1999,"C8",NA,NA,NA
"CF-4","Dimona-CF","CF",5766,196,2000,"C8",NA,NA,NA
"CF-4","Dimona-CF","CF",5766,196,2001,"C8",NA,NA,NA
"CF-4","Dimona-CF","CF",5766,196,2002,"C8",NA,NA,NA
"CF-4","Dimona-CF","CF",5766,196,2003,"C8",NA,NA,NA
"CF-4","Dimona-CF","CF",5766,196,2004,"C8",NA,NA,NA
"CF-4","Dimona-CF","CF",5766,196,2005,"C8",NA,NA,NA
"CF-4","Dimona-CF","CF",5766,196,2006,"C8",1,12,"sdlg (1)"
"CF-4","Dimona-CF","CF",5766,196,2007,"C8",1,8,NA
"CF-4","Dimona-CF","CF",5766,196,2008,"C8",1,9,NA
"CF-4","Dimona-CF","CF",5766,196,2009,"C8",1,8,NA
"CF-4","Dimona-CF","CF",5767,196,1998,"D6",NA,NA,NA
"CF-4","Dimona-CF","CF",5767,196,1999,"D6",NA,NA,NA
"CF-4","Dimona-CF","CF",5767,196,2000,"D6",NA,NA,NA
"CF-4","Dimona-CF","CF",5767,196,2001,"D6",NA,NA,NA
"CF-4","Dimona-CF","CF",5767,196,2002,"D6",NA,NA,NA
"CF-4","Dimona-CF","CF",5767,196,2003,"D6",NA,NA,NA
"CF-4","Dimona-CF","CF",5767,196,2004,"D6",NA,NA,NA
"CF-4","Dimona-CF","CF",5767,196,2005,"D6",NA,NA,NA
"CF-4","Dimona-CF","CF",5767,196,2006,"D6",1,11,"sdlg (1)"
"CF-4","Dimona-CF","CF",5767,196,2007,"D6",NA,NA,"plant missing (60)"
"CF-4","Dimona-CF","CF",5767,196,2008,"D6",NA,NA,NA
"CF-4","Dimona-CF","CF",5767,196,2009,"D6",NA,NA,NA
"CF-4","Dimona-CF","CF",5769,197,1998,"E10",NA,NA,NA
"CF-4","Dimona-CF","CF",5769,197,1999,"E10",NA,NA,NA
"CF-4","Dimona-CF","CF",5769,197,2000,"E10",NA,NA,NA
"CF-4","Dimona-CF","CF",5769,197,2001,"E10",NA,NA,NA
"CF-4","Dimona-CF","CF",5769,197,2002,"E10",NA,NA,NA
"CF-4","Dimona-CF","CF",5769,197,2003,"E10",NA,NA,NA
"CF-4","Dimona-CF","CF",5769,197,2004,"E10",NA,NA,NA
"CF-4","Dimona-CF","CF",5769,197,2005,"E10",NA,NA,NA
"CF-4","Dimona-CF","CF",5769,197,2006,"E10",1,8,"sdlg (1)"
"CF-4","Dimona-CF","CF",5769,197,2007,"E10",1,12,NA
"CF-4","Dimona-CF","CF",5769,197,2008,"E10",1,14,NA
"CF-4","Dimona-CF","CF",5769,197,2009,"E10",NA,NA,NA
"CF-4","Dimona-CF","CF",5768,197,1998,"E8",NA,NA,NA
"CF-4","Dimona-CF","CF",5768,197,1999,"E8",NA,NA,NA
"CF-4","Dimona-CF","CF",5768,197,2000,"E8",NA,NA,NA
"CF-4","Dimona-CF","CF",5768,197,2001,"E8",NA,NA,NA
"CF-4","Dimona-CF","CF",5768,197,2002,"E8",NA,NA,NA
"CF-4","Dimona-CF","CF",5768,197,2003,"E8",NA,NA,NA
"CF-4","Dimona-CF","CF",5768,197,2004,"E8",NA,NA,NA
"CF-4","Dimona-CF","CF",5768,197,2005,"E8",NA,NA,NA
"CF-4","Dimona-CF","CF",5768,197,2006,"E8",NA,NA,NA
"CF-4","Dimona-CF","CF",5768,197,2007,"E8",1,7,"sdlg (1)"
"CF-4","Dimona-CF","CF",5768,197,2008,"E8",1,4,NA
"CF-4","Dimona-CF","CF",5768,197,2009,"E8",1,12,NA
"CF-1","Florestal-CF","CF",6351,576,1998,"D2",8,120,NA
"CF-1","Florestal-CF","CF",6351,576,1999,"D2",5,126,NA
"CF-1","Florestal-CF","CF",6351,576,2000,"D2",3,91,NA
"CF-1","Florestal-CF","CF",6351,576,2001,"D2",6,66,NA
"CF-1","Florestal-CF","CF",6351,576,2002,"D2",8,81,NA
"CF-1","Florestal-CF","CF",6351,576,2003,"D2",8,75,NA
"CF-1","Florestal-CF","CF",6351,576,2004,"D2",5,70,NA
"CF-1","Florestal-CF","CF",6351,576,2005,"D2",5,70,NA
"CF-1","Florestal-CF","CF",6351,576,2006,"D2",5,75,NA
"CF-1","Florestal-CF","CF",6351,576,2007,"D2",4,72,NA
"CF-1","Florestal-CF","CF",6351,576,2008,"D2",NA,NA,NA
"CF-1","Florestal-CF","CF",6351,576,2009,"D2",3,38,"under branchfall (90)"
"CF-1","Florestal-CF","CF",6352,576,1998,"E1",NA,NA,NA
"CF-1","Florestal-CF","CF",6352,576,1999,"E1",NA,NA,NA
"CF-1","Florestal-CF","CF",6352,576,2000,"E1",NA,NA,NA
"CF-1","Florestal-CF","CF",6352,576,2001,"E1",NA,NA,NA
"CF-1","Florestal-CF","CF",6352,576,2002,"E1",NA,NA,NA
"CF-1","Florestal-CF","CF",6352,576,2003,"E1",NA,NA,NA
"CF-1","Florestal-CF","CF",6352,576,2004,"E1",NA,NA,NA
"CF-1","Florestal-CF","CF",6352,576,2005,"E1",NA,NA,NA
"CF-1","Florestal-CF","CF",6352,576,2006,"E1",NA,NA,NA
"CF-1","Florestal-CF","CF",6352,576,2007,"E1",NA,NA,NA
"CF-1","Florestal-CF","CF",6352,576,2008,"E1",4,16,"not on list (40)"
"CF-1","Florestal-CF","CF",6352,576,2009,"E1",NA,NA,NA
"CF-1","Florestal-CF","CF",7033,1267,1998,"C4",NA,NA,NA
"CF-1","Florestal-CF","CF",7033,1267,1999,"C4",NA,NA,NA
"CF-1","Florestal-CF","CF",7033,1267,2000,"C4",NA,NA,NA
"CF-1","Florestal-CF","CF",7033,1267,2001,"C4",NA,NA,NA
"CF-1","Florestal-CF","CF",7033,1267,2002,"C4",NA,NA,NA
"CF-1","Florestal-CF","CF",7033,1267,2003,"C4",NA,NA,NA
"CF-1","Florestal-CF","CF",7033,1267,2004,"C4",NA,NA,NA
"CF-1","Florestal-CF","CF",7033,1267,2005,"C4",NA,NA,NA
"CF-1","Florestal-CF","CF",7033,1267,2006,"C4",1,13,"sdlg (1)"
"CF-1","Florestal-CF","CF",7033,1267,2007,"C4",1,20,NA
"CF-1","Florestal-CF","CF",7033,1267,2008,"C4",1,23,NA
"CF-1","Florestal-CF","CF",7033,1267,2009,"C4",3,26,NA
"CF-1","Florestal-CF","CF",7034,1267,1998,"D7",NA,NA,NA
"CF-1","Florestal-CF","CF",7034,1267,1999,"D7",NA,NA,NA
"CF-1","Florestal-CF","CF",7034,1267,2000,"D7",NA,NA,NA
"CF-1","Florestal-CF","CF",7034,1267,2001,"D7",NA,NA,NA
"CF-1","Florestal-CF","CF",7034,1267,2002,"D7",NA,NA,NA
"CF-1","Florestal-CF","CF",7034,1267,2003,"D7",NA,NA,NA
"CF-1","Florestal-CF","CF",7034,1267,2004,"D7",NA,NA,NA
"CF-1","Florestal-CF","CF",7034,1267,2005,"D7",NA,NA,NA
"CF-1","Florestal-CF","CF",7034,1267,2006,"D7",1,10,"sdlg (1)"
"CF-1","Florestal-CF","CF",7034,1267,2007,"D7",1,10,NA
"CF-1","Florestal-CF","CF",7034,1267,2008,"D7",1,12,NA
"CF-1","Florestal-CF","CF",7034,1267,2009,"D7",NA,NA,NA
"CF-1","Florestal-CF","CF",7140,1473,1998,"A6",NA,NA,NA
"CF-1","Florestal-CF","CF",7140,1473,1999,"A6",NA,NA,NA
"CF-1","Florestal-CF","CF",7140,1473,2000,"A6",NA,NA,NA
"CF-1","Florestal-CF","CF",7140,1473,2001,"A6",NA,NA,NA
"CF-1","Florestal-CF","CF",7140,1473,2002,"A6",NA,NA,NA
"CF-1","Florestal-CF","CF",7140,1473,2003,"A6",NA,NA,NA
"CF-1","Florestal-CF","CF",7140,1473,2004,"A6",NA,NA,NA
"CF-1","Florestal-CF","CF",7140,1473,2005,"A6",1,8,"sdlg (1)"
"CF-1","Florestal-CF","CF",7140,1473,2006,"A6",1,11,NA
"CF-1","Florestal-CF","CF",7140,1473,2007,"A6",NA,NA,"plant missing (60)"
"CF-1","Florestal-CF","CF",7140,1473,2008,"A6",NA,NA,NA
"CF-1","Florestal-CF","CF",7140,1473,2009,"A6",NA,NA,NA
"CF-1","Florestal-CF","CF",7141,1473,1998,"B5",NA,NA,NA
"CF-1","Florestal-CF","CF",7141,1473,1999,"B5",NA,NA,NA
"CF-1","Florestal-CF","CF",7141,1473,2000,"B5",NA,NA,NA
"CF-1","Florestal-CF","CF",7141,1473,2001,"B5",NA,NA,NA
"CF-1","Florestal-CF","CF",7141,1473,2002,"B5",NA,NA,NA
"CF-1","Florestal-CF","CF",7141,1473,2003,"B5",NA,NA,NA
"CF-1","Florestal-CF","CF",7141,1473,2004,"B5",NA,NA,NA
"CF-1","Florestal-CF","CF",7141,1473,2005,"B5",1,7,"sdlg (1)"
"CF-1","Florestal-CF","CF",7141,1473,2006,"B5",1,10,NA
"CF-1","Florestal-CF","CF",7141,1473,2007,"B5",1,12,NA
"CF-1","Florestal-CF","CF",7141,1473,2008,"B5",NA,NA,NA
"CF-1","Florestal-CF","CF",7141,1473,2009,"B5",1,7,NA
"CF-1","Florestal-CF","CF",7333,1969,1998,"C8",NA,NA,NA
"CF-1","Florestal-CF","CF",7333,1969,1999,"C8",NA,NA,NA
"CF-1","Florestal-CF","CF",7333,1969,2000,"C8",NA,NA,NA
"CF-1","Florestal-CF","CF",7333,1969,2001,"C8",NA,NA,NA
"CF-1","Florestal-CF","CF",7333,1969,2002,"C8",NA,NA,NA
"CF-1","Florestal-CF","CF",7333,1969,2003,"C8",NA,NA,NA
"CF-1","Florestal-CF","CF",7333,1969,2004,"C8",NA,NA,NA
"CF-1","Florestal-CF","CF",7333,1969,2005,"C8",NA,NA,NA
"CF-1","Florestal-CF","CF",7333,1969,2006,"C8",NA,NA,NA
"CF-1","Florestal-CF","CF",7333,1969,2007,"C8",NA,NA,NA
"CF-1","Florestal-CF","CF",7333,1969,2008,"C8",1,14,"sdlg (1)"
"CF-1","Florestal-CF","CF",7333,1969,2009,"C8",NA,NA,NA
"CF-1","Florestal-CF","CF",7334,1969,1998,"C9",NA,NA,NA
"CF-1","Florestal-CF","CF",7334,1969,1999,"C9",NA,NA,NA
"CF-1","Florestal-CF","CF",7334,1969,2000,"C9",NA,NA,NA
"CF-1","Florestal-CF","CF",7334,1969,2001,"C9",NA,NA,NA
"CF-1","Florestal-CF","CF",7334,1969,2002,"C9",NA,NA,NA
"CF-1","Florestal-CF","CF",7334,1969,2003,"C9",NA,NA,NA
"CF-1","Florestal-CF","CF",7334,1969,2004,"C9",NA,NA,NA
"CF-1","Florestal-CF","CF",7334,1969,2005,"C9",NA,NA,NA
"CF-1","Florestal-CF","CF",7334,1969,2006,"C9",NA,NA,NA
"CF-1","Florestal-CF","CF",7334,1969,2007,"C9",NA,NA,NA
"CF-1","Florestal-CF","CF",7334,1969,2008,"C9",NA,NA,NA
"CF-1","Florestal-CF","CF",7334,1969,2009,"C9",2,12,"sdlg (1)"
"CF-5","PortoAlegre-CF","CF",7606,264,1998,"B9",NA,NA,NA
"CF-5","PortoAlegre-CF","CF",7606,264,1999,"B9",NA,NA,NA
"CF-5","PortoAlegre-CF","CF",7606,264,2000,"B9",NA,NA,NA
"CF-5","PortoAlegre-CF","CF",7606,264,2001,"B9",NA,NA,NA
"CF-5","PortoAlegre-CF","CF",7606,264,2002,"B9",1,26,"ULY (3)"
"CF-5","PortoAlegre-CF","CF",7606,264,2003,"B9",2,27,NA
"CF-5","PortoAlegre-CF","CF",7606,264,2004,"B9",1,20,NA
"CF-5","PortoAlegre-CF","CF",7606,264,2005,"B9",1,23,NA
"CF-5","PortoAlegre-CF","CF",7606,264,2006,"B9",1,13,NA
"CF-5","PortoAlegre-CF","CF",7606,264,2007,"B9",1,8,NA
"CF-5","PortoAlegre-CF","CF",7607,264,1998,"C10",NA,NA,NA
"CF-5","PortoAlegre-CF","CF",7607,264,1999,"C10",NA,NA,NA
"CF-5","PortoAlegre-CF","CF",7607,264,2000,"C10",NA,NA,NA
"CF-5","PortoAlegre-CF","CF",7607,264,2001,"C10",NA,NA,NA
"CF-5","PortoAlegre-CF","CF",7607,264,2002,"C10",NA,NA,NA
"CF-5","PortoAlegre-CF","CF",7607,264,2003,"C10",NA,NA,NA
"CF-5","PortoAlegre-CF","CF",7607,264,2004,"C10",NA,NA,NA
"CF-5","PortoAlegre-CF","CF",7607,264,2005,"C10",NA,NA,NA
"CF-5","PortoAlegre-CF","CF",7607,264,2006,"C10",1,5,"sdlg (1)"
"CF-5","PortoAlegre-CF","CF",7607,264,2007,"C10",NA,NA,"plant missing (60)"
"CF-5","PortoAlegre-CF","CF",7668,356,1998,"B6",NA,NA,NA
"CF-5","PortoAlegre-CF","CF",7668,356,1999,"B6",NA,NA,NA
"CF-5","PortoAlegre-CF","CF",7668,356,2000,"B6",NA,NA,NA
"CF-5","PortoAlegre-CF","CF",7668,356,2001,"B6",NA,NA,NA
"CF-5","PortoAlegre-CF","CF",7668,356,2002,"B6",NA,NA,NA
"CF-5","PortoAlegre-CF","CF",7668,356,2003,"B6",NA,NA,NA
"CF-5","PortoAlegre-CF","CF",7668,356,2004,"B6",NA,NA,NA
"CF-5","PortoAlegre-CF","CF",7668,356,2005,"B6",NA,NA,NA
"CF-5","PortoAlegre-CF","CF",7668,356,2006,"B6",NA,NA,NA
"CF-5","PortoAlegre-CF","CF",7668,356,2007,"B6",NA,NA,NA
"CF-5","PortoAlegre-CF","CF",7668,356,2008,"B6",1,13,"sdlg (1)"
"CF-5","PortoAlegre-CF","CF",7668,356,2009,"B6",1,11,NA
"CF-5","PortoAlegre-CF","CF",7669,356,1998,"D5",NA,NA,NA
"CF-5","PortoAlegre-CF","CF",7669,356,1999,"D5",NA,NA,NA
"CF-5","PortoAlegre-CF","CF",7669,356,2000,"D5",NA,NA,NA
"CF-5","PortoAlegre-CF","CF",7669,356,2001,"D5",NA,NA,NA
"CF-5","PortoAlegre-CF","CF",7669,356,2002,"D5",NA,NA,NA
"CF-5","PortoAlegre-CF","CF",7669,356,2003,"D5",NA,NA,NA
"CF-5","PortoAlegre-CF","CF",7669,356,2004,"D5",NA,NA,NA
"CF-5","PortoAlegre-CF","CF",7669,356,2005,"D5",NA,NA,NA
"CF-5","PortoAlegre-CF","CF",7669,356,2006,"D5",NA,NA,NA
"CF-5","PortoAlegre-CF","CF",7669,356,2007,"D5",NA,NA,NA
"CF-5","PortoAlegre-CF","CF",7669,356,2008,"D5",1,9,"sdlg (1)"
"CF-5","PortoAlegre-CF","CF",7669,356,2009,"D5",1,8,NA
"FF-7","5754","10-ha",7662,46,1998,"B4",2,112,NA
"FF-7","5754","10-ha",7662,46,1999,"B4",0,0,"under treefall (80)"
"FF-7","5754","10-ha",7662,46,2000,"B4",NA,NA,NA
"FF-7","5754","10-ha",7662,46,2001,"B4",NA,NA,NA
"FF-7","5754","10-ha",7662,46,2002,"B4",NA,NA,NA
"FF-7","5754","10-ha",7662,46,2003,"B4",NA,NA,NA
"FF-7","5754","10-ha",7662,46,2004,"B4",5,35,NA
"FF-7","5754","10-ha",7662,46,2005,"B4",NA,NA,NA
"FF-7","5754","10-ha",7662,46,2006,"B4",NA,NA,"this number belongs to a pvc in a6"
"FF-7","5754","10-ha",7662,46,1998,"E6",NA,NA,NA
"FF-7","5754","10-ha",7662,46,1999,"E6",NA,NA,NA
"FF-7","5754","10-ha",7662,46,2000,"E6",NA,NA,NA
"FF-7","5754","10-ha",7662,46,2001,"E6",NA,NA,NA
"FF-7","5754","10-ha",7662,46,2002,"E6",NA,NA,NA
"FF-7","5754","10-ha",7662,46,2003,"E6",NA,NA,NA
"FF-7","5754","10-ha",7662,46,2004,"E6",NA,NA,NA
"FF-7","5754","10-ha",7662,46,2005,"E6",NA,NA,NA
"FF-7","5754","10-ha",7662,46,2006,"E6",3,53,"not on list (40)"
"FF-7","5754","10-ha",7924,318,1998,"A6",3,19,NA
"FF-7","5754","10-ha",7924,318,1999,"A6",2,20,NA
"FF-7","5754","10-ha",7924,318,2000,"A6",0,0,"under treefall (80)"
"FF-7","5754","10-ha",7924,318,2001,"A6",2,20,NA
"FF-7","5754","10-ha",7924,318,2002,"A6",5,29,NA
"FF-7","5754","10-ha",7924,318,2003,"A6",6,27,NA
"FF-7","5754","10-ha",7924,318,2004,"A6",11,42,NA
"FF-7","5754","10-ha",7924,318,2005,"A6",19,60,NA
"FF-7","5754","10-ha",7924,318,2006,"A6",11,66,NA
"FF-7","5754","10-ha",7924,318,1998,"D5",NA,NA,NA
"FF-7","5754","10-ha",7924,318,1999,"D5",NA,NA,NA
"FF-7","5754","10-ha",7924,318,2000,"D5",NA,NA,NA
"FF-7","5754","10-ha",7924,318,2001,"D5",NA,NA,NA
"FF-7","5754","10-ha",7924,318,2002,"D5",NA,NA,NA
"FF-7","5754","10-ha",7924,318,2003,"D5",NA,NA,NA
"FF-7","5754","10-ha",7924,318,2004,"D5",NA,NA,NA
"FF-7","5754","10-ha",7924,318,2005,"D5",NA,NA,NA
"FF-7","5754","10-ha",7924,318,2006,"D5",2,24,"not on list (40)"
"FF-7","5754","10-ha",8255,746,1998,"C5",NA,NA,NA
"FF-7","5754","10-ha",8255,746,1999,"C5",NA,NA,NA
"FF-7","5754","10-ha",8255,746,2000,"C5",NA,NA,NA
"FF-7","5754","10-ha",8255,746,2001,"C5",NA,NA,NA
"FF-7","5754","10-ha",8255,746,2002,"C5",NA,NA,NA
"FF-7","5754","10-ha",8255,746,2003,"C5",NA,NA,NA
"FF-7","5754","10-ha",8255,746,2004,"C5",NA,NA,NA
"FF-7","5754","10-ha",8255,746,2005,"C5",NA,NA,NA
"FF-7","5754","10-ha",8255,746,2006,"C5",1,20,"not on list (40)"
"FF-7","5754","10-ha",8255,746,1998,"D5",NA,NA,NA
"FF-7","5754","10-ha",8255,746,1999,"D5",NA,NA,NA
"FF-7","5754","10-ha",8255,746,2000,"D5",NA,NA,NA
"FF-7","5754","10-ha",8255,746,2001,"D5",NA,NA,NA
"FF-7","5754","10-ha",8255,746,2002,"D5",NA,NA,NA
"FF-7","5754","10-ha",8255,746,2003,"D5",NA,NA,NA
"FF-7","5754","10-ha",8255,746,2004,"D5",1,14,NA
"FF-7","5754","10-ha",8255,746,2005,"D5",1,12,NA
"FF-7","5754","10-ha",8255,746,2006,"D5",1,22,NA
"FF-7","5754","10-ha",8318,810,1998,"A5",NA,NA,NA
"FF-7","5754","10-ha",8318,810,1999,"A5",NA,NA,NA
"FF-7","5754","10-ha",8318,810,2000,"A5",NA,NA,NA
"FF-7","5754","10-ha",8318,810,2001,"A5",NA,NA,NA
"FF-7","5754","10-ha",8318,810,2002,"A5",NA,NA,NA
"FF-7","5754","10-ha",8318,810,2003,"A5",2,25,"no tag (50)"
"FF-7","5754","10-ha",8318,810,2004,"A5",3,36,NA
"FF-7","5754","10-ha",8318,810,2005,"A5",3,55,"under branchfall (90)"
"FF-7","5754","10-ha",8318,810,2006,"A5",5,57,NA
"FF-7","5754","10-ha",8318,810,1998,"D10",NA,NA,NA
"FF-7","5754","10-ha",8318,810,1999,"D10",NA,NA,NA
"FF-7","5754","10-ha",8318,810,2000,"D10",NA,NA,NA
"FF-7","5754","10-ha",8318,810,2001,"D10",NA,NA,NA
"FF-7","5754","10-ha",8318,810,2002,"D10",NA,NA,NA
"FF-7","5754","10-ha",8318,810,2003,"D10",NA,NA,NA
"FF-7","5754","10-ha",8318,810,2004,"D10",NA,NA,NA
"FF-7","5754","10-ha",8318,810,2005,"D10",NA,NA,NA
"FF-7","5754","10-ha",8318,810,2006,"D10",1,10,"sdlg (1)"
"FF-7","5754","10-ha",8319,811,1998,"A5",NA,NA,NA
"FF-7","5754","10-ha",8319,811,1999,"A5",NA,NA,NA
"FF-7","5754","10-ha",8319,811,2000,"A5",NA,NA,NA
"FF-7","5754","10-ha",8319,811,2001,"A5",NA,NA,NA
"FF-7","5754","10-ha",8319,811,2002,"A5",NA,NA,NA
"FF-7","5754","10-ha",8319,811,2003,"A5",3,28,"no tag (50)"
"FF-7","5754","10-ha",8319,811,2004,"A5",2,30,NA
"FF-7","5754","10-ha",8319,811,2005,"A5",3,30,NA
"FF-7","5754","10-ha",8319,811,2006,"A5",3,25,NA
"FF-7","5754","10-ha",8319,811,1998,"E9",NA,NA,NA
"FF-7","5754","10-ha",8319,811,1999,"E9",NA,NA,NA
"FF-7","5754","10-ha",8319,811,2000,"E9",NA,NA,NA
"FF-7","5754","10-ha",8319,811,2001,"E9",NA,NA,NA
"FF-7","5754","10-ha",8319,811,2002,"E9",NA,NA,NA
"FF-7","5754","10-ha",8319,811,2003,"E9",NA,NA,NA
"FF-7","5754","10-ha",8319,811,2004,"E9",NA,NA,NA
"FF-7","5754","10-ha",8319,811,2005,"E9",NA,NA,NA
"FF-7","5754","10-ha",8319,811,2006,"E9",2,38,"could be one of missing"
"FF-7","5754","10-ha",8320,812,2006,"B4",NA,NA,"dead (2)"
"FF-7","5754","10-ha",8320,812,2006,"D9",1,11,NA
"FF-7","5754","10-ha",8321,813,1998,"A5",NA,NA,NA
"FF-7","5754","10-ha",8321,813,1999,"A5",NA,NA,NA
"FF-7","5754","10-ha",8321,813,2000,"A5",NA,NA,NA
"FF-7","5754","10-ha",8321,813,2001,"A5",NA,NA,NA
"FF-7","5754","10-ha",8321,813,2002,"A5",NA,NA,NA
"FF-7","5754","10-ha",8321,813,2003,"A5",6,50,"ULY (3)"
"FF-7","5754","10-ha",8321,813,2004,"A5",7,135,NA
"FF-7","5754","10-ha",8321,813,2005,"A5",3,135,NA
"FF-7","5754","10-ha",8321,813,2006,"A5",4,115,NA
"FF-7","5754","10-ha",8321,813,1998,"A9",NA,NA,NA
"FF-7","5754","10-ha",8321,813,1999,"A9",NA,NA,NA
"FF-7","5754","10-ha",8321,813,2000,"A9",NA,NA,NA
"FF-7","5754","10-ha",8321,813,2001,"A9",NA,NA,NA
"FF-7","5754","10-ha",8321,813,2002,"A9",NA,NA,NA
"FF-7","5754","10-ha",8321,813,2003,"A9",NA,NA,NA
"FF-7","5754","10-ha",8321,813,2004,"A9",NA,NA,NA
"FF-7","5754","10-ha",8321,813,2005,"A9",NA,NA,NA
"FF-7","5754","10-ha",8321,813,2006,"A9",1,20,"ULY (3)"
"FF-7","5754","10-ha",8322,814,1998,"A5",NA,NA,NA
"FF-7","5754","10-ha",8322,814,1999,"A5",NA,NA,NA
"FF-7","5754","10-ha",8322,814,2000,"A5",NA,NA,NA
"FF-7","5754","10-ha",8322,814,2001,"A5",NA,NA,NA
"FF-7","5754","10-ha",8322,814,2002,"A5",NA,NA,NA
"FF-7","5754","10-ha",8322,814,2003,"A5",6,25,NA
"FF-7","5754","10-ha",8322,814,2004,"A5",5,61,NA
"FF-7","5754","10-ha",8322,814,2005,"A5",4,57,NA
"FF-7","5754","10-ha",8322,814,2006,"A5",6,60,"actually in A6"
"FF-7","5754","10-ha",8322,814,1998,"A8",NA,NA,NA
"FF-7","5754","10-ha",8322,814,1999,"A8",NA,NA,NA
"FF-7","5754","10-ha",8322,814,2000,"A8",NA,NA,NA
"FF-7","5754","10-ha",8322,814,2001,"A8",NA,NA,NA
"FF-7","5754","10-ha",8322,814,2002,"A8",NA,NA,NA
"FF-7","5754","10-ha",8322,814,2003,"A8",NA,NA,NA
"FF-7","5754","10-ha",8322,814,2004,"A8",NA,NA,NA
"FF-7","5754","10-ha",8322,814,2005,"A8",NA,NA,NA
"FF-7","5754","10-ha",8322,814,2006,"A8",2,22,"under branchfall (90)"
"FF-7","5754","10-ha",8324,816,1998,"A8",NA,NA,NA
"FF-7","5754","10-ha",8324,816,1999,"A8",NA,NA,NA
"FF-7","5754","10-ha",8324,816,2000,"A8",NA,NA,NA
"FF-7","5754","10-ha",8324,816,2001,"A8",NA,NA,NA
"FF-7","5754","10-ha",8324,816,2002,"A8",NA,NA,NA
"FF-7","5754","10-ha",8324,816,2003,"A8",NA,NA,NA
"FF-7","5754","10-ha",8324,816,2004,"A8",NA,NA,NA
"FF-7","5754","10-ha",8324,816,2005,"A8",NA,NA,NA
"FF-7","5754","10-ha",8324,816,2006,"A8",1,7,NA
"FF-7","5754","10-ha",8324,816,1998,"C3",NA,NA,NA
"FF-7","5754","10-ha",8324,816,1999,"C3",NA,NA,NA
"FF-7","5754","10-ha",8324,816,2000,"C3",NA,NA,NA
"FF-7","5754","10-ha",8324,816,2001,"C3",NA,NA,NA
"FF-7","5754","10-ha",8324,816,2002,"C3",NA,NA,NA
"FF-7","5754","10-ha",8324,816,2003,"C3",3,39,"ULY (3)"
"FF-7","5754","10-ha",8324,816,2004,"C3",5,42,NA
"FF-7","5754","10-ha",8324,816,2005,"C3",4,60,NA
"FF-7","5754","10-ha",8324,816,2006,"C3",6,67,NA
"FF-7","5754","10-ha",8325,817,1998,"B7",NA,NA,NA
"FF-7","5754","10-ha",8325,817,1999,"B7",NA,NA,NA
"FF-7","5754","10-ha",8325,817,2000,"B7",NA,NA,NA
"FF-7","5754","10-ha",8325,817,2001,"B7",NA,NA,NA
"FF-7","5754","10-ha",8325,817,2002,"B7",NA,NA,NA
"FF-7","5754","10-ha",8325,817,2003,"B7",NA,NA,NA
"FF-7","5754","10-ha",8325,817,2004,"B7",NA,NA,NA
"FF-7","5754","10-ha",8325,817,2005,"B7",NA,NA,NA
"FF-7","5754","10-ha",8325,817,2006,"B7",2,43,"no tag (50)"
"FF-7","5754","10-ha",8325,817,1998,"C9",3,46,NA
"FF-7","5754","10-ha",8325,817,1999,"C9",4,74,NA
"FF-7","5754","10-ha",8325,817,2000,"C9",4,82,NA
"FF-7","5754","10-ha",8325,817,2001,"C9",5,70,NA
"FF-7","5754","10-ha",8325,817,2002,"C9",NA,NA,NA
"FF-7","5754","10-ha",8325,817,2003,"C9",4,71,NA
"FF-7","5754","10-ha",8325,817,2004,"C9",6,72,NA
"FF-7","5754","10-ha",8325,817,2005,"C9",4,56,NA
"FF-7","5754","10-ha",8325,817,2006,"C9",3,65,NA
"FF-7","5754","10-ha",8326,818,1998,"B7",NA,NA,NA
"FF-7","5754","10-ha",8326,818,1998,"B7",NA,NA,NA
"FF-7","5754","10-ha",8326,818,1998,"B7",NA,NA,NA
"FF-7","5754","10-ha",8326,818,1998,"B7",NA,NA,NA
"FF-7","5754","10-ha",8326,818,1998,"B7",NA,NA,NA
"FF-7","5754","10-ha",8326,818,1998,"B7",NA,NA,NA
"FF-7","5754","10-ha",8326,818,1998,"B7",NA,NA,NA
"FF-7","5754","10-ha",8326,818,1998,"B7",NA,NA,NA
"FF-7","5754","10-ha",8326,818,1998,"B7",NA,NA,NA
"FF-7","5754","10-ha",8326,818,1998,"B7",NA,NA,NA
"FF-7","5754","10-ha",8326,818,1998,"B7",NA,NA,NA
"FF-7","5754","10-ha",8326,818,1998,"B7",NA,NA,NA
"FF-7","5754","10-ha",8326,818,1998,"B7",NA,NA,NA
"FF-7","5754","10-ha",8326,818,1998,"B7",NA,NA,NA
"FF-7","5754","10-ha",8326,818,1998,"B7",NA,NA,NA
"FF-7","5754","10-ha",8326,818,1998,"B7",NA,NA,NA
"FF-7","5754","10-ha",8326,818,1999,"B7",NA,NA,NA
"FF-7","5754","10-ha",8326,818,1999,"B7",NA,NA,NA
"FF-7","5754","10-ha",8326,818,1999,"B7",NA,NA,NA
"FF-7","5754","10-ha",8326,818,1999,"B7",NA,NA,NA
"FF-7","5754","10-ha",8326,818,1999,"B7",NA,NA,NA
"FF-7","5754","10-ha",8326,818,1999,"B7",NA,NA,NA
"FF-7","5754","10-ha",8326,818,1999,"B7",NA,NA,NA
"FF-7","5754","10-ha",8326,818,1999,"B7",NA,NA,NA
"FF-7","5754","10-ha",8326,818,1999,"B7",NA,NA,NA
"FF-7","5754","10-ha",8326,818,1999,"B7",NA,NA,NA
"FF-7","5754","10-ha",8326,818,1999,"B7",NA,NA,NA
"FF-7","5754","10-ha",8326,818,1999,"B7",NA,NA,NA
"FF-7","5754","10-ha",8326,818,1999,"B7",NA,NA,NA
"FF-7","5754","10-ha",8326,818,1999,"B7",NA,NA,NA
"FF-7","5754","10-ha",8326,818,1999,"B7",NA,NA,NA
"FF-7","5754","10-ha",8326,818,1999,"B7",NA,NA,NA
"FF-7","5754","10-ha",8326,818,2000,"B7",NA,NA,NA
"FF-7","5754","10-ha",8326,818,2000,"B7",NA,NA,NA
"FF-7","5754","10-ha",8326,818,2000,"B7",NA,NA,NA
"FF-7","5754","10-ha",8326,818,2000,"B7",NA,NA,NA
"FF-7","5754","10-ha",8326,818,2000,"B7",NA,NA,NA
"FF-7","5754","10-ha",8326,818,2000,"B7",NA,NA,NA
"FF-7","5754","10-ha",8326,818,2000,"B7",NA,NA,NA
"FF-7","5754","10-ha",8326,818,2000,"B7",NA,NA,NA
"FF-7","5754","10-ha",8326,818,2000,"B7",NA,NA,NA
"FF-7","5754","10-ha",8326,818,2000,"B7",NA,NA,NA
"FF-7","5754","10-ha",8326,818,2000,"B7",NA,NA,NA
"FF-7","5754","10-ha",8326,818,2000,"B7",NA,NA,NA
"FF-7","5754","10-ha",8326,818,2000,"B7",NA,NA,NA
"FF-7","5754","10-ha",8326,818,2000,"B7",NA,NA,NA
"FF-7","5754","10-ha",8326,818,2000,"B7",NA,NA,NA
"FF-7","5754","10-ha",8326,818,2000,"B7",NA,NA,NA
"FF-7","5754","10-ha",8326,818,2001,"B7",NA,NA,NA
"FF-7","5754","10-ha",8326,818,2001,"B7",NA,NA,NA
"FF-7","5754","10-ha",8326,818,2001,"B7",NA,NA,NA
"FF-7","5754","10-ha",8326,818,2001,"B7",NA,NA,NA
"FF-7","5754","10-ha",8326,818,2001,"B7",NA,NA,NA
"FF-7","5754","10-ha",8326,818,2001,"B7",NA,NA,NA
"FF-7","5754","10-ha",8326,818,2001,"B7",NA,NA,NA
"FF-7","5754","10-ha",8326,818,2001,"B7",NA,NA,NA
"FF-7","5754","10-ha",8326,818,2001,"B7",NA,NA,NA
"FF-7","5754","10-ha",8326,818,2001,"B7",NA,NA,NA
"FF-7","5754","10-ha",8326,818,2001,"B7",NA,NA,NA
"FF-7","5754","10-ha",8326,818,2001,"B7",NA,NA,NA
"FF-7","5754","10-ha",8326,818,2001,"B7",NA,NA,NA
"FF-7","5754","10-ha",8326,818,2001,"B7",NA,NA,NA
"FF-7","5754","10-ha",8326,818,2001,"B7",NA,NA,NA
"FF-7","5754","10-ha",8326,818,2001,"B7",NA,NA,NA
"FF-7","5754","10-ha",8326,818,2002,"B7",NA,NA,NA
"FF-7","5754","10-ha",8326,818,2002,"B7",NA,NA,NA
"FF-7","5754","10-ha",8326,818,2002,"B7",NA,NA,NA
"FF-7","5754","10-ha",8326,818,2002,"B7",NA,NA,NA
"FF-7","5754","10-ha",8326,818,2002,"B7",NA,NA,NA
"FF-7","5754","10-ha",8326,818,2002,"B7",NA,NA,NA
"FF-7","5754","10-ha",8326,818,2002,"B7",NA,NA,NA
"FF-7","5754","10-ha",8326,818,2002,"B7",NA,NA,NA
"FF-7","5754","10-ha",8326,818,2002,"B7",NA,NA,NA
"FF-7","5754","10-ha",8326,818,2002,"B7",NA,NA,NA
"FF-7","5754","10-ha",8326,818,2002,"B7",NA,NA,NA
"FF-7","5754","10-ha",8326,818,2002,"B7",NA,NA,NA
"FF-7","5754","10-ha",8326,818,2002,"B7",NA,NA,NA
"FF-7","5754","10-ha",8326,818,2002,"B7",NA,NA,NA
"FF-7","5754","10-ha",8326,818,2002,"B7",NA,NA,NA
"FF-7","5754","10-ha",8326,818,2002,"B7",NA,NA,NA
"FF-7","5754","10-ha",8326,818,2003,"B7",3,70,"ULY (3)"
"FF-7","5754","10-ha",8326,818,2003,"B7",3,70,"ULY (3)"
"FF-7","5754","10-ha",8326,818,2003,"B7",3,70,"ULY (3)"
"FF-7","5754","10-ha",8326,818,2003,"B7",3,70,"ULY (3)"
"FF-7","5754","10-ha",8326,818,2003,"B7",3,70,"ULY (3)"
"FF-7","5754","10-ha",8326,818,2003,"B7",3,70,"ULY (3)"
"FF-7","5754","10-ha",8326,818,2003,"B7",3,70,"ULY (3)"
"FF-7","5754","10-ha",8326,818,2003,"B7",3,70,"ULY (3)"
"FF-7","5754","10-ha",8326,818,2003,"B7",3,70,"ULY (3)"
"FF-7","5754","10-ha",8326,818,2003,"B7",3,70,"ULY (3)"
"FF-7","5754","10-ha",8326,818,2003,"B7",3,70,"ULY (3)"
"FF-7","5754","10-ha",8326,818,2003,"B7",3,70,"ULY (3)"
"FF-7","5754","10-ha",8326,818,2003,"B7",3,70,"ULY (3)"
"FF-7","5754","10-ha",8326,818,2003,"B7",3,70,"ULY (3)"
"FF-7","5754","10-ha",8326,818,2003,"B7",3,70,"ULY (3)"
"FF-7","5754","10-ha",8326,818,2003,"B7",3,70,"ULY (3)"
"FF-7","5754","10-ha",8326,818,2004,"B7",4,93,NA
"FF-7","5754","10-ha",8326,818,2004,"B7",4,93,NA
"FF-7","5754","10-ha",8326,818,2004,"B7",4,93,NA
"FF-7","5754","10-ha",8326,818,2004,"B7",4,93,NA
"FF-7","5754","10-ha",8326,818,2004,"B7",4,93,NA
"FF-7","5754","10-ha",8326,818,2004,"B7",4,93,NA
"FF-7","5754","10-ha",8326,818,2004,"B7",4,93,NA
"FF-7","5754","10-ha",8326,818,2004,"B7",4,93,NA
"FF-7","5754","10-ha",8326,818,2004,"B7",4,93,NA
"FF-7","5754","10-ha",8326,818,2004,"B7",4,93,NA
"FF-7","5754","10-ha",8326,818,2004,"B7",4,93,NA
"FF-7","5754","10-ha",8326,818,2004,"B7",4,93,NA
"FF-7","5754","10-ha",8326,818,2004,"B7",4,93,NA
"FF-7","5754","10-ha",8326,818,2004,"B7",4,93,NA
"FF-7","5754","10-ha",8326,818,2004,"B7",4,93,NA
"FF-7","5754","10-ha",8326,818,2004,"B7",4,93,NA
"FF-7","5754","10-ha",8326,818,2005,"B7",4,80,NA
"FF-7","5754","10-ha",8326,818,2005,"B7",4,80,NA
"FF-7","5754","10-ha",8326,818,2005,"B7",4,80,NA
"FF-7","5754","10-ha",8326,818,2005,"B7",4,80,NA
"FF-7","5754","10-ha",8326,818,2005,"B7",4,80,NA
"FF-7","5754","10-ha",8326,818,2005,"B7",4,80,NA
"FF-7","5754","10-ha",8326,818,2005,"B7",4,80,NA
"FF-7","5754","10-ha",8326,818,2005,"B7",4,80,NA
"FF-7","5754","10-ha",8326,818,2005,"B7",4,80,NA
"FF-7","5754","10-ha",8326,818,2005,"B7",4,80,NA
"FF-7","5754","10-ha",8326,818,2005,"B7",4,80,NA
"FF-7","5754","10-ha",8326,818,2005,"B7",4,80,NA
"FF-7","5754","10-ha",8326,818,2005,"B7",4,80,NA
"FF-7","5754","10-ha",8326,818,2005,"B7",4,80,NA
"FF-7","5754","10-ha",8326,818,2005,"B7",4,80,NA
"FF-7","5754","10-ha",8326,818,2005,"B7",4,80,NA
"FF-7","5754","10-ha",8326,818,2006,"B7",1,42,"under treefall (80)"
"FF-7","5754","10-ha",8326,818,2006,"B7",1,42,"under treefall (80)"
"FF-7","5754","10-ha",8326,818,2006,"B7",2,42,"under treefall (80)"
"FF-7","5754","10-ha",8326,818,2006,"B7",2,42,"under treefall (80)"
"FF-7","5754","10-ha",8326,818,2006,"B7",1,50,"under treefall (80)"
"FF-7","5754","10-ha",8326,818,2006,"B7",1,50,"under treefall (80)"
"FF-7","5754","10-ha",8326,818,2006,"B7",2,50,"under treefall (80)"
"FF-7","5754","10-ha",8326,818,2006,"B7",2,50,"under treefall (80)"
"FF-7","5754","10-ha",8327,819,1998,"B7",NA,NA,NA
"FF-7","5754","10-ha",8327,819,1999,"B7",NA,NA,NA
"FF-7","5754","10-ha",8327,819,2000,"B7",NA,NA,NA
"FF-7","5754","10-ha",8327,819,2001,"B7",NA,NA,NA
"FF-7","5754","10-ha",8327,819,2002,"B7",NA,NA,NA
"FF-7","5754","10-ha",8327,819,2003,"B7",2,17,"ULY (3)"
"FF-7","5754","10-ha",8327,819,2004,"B7",2,25,NA
"FF-7","5754","10-ha",8327,819,2005,"B7",2,30,NA
"FF-7","5754","10-ha",8327,819,2006,"B7",1,31,NA
"FF-7","5754","10-ha",8327,819,1998,"B8",NA,NA,NA
"FF-7","5754","10-ha",8327,819,1999,"B8",NA,NA,NA
"FF-7","5754","10-ha",8327,819,2000,"B8",NA,NA,NA
"FF-7","5754","10-ha",8327,819,2001,"B8",NA,NA,NA
"FF-7","5754","10-ha",8327,819,2002,"B8",NA,NA,NA
"FF-7","5754","10-ha",8327,819,2003,"B8",NA,NA,NA
"FF-7","5754","10-ha",8327,819,2004,"B8",NA,NA,NA
"FF-7","5754","10-ha",8327,819,2005,"B8",NA,NA,NA
"FF-7","5754","10-ha",8327,819,2006,"B8",1,10,"plant missing (60)"
"FF-7","5754","10-ha",8328,820,1998,"B7",NA,NA,NA
"FF-7","5754","10-ha",8328,820,1999,"B7",NA,NA,NA
"FF-7","5754","10-ha",8328,820,2000,"B7",NA,NA,NA
"FF-7","5754","10-ha",8328,820,2001,"B7",NA,NA,NA
"FF-7","5754","10-ha",8328,820,2002,"B7",NA,NA,NA
"FF-7","5754","10-ha",8328,820,2003,"B7",1,20,"ULY (3)"
"FF-7","5754","10-ha",8328,820,2004,"B7",2,24,NA
"FF-7","5754","10-ha",8328,820,2005,"B7",2,25,NA
"FF-7","5754","10-ha",8328,820,2006,"B7",NA,NA,"plant missing (60)"
"FF-7","5754","10-ha",8328,820,1998,"B8",NA,NA,NA
"FF-7","5754","10-ha",8328,820,1999,"B8",NA,NA,NA
"FF-7","5754","10-ha",8328,820,2000,"B8",NA,NA,NA
"FF-7","5754","10-ha",8328,820,2001,"B8",NA,NA,NA
"FF-7","5754","10-ha",8328,820,2002,"B8",NA,NA,NA
"FF-7","5754","10-ha",8328,820,2003,"B8",NA,NA,NA
"FF-7","5754","10-ha",8328,820,2004,"B8",NA,NA,NA
"FF-7","5754","10-ha",8328,820,2005,"B8",NA,NA,NA
"FF-7","5754","10-ha",8328,820,2006,"B8",3,70,"plant missing (60)"
"FF-7","5754","10-ha",8329,821,1998,"B6",NA,NA,NA
"FF-7","5754","10-ha",8329,821,1999,"B6",NA,NA,NA
"FF-7","5754","10-ha",8329,821,2000,"B6",NA,NA,NA
"FF-7","5754","10-ha",8329,821,2001,"B6",NA,NA,NA
"FF-7","5754","10-ha",8329,821,2002,"B6",NA,NA,NA
"FF-7","5754","10-ha",8329,821,2003,"B6",1,11,"sdlg (1)"
"FF-7","5754","10-ha",8329,821,2004,"B6",1,9,NA
"FF-7","5754","10-ha",8329,821,2005,"B6",1,26,NA
"FF-7","5754","10-ha",8329,821,2006,"B6",1,9,NA
"FF-7","5754","10-ha",8329,821,1998,"B8",NA,NA,NA
"FF-7","5754","10-ha",8329,821,1999,"B8",NA,NA,NA
"FF-7","5754","10-ha",8329,821,2000,"B8",NA,NA,NA
"FF-7","5754","10-ha",8329,821,2001,"B8",NA,NA,NA
"FF-7","5754","10-ha",8329,821,2002,"B8",NA,NA,NA
"FF-7","5754","10-ha",8329,821,2003,"B8",NA,NA,NA
"FF-7","5754","10-ha",8329,821,2004,"B8",NA,NA,NA
"FF-7","5754","10-ha",8329,821,2005,"B8",NA,NA,NA
"FF-7","5754","10-ha",8329,821,2006,"B8",1,10,"plant missing (60)"
"FF-7","5754","10-ha",8330,822,1998,"B6",NA,NA,NA
"FF-7","5754","10-ha",8330,822,1999,"B6",NA,NA,NA
"FF-7","5754","10-ha",8330,822,2000,"B6",NA,NA,NA
"FF-7","5754","10-ha",8330,822,2001,"B6",NA,NA,NA
"FF-7","5754","10-ha",8330,822,2002,"B6",NA,NA,NA
"FF-7","5754","10-ha",8330,822,2003,"B6",1,4,"sdlg (1)"
"FF-7","5754","10-ha",8330,822,2004,"B6",1,5,NA
"FF-7","5754","10-ha",8330,822,2005,"B6",1,10,NA
"FF-7","5754","10-ha",8330,822,2006,"B6",1,8,NA
"FF-7","5754","10-ha",8330,822,1998,"D7",NA,NA,NA
"FF-7","5754","10-ha",8330,822,1999,"D7",NA,NA,NA
"FF-7","5754","10-ha",8330,822,2000,"D7",NA,NA,NA
"FF-7","5754","10-ha",8330,822,2001,"D7",NA,NA,NA
"FF-7","5754","10-ha",8330,822,2002,"D7",NA,NA,NA
"FF-7","5754","10-ha",8330,822,2003,"D7",NA,NA,NA
"FF-7","5754","10-ha",8330,822,2004,"D7",NA,NA,NA
"FF-7","5754","10-ha",8330,822,2005,"D7",NA,NA,NA
"FF-7","5754","10-ha",8330,822,2006,"D7",3,29,"could be one of missing"
"FF-7","5754","10-ha",8331,823,1998,"B7",NA,NA,NA
"FF-7","5754","10-ha",8331,823,1999,"B7",NA,NA,NA
"FF-7","5754","10-ha",8331,823,2000,"B7",NA,NA,NA
"FF-7","5754","10-ha",8331,823,2001,"B7",NA,NA,NA
"FF-7","5754","10-ha",8331,823,2002,"B7",NA,NA,NA
"FF-7","5754","10-ha",8331,823,2003,"B7",1,1,"sdlg (1)"
"FF-7","5754","10-ha",8331,823,1998,"C7",NA,NA,NA
"FF-7","5754","10-ha",8331,823,1999,"C7",NA,NA,NA
"FF-7","5754","10-ha",8331,823,2000,"C7",NA,NA,NA
"FF-7","5754","10-ha",8331,823,2001,"C7",NA,NA,NA
"FF-7","5754","10-ha",8331,823,2002,"C7",NA,NA,NA
"FF-7","5754","10-ha",8331,823,2003,"C7",NA,NA,NA
"FF-7","5754","10-ha",8332,824,1998,"B7",NA,NA,NA
"FF-7","5754","10-ha",8332,824,1999,"B7",NA,NA,NA
"FF-7","5754","10-ha",8332,824,2000,"B7",NA,NA,NA
"FF-7","5754","10-ha",8332,824,2001,"B7",NA,NA,NA
"FF-7","5754","10-ha",8332,824,2002,"B7",NA,NA,NA
"FF-7","5754","10-ha",8332,824,2003,"B7",1,1,"sdlg (1)"
"FF-7","5754","10-ha",8332,824,1998,"C7",NA,NA,NA
"FF-7","5754","10-ha",8332,824,1999,"C7",NA,NA,NA
"FF-7","5754","10-ha",8332,824,2000,"C7",NA,NA,NA
"FF-7","5754","10-ha",8332,824,2001,"C7",NA,NA,NA
"FF-7","5754","10-ha",8332,824,2002,"C7",NA,NA,NA
"FF-7","5754","10-ha",8332,824,2003,"C7",NA,NA,NA
"FF-7","5754","10-ha",8333,825,1998,"B7",NA,NA,NA
"FF-7","5754","10-ha",8333,825,1998,"B7",NA,NA,NA
"FF-7","5754","10-ha",8333,825,1998,"B7",NA,NA,NA
"FF-7","5754","10-ha",8333,825,1998,"B7",NA,NA,NA
"FF-7","5754","10-ha",8333,825,1998,"B7",NA,NA,NA
"FF-7","5754","10-ha",8333,825,1998,"B7",NA,NA,NA
"FF-7","5754","10-ha",8333,825,1998,"B7",NA,NA,NA
"FF-7","5754","10-ha",8333,825,1998,"B7",NA,NA,NA
"FF-7","5754","10-ha",8333,825,1998,"B7",NA,NA,NA
"FF-7","5754","10-ha",8333,825,1998,"B7",NA,NA,NA
"FF-7","5754","10-ha",8333,825,1998,"B7",NA,NA,NA
"FF-7","5754","10-ha",8333,825,1998,"B7",NA,NA,NA
"FF-7","5754","10-ha",8333,825,1998,"B7",NA,NA,NA
"FF-7","5754","10-ha",8333,825,1998,"B7",NA,NA,NA
"FF-7","5754","10-ha",8333,825,1998,"B7",NA,NA,NA
"FF-7","5754","10-ha",8333,825,1998,"B7",NA,NA,NA
"FF-7","5754","10-ha",8333,825,1999,"B7",NA,NA,NA
"FF-7","5754","10-ha",8333,825,1999,"B7",NA,NA,NA
"FF-7","5754","10-ha",8333,825,1999,"B7",NA,NA,NA
"FF-7","5754","10-ha",8333,825,1999,"B7",NA,NA,NA
"FF-7","5754","10-ha",8333,825,1999,"B7",NA,NA,NA
"FF-7","5754","10-ha",8333,825,1999,"B7",NA,NA,NA
"FF-7","5754","10-ha",8333,825,1999,"B7",NA,NA,NA
"FF-7","5754","10-ha",8333,825,1999,"B7",NA,NA,NA
"FF-7","5754","10-ha",8333,825,1999,"B7",NA,NA,NA
"FF-7","5754","10-ha",8333,825,1999,"B7",NA,NA,NA
"FF-7","5754","10-ha",8333,825,1999,"B7",NA,NA,NA
"FF-7","5754","10-ha",8333,825,1999,"B7",NA,NA,NA
"FF-7","5754","10-ha",8333,825,1999,"B7",NA,NA,NA
"FF-7","5754","10-ha",8333,825,1999,"B7",NA,NA,NA
"FF-7","5754","10-ha",8333,825,1999,"B7",NA,NA,NA
"FF-7","5754","10-ha",8333,825,1999,"B7",NA,NA,NA
"FF-7","5754","10-ha",8333,825,2000,"B7",NA,NA,NA
"FF-7","5754","10-ha",8333,825,2000,"B7",NA,NA,NA
"FF-7","5754","10-ha",8333,825,2000,"B7",NA,NA,NA
"FF-7","5754","10-ha",8333,825,2000,"B7",NA,NA,NA
"FF-7","5754","10-ha",8333,825,2000,"B7",NA,NA,NA
"FF-7","5754","10-ha",8333,825,2000,"B7",NA,NA,NA
"FF-7","5754","10-ha",8333,825,2000,"B7",NA,NA,NA
"FF-7","5754","10-ha",8333,825,2000,"B7",NA,NA,NA
"FF-7","5754","10-ha",8333,825,2000,"B7",NA,NA,NA
"FF-7","5754","10-ha",8333,825,2000,"B7",NA,NA,NA
"FF-7","5754","10-ha",8333,825,2000,"B7",NA,NA,NA
"FF-7","5754","10-ha",8333,825,2000,"B7",NA,NA,NA
"FF-7","5754","10-ha",8333,825,2000,"B7",NA,NA,NA
"FF-7","5754","10-ha",8333,825,2000,"B7",NA,NA,NA
"FF-7","5754","10-ha",8333,825,2000,"B7",NA,NA,NA
"FF-7","5754","10-ha",8333,825,2000,"B7",NA,NA,NA
"FF-7","5754","10-ha",8333,825,2001,"B7",NA,NA,NA
"FF-7","5754","10-ha",8333,825,2001,"B7",NA,NA,NA
"FF-7","5754","10-ha",8333,825,2001,"B7",NA,NA,NA
"FF-7","5754","10-ha",8333,825,2001,"B7",NA,NA,NA
"FF-7","5754","10-ha",8333,825,2001,"B7",NA,NA,NA
"FF-7","5754","10-ha",8333,825,2001,"B7",NA,NA,NA
"FF-7","5754","10-ha",8333,825,2001,"B7",NA,NA,NA
"FF-7","5754","10-ha",8333,825,2001,"B7",NA,NA,NA
"FF-7","5754","10-ha",8333,825,2001,"B7",NA,NA,NA
"FF-7","5754","10-ha",8333,825,2001,"B7",NA,NA,NA
"FF-7","5754","10-ha",8333,825,2001,"B7",NA,NA,NA
"FF-7","5754","10-ha",8333,825,2001,"B7",NA,NA,NA
"FF-7","5754","10-ha",8333,825,2001,"B7",NA,NA,NA
"FF-7","5754","10-ha",8333,825,2001,"B7",NA,NA,NA
"FF-7","5754","10-ha",8333,825,2001,"B7",NA,NA,NA
"FF-7","5754","10-ha",8333,825,2001,"B7",NA,NA,NA
"FF-7","5754","10-ha",8333,825,2002,"B7",NA,NA,NA
"FF-7","5754","10-ha",8333,825,2002,"B7",NA,NA,NA
"FF-7","5754","10-ha",8333,825,2002,"B7",NA,NA,NA
"FF-7","5754","10-ha",8333,825,2002,"B7",NA,NA,NA
"FF-7","5754","10-ha",8333,825,2002,"B7",NA,NA,NA
"FF-7","5754","10-ha",8333,825,2002,"B7",NA,NA,NA
"FF-7","5754","10-ha",8333,825,2002,"B7",NA,NA,NA
"FF-7","5754","10-ha",8333,825,2002,"B7",NA,NA,NA
"FF-7","5754","10-ha",8333,825,2002,"B7",NA,NA,NA
"FF-7","5754","10-ha",8333,825,2002,"B7",NA,NA,NA
"FF-7","5754","10-ha",8333,825,2002,"B7",NA,NA,NA
"FF-7","5754","10-ha",8333,825,2002,"B7",NA,NA,NA
"FF-7","5754","10-ha",8333,825,2002,"B7",NA,NA,NA
"FF-7","5754","10-ha",8333,825,2002,"B7",NA,NA,NA
"FF-7","5754","10-ha",8333,825,2002,"B7",NA,NA,NA
"FF-7","5754","10-ha",8333,825,2002,"B7",NA,NA,NA
"FF-7","5754","10-ha",8333,825,2003,"B7",3,38,"ULY (3)"
"FF-7","5754","10-ha",8333,825,2003,"B7",3,38,"ULY (3)"
"FF-7","5754","10-ha",8333,825,2003,"B7",3,38,"ULY (3)"
"FF-7","5754","10-ha",8333,825,2003,"B7",3,38,"ULY (3)"
"FF-7","5754","10-ha",8333,825,2003,"B7",3,38,"ULY (3)"
"FF-7","5754","10-ha",8333,825,2003,"B7",3,38,"ULY (3)"
"FF-7","5754","10-ha",8333,825,2003,"B7",3,38,"ULY (3)"
"FF-7","5754","10-ha",8333,825,2003,"B7",3,38,"ULY (3)"
"FF-7","5754","10-ha",8333,825,2003,"B7",3,38,"ULY (3)"
"FF-7","5754","10-ha",8333,825,2003,"B7",3,38,"ULY (3)"
"FF-7","5754","10-ha",8333,825,2003,"B7",3,38,"ULY (3)"
"FF-7","5754","10-ha",8333,825,2003,"B7",3,38,"ULY (3)"
"FF-7","5754","10-ha",8333,825,2003,"B7",3,38,"ULY (3)"
"FF-7","5754","10-ha",8333,825,2003,"B7",3,38,"ULY (3)"
"FF-7","5754","10-ha",8333,825,2003,"B7",3,38,"ULY (3)"
"FF-7","5754","10-ha",8333,825,2003,"B7",3,38,"ULY (3)"
"FF-7","5754","10-ha",8333,825,2004,"B7",6,28,NA
"FF-7","5754","10-ha",8333,825,2004,"B7",6,28,NA
"FF-7","5754","10-ha",8333,825,2004,"B7",6,28,NA
"FF-7","5754","10-ha",8333,825,2004,"B7",6,28,NA
"FF-7","5754","10-ha",8333,825,2004,"B7",6,28,NA
"FF-7","5754","10-ha",8333,825,2004,"B7",6,28,NA
"FF-7","5754","10-ha",8333,825,2004,"B7",6,28,NA
"FF-7","5754","10-ha",8333,825,2004,"B7",6,28,NA
"FF-7","5754","10-ha",8333,825,2004,"B7",6,28,NA
"FF-7","5754","10-ha",8333,825,2004,"B7",6,28,NA
"FF-7","5754","10-ha",8333,825,2004,"B7",6,28,NA
"FF-7","5754","10-ha",8333,825,2004,"B7",6,28,NA
"FF-7","5754","10-ha",8333,825,2004,"B7",6,28,NA
"FF-7","5754","10-ha",8333,825,2004,"B7",6,28,NA
"FF-7","5754","10-ha",8333,825,2004,"B7",6,28,NA
"FF-7","5754","10-ha",8333,825,2004,"B7",6,28,NA
"FF-7","5754","10-ha",8333,825,2005,"B7",3,60,NA
"FF-7","5754","10-ha",8333,825,2005,"B7",3,60,NA
"FF-7","5754","10-ha",8333,825,2005,"B7",3,60,NA
"FF-7","5754","10-ha",8333,825,2005,"B7",3,60,NA
"FF-7","5754","10-ha",8333,825,2005,"B7",3,60,NA
"FF-7","5754","10-ha",8333,825,2005,"B7",3,60,NA
"FF-7","5754","10-ha",8333,825,2005,"B7",3,60,NA
"FF-7","5754","10-ha",8333,825,2005,"B7",3,60,NA
"FF-7","5754","10-ha",8333,825,2005,"B7",3,60,NA
"FF-7","5754","10-ha",8333,825,2005,"B7",3,60,NA
"FF-7","5754","10-ha",8333,825,2005,"B7",3,60,NA
"FF-7","5754","10-ha",8333,825,2005,"B7",3,60,NA
"FF-7","5754","10-ha",8333,825,2005,"B7",3,60,NA
"FF-7","5754","10-ha",8333,825,2005,"B7",3,60,NA
"FF-7","5754","10-ha",8333,825,2005,"B7",3,60,NA
"FF-7","5754","10-ha",8333,825,2005,"B7",3,60,NA
"FF-7","5754","10-ha",8333,825,2006,"B7",2,26,"plant missing (60)"
"FF-7","5754","10-ha",8333,825,2006,"B7",2,26,"plant missing (60)"
"FF-7","5754","10-ha",8333,825,2006,"B7",3,26,"plant missing (60)"
"FF-7","5754","10-ha",8333,825,2006,"B7",3,26,"plant missing (60)"
"FF-7","5754","10-ha",8333,825,2006,"B7",2,54,"plant missing (60)"
"FF-7","5754","10-ha",8333,825,2006,"B7",2,54,"plant missing (60)"
"FF-7","5754","10-ha",8333,825,2006,"B7",3,54,"plant missing (60)"
"FF-7","5754","10-ha",8333,825,2006,"B7",3,54,"plant missing (60)"
"FF-7","5754","10-ha",8334,826,1998,"B7",NA,NA,NA
"FF-7","5754","10-ha",8334,826,1999,"B7",NA,NA,NA
"FF-7","5754","10-ha",8334,826,2000,"B7",NA,NA,NA
"FF-7","5754","10-ha",8334,826,2001,"B7",NA,NA,NA
"FF-7","5754","10-ha",8334,826,2002,"B7",NA,NA,NA
"FF-7","5754","10-ha",8334,826,2003,"B7",3,57,"no tag (50)"
"FF-7","5754","10-ha",8334,826,2004,"B7",3,71,NA
"FF-7","5754","10-ha",8334,826,2005,"B7",NA,NA,NA
"FF-7","5754","10-ha",8334,826,2006,"B7",NA,NA,"plant missing (60)"
"FF-7","5754","10-ha",8334,826,1998,"C5",NA,NA,NA
"FF-7","5754","10-ha",8334,826,1999,"C5",NA,NA,NA
"FF-7","5754","10-ha",8334,826,2000,"C5",NA,NA,NA
"FF-7","5754","10-ha",8334,826,2001,"C5",NA,NA,NA
"FF-7","5754","10-ha",8334,826,2002,"C5",NA,NA,NA
"FF-7","5754","10-ha",8334,826,2003,"C5",NA,NA,NA
"FF-7","5754","10-ha",8334,826,2004,"C5",NA,NA,NA
"FF-7","5754","10-ha",8334,826,2005,"C5",NA,NA,NA
"FF-7","5754","10-ha",8334,826,2006,"C5",1,8,"sdlg (1)"
"FF-7","5754","10-ha",8335,827,1998,"B9",NA,NA,NA
"FF-7","5754","10-ha",8335,827,1999,"B9",NA,NA,NA
"FF-7","5754","10-ha",8335,827,2000,"B9",NA,NA,NA
"FF-7","5754","10-ha",8335,827,2001,"B9",NA,NA,NA
"FF-7","5754","10-ha",8335,827,2002,"B9",NA,NA,NA
"FF-7","5754","10-ha",8335,827,2003,"B9",1,8,"sdlg (1)"
"FF-7","5754","10-ha",8335,827,2004,"B9",1,9,NA
"FF-7","5754","10-ha",8335,827,2005,"B9",1,17,NA
"FF-7","5754","10-ha",8335,827,2006,"B9",1,14,NA
"FF-7","5754","10-ha",8335,827,1998,"C5",NA,NA,NA
"FF-7","5754","10-ha",8335,827,1999,"C5",NA,NA,NA
"FF-7","5754","10-ha",8335,827,2000,"C5",NA,NA,NA
"FF-7","5754","10-ha",8335,827,2001,"C5",NA,NA,NA
"FF-7","5754","10-ha",8335,827,2002,"C5",NA,NA,NA
"FF-7","5754","10-ha",8335,827,2003,"C5",NA,NA,NA
"FF-7","5754","10-ha",8335,827,2004,"C5",NA,NA,NA
"FF-7","5754","10-ha",8335,827,2005,"C5",NA,NA,NA
"FF-7","5754","10-ha",8335,827,2006,"C5",1,12,"sdlg (1)"
"FF-7","5754","10-ha",8336,828,1998,"B10",NA,NA,NA
"FF-7","5754","10-ha",8336,828,1999,"B10",NA,NA,NA
"FF-7","5754","10-ha",8336,828,2000,"B10",NA,NA,NA
"FF-7","5754","10-ha",8336,828,2001,"B10",NA,NA,NA
"FF-7","5754","10-ha",8336,828,2002,"B10",NA,NA,NA
"FF-7","5754","10-ha",8336,828,2003,"B10",1,16,"ULY (3)"
"FF-7","5754","10-ha",8336,828,2004,"B10",2,21,NA
"FF-7","5754","10-ha",8336,828,2005,"B10",2,30,NA
"FF-7","5754","10-ha",8336,828,2006,"B10",3,30,NA
"FF-7","5754","10-ha",8336,828,1998,"B5",NA,NA,NA
"FF-7","5754","10-ha",8336,828,1999,"B5",NA,NA,NA
"FF-7","5754","10-ha",8336,828,2000,"B5",NA,NA,NA
"FF-7","5754","10-ha",8336,828,2001,"B5",NA,NA,NA
"FF-7","5754","10-ha",8336,828,2002,"B5",NA,NA,NA
"FF-7","5754","10-ha",8336,828,2003,"B5",NA,NA,NA
"FF-7","5754","10-ha",8336,828,2004,"B5",NA,NA,NA
"FF-7","5754","10-ha",8336,828,2005,"B5",NA,NA,NA
"FF-7","5754","10-ha",8336,828,2006,"B5",3,65,"could be one of missing"
"FF-7","5754","10-ha",8337,829,1998,"A5",NA,NA,NA
"FF-7","5754","10-ha",8337,829,1999,"A5",NA,NA,NA
"FF-7","5754","10-ha",8337,829,2000,"A5",NA,NA,NA
"FF-7","5754","10-ha",8337,829,2001,"A5",NA,NA,NA
"FF-7","5754","10-ha",8337,829,2002,"A5",NA,NA,NA
"FF-7","5754","10-ha",8337,829,2003,"A5",NA,NA,NA
"FF-7","5754","10-ha",8337,829,2004,"A5",NA,NA,NA
"FF-7","5754","10-ha",8337,829,2005,"A5",NA,NA,NA
"FF-7","5754","10-ha",8337,829,2006,"A5",1,16,"could be one of missing"
"FF-7","5754","10-ha",8337,829,1998,"C7",NA,NA,NA
"FF-7","5754","10-ha",8337,829,1999,"C7",NA,NA,NA
"FF-7","5754","10-ha",8337,829,2000,"C7",NA,NA,NA
"FF-7","5754","10-ha",8337,829,2001,"C7",NA,NA,NA
"FF-7","5754","10-ha",8337,829,2002,"C7",NA,NA,NA
"FF-7","5754","10-ha",8337,829,2003,"C7",2,49,"ULY (3)"
"FF-7","5754","10-ha",8337,829,2004,"C7",3,54,NA
"FF-7","5754","10-ha",8337,829,2005,"C7",5,56,NA
"FF-7","5754","10-ha",8337,829,2006,"C7",4,125,NA
"FF-7","5754","10-ha",8338,830,1998,"A5",NA,NA,NA
"FF-7","5754","10-ha",8338,830,1999,"A5",NA,NA,NA
"FF-7","5754","10-ha",8338,830,2000,"A5",NA,NA,NA
"FF-7","5754","10-ha",8338,830,2001,"A5",NA,NA,NA
"FF-7","5754","10-ha",8338,830,2002,"A5",NA,NA,NA
"FF-7","5754","10-ha",8338,830,2003,"A5",NA,NA,NA
"FF-7","5754","10-ha",8338,830,2004,"A5",NA,NA,NA
"FF-7","5754","10-ha",8338,830,2005,"A5",NA,NA,NA
"FF-7","5754","10-ha",8338,830,1998,"C6",NA,NA,NA
"FF-7","5754","10-ha",8338,830,1999,"C6",NA,NA,NA
"FF-7","5754","10-ha",8338,830,2000,"C6",NA,NA,NA
"FF-7","5754","10-ha",8338,830,2001,"C6",NA,NA,NA
"FF-7","5754","10-ha",8338,830,2002,"C6",NA,NA,NA
"FF-7","5754","10-ha",8338,830,2003,"C6",1,16,NA
"FF-7","5754","10-ha",8338,830,2004,"C6",1,23,NA
"FF-7","5754","10-ha",8338,830,2005,"C6",NA,NA,"dead (2)"
"FF-7","5754","10-ha",8339,831,1998,"A5",NA,NA,NA
"FF-7","5754","10-ha",8339,831,1999,"A5",NA,NA,NA
"FF-7","5754","10-ha",8339,831,2000,"A5",NA,NA,NA
"FF-7","5754","10-ha",8339,831,2001,"A5",NA,NA,NA
"FF-7","5754","10-ha",8339,831,2002,"A5",NA,NA,NA
"FF-7","5754","10-ha",8339,831,2003,"A5",NA,NA,NA
"FF-7","5754","10-ha",8339,831,2004,"A5",NA,NA,NA
"FF-7","5754","10-ha",8339,831,2005,"A5",NA,NA,NA
"FF-7","5754","10-ha",8339,831,2006,"A5",2,22,"could be one of missing"
"FF-7","5754","10-ha",8339,831,1998,"D9",NA,NA,NA
"FF-7","5754","10-ha",8339,831,1999,"D9",NA,NA,NA
"FF-7","5754","10-ha",8339,831,2000,"D9",NA,NA,NA
"FF-7","5754","10-ha",8339,831,2001,"D9",NA,NA,NA
"FF-7","5754","10-ha",8339,831,2002,"D9",NA,NA,NA
"FF-7","5754","10-ha",8339,831,2003,"D9",3,74,"no tag (50)"
"FF-7","5754","10-ha",8339,831,2004,"D9",1,52,NA
"FF-7","5754","10-ha",8339,831,2005,"D9",2,60,NA
"FF-7","5754","10-ha",8339,831,2006,"D9",4,59,NA
"FF-7","5754","10-ha",8340,832,1998,"A4",NA,NA,NA
"FF-7","5754","10-ha",8340,832,1999,"A4",NA,NA,NA
"FF-7","5754","10-ha",8340,832,2000,"A4",NA,NA,NA
"FF-7","5754","10-ha",8340,832,2001,"A4",NA,NA,NA
"FF-7","5754","10-ha",8340,832,2002,"A4",NA,NA,NA
"FF-7","5754","10-ha",8340,832,2003,"A4",NA,NA,NA
"FF-7","5754","10-ha",8340,832,2004,"A4",NA,NA,NA
"FF-7","5754","10-ha",8340,832,2005,"A4",NA,NA,NA
"FF-7","5754","10-ha",8340,832,2006,"A4",1,9,NA
"FF-7","5754","10-ha",8340,832,1998,"D8",NA,NA,NA
"FF-7","5754","10-ha",8340,832,1999,"D8",NA,NA,NA
"FF-7","5754","10-ha",8340,832,2000,"D8",NA,NA,NA
"FF-7","5754","10-ha",8340,832,2001,"D8",NA,NA,NA
"FF-7","5754","10-ha",8340,832,2002,"D8",NA,NA,NA
"FF-7","5754","10-ha",8340,832,2003,"D8",5,85,"no tag (50)"
"FF-7","5754","10-ha",8340,832,2004,"D8",2,80,NA
"FF-7","5754","10-ha",8340,832,2005,"D8",3,54,NA
"FF-7","5754","10-ha",8340,832,2006,"D8",2,31,NA
"FF-7","5754","10-ha",8341,833,1998,"B4",NA,NA,NA
"FF-7","5754","10-ha",8341,833,1999,"B4",NA,NA,NA
"FF-7","5754","10-ha",8341,833,2000,"B4",NA,NA,NA
"FF-7","5754","10-ha",8341,833,2001,"B4",NA,NA,NA
"FF-7","5754","10-ha",8341,833,2002,"B4",NA,NA,NA
"FF-7","5754","10-ha",8341,833,2003,"B4",NA,NA,NA
"FF-7","5754","10-ha",8341,833,2004,"B4",NA,NA,NA
"FF-7","5754","10-ha",8341,833,2005,"B4",NA,NA,NA
"FF-7","5754","10-ha",8341,833,2006,"B4",1,6,"sdlg (1)"
"FF-7","5754","10-ha",8341,833,1998,"D7",NA,NA,NA
"FF-7","5754","10-ha",8341,833,1999,"D7",NA,NA,NA
"FF-7","5754","10-ha",8341,833,2000,"D7",NA,NA,NA
"FF-7","5754","10-ha",8341,833,2001,"D7",NA,NA,NA
"FF-7","5754","10-ha",8341,833,2002,"D7",NA,NA,NA
"FF-7","5754","10-ha",8341,833,2003,"D7",5,39,"no tag (50)"
"FF-7","5754","10-ha",8341,833,2004,"D7",6,32,NA
"FF-7","5754","10-ha",8341,833,2005,"D7",6,38,NA
"FF-7","5754","10-ha",8341,833,2006,"D7",2,37,NA
"FF-7","5754","10-ha",8342,834,1998,"B4",NA,NA,NA
"FF-7","5754","10-ha",8342,834,1999,"B4",NA,NA,NA
"FF-7","5754","10-ha",8342,834,2000,"B4",NA,NA,NA
"FF-7","5754","10-ha",8342,834,2001,"B4",NA,NA,NA
"FF-7","5754","10-ha",8342,834,2002,"B4",NA,NA,NA
"FF-7","5754","10-ha",8342,834,2003,"B4",NA,NA,NA
"FF-7","5754","10-ha",8342,834,2004,"B4",NA,NA,NA
"FF-7","5754","10-ha",8342,834,2005,"B4",NA,NA,NA
"FF-7","5754","10-ha",8342,834,2006,"B4",1,7,"sdlg (1)"
"FF-7","5754","10-ha",8342,834,1998,"D7",NA,NA,NA
"FF-7","5754","10-ha",8342,834,1999,"D7",NA,NA,NA
"FF-7","5754","10-ha",8342,834,2000,"D7",NA,NA,NA
"FF-7","5754","10-ha",8342,834,2001,"D7",NA,NA,NA
"FF-7","5754","10-ha",8342,834,2002,"D7",NA,NA,NA
"FF-7","5754","10-ha",8342,834,2003,"D7",2,25,"no tag (50)"
"FF-7","5754","10-ha",8342,834,2004,"D7",3,32,NA
"FF-7","5754","10-ha",8342,834,2005,"D7",4,45,NA
"FF-7","5754","10-ha",8342,834,2006,"D7",4,60,NA
"FF-7","5754","10-ha",8343,835,1998,"D6",NA,NA,NA
"FF-7","5754","10-ha",8343,835,1999,"D6",NA,NA,NA
"FF-7","5754","10-ha",8343,835,2000,"D6",NA,NA,NA
"FF-7","5754","10-ha",8343,835,2001,"D6",NA,NA,NA
"FF-7","5754","10-ha",8343,835,2002,"D6",NA,NA,NA
"FF-7","5754","10-ha",8343,835,2003,"D6",1,6,"sdlg (1)"
"FF-7","5754","10-ha",8343,835,2004,"D6",NA,NA,NA
"FF-7","5754","10-ha",8343,835,2005,"D6",NA,NA,NA
"FF-7","5754","10-ha",8343,835,2006,"D6",NA,NA,NA
"FF-7","5754","10-ha",8343,835,1998,"E4",NA,NA,NA
"FF-7","5754","10-ha",8343,835,1999,"E4",NA,NA,NA
"FF-7","5754","10-ha",8343,835,2000,"E4",NA,NA,NA
"FF-7","5754","10-ha",8343,835,2001,"E4",NA,NA,NA
"FF-7","5754","10-ha",8343,835,2002,"E4",NA,NA,NA
"FF-7","5754","10-ha",8343,835,2003,"E4",NA,NA,NA
"FF-7","5754","10-ha",8343,835,2004,"E4",NA,NA,NA
"FF-7","5754","10-ha",8343,835,2005,"E4",NA,NA,NA
"FF-7","5754","10-ha",8343,835,2006,"E4",1,10,NA
"FF-7","5754","10-ha",8344,836,1998,"D1",NA,NA,NA
"FF-7","5754","10-ha",8344,836,1999,"D1",NA,NA,NA
"FF-7","5754","10-ha",8344,836,2000,"D1",NA,NA,NA
"FF-7","5754","10-ha",8344,836,2001,"D1",NA,NA,NA
"FF-7","5754","10-ha",8344,836,2002,"D1",NA,NA,NA
"FF-7","5754","10-ha",8344,836,2003,"D1",NA,NA,NA
"FF-7","5754","10-ha",8344,836,2004,"D1",NA,NA,NA
"FF-7","5754","10-ha",8344,836,2005,"D1",NA,NA,NA
"FF-7","5754","10-ha",8344,836,2006,"D1",3,30,NA
"FF-7","5754","10-ha",8344,836,1998,"D5",NA,NA,NA
"FF-7","5754","10-ha",8344,836,1999,"D5",NA,NA,NA
"FF-7","5754","10-ha",8344,836,2000,"D5",NA,NA,NA
"FF-7","5754","10-ha",8344,836,2001,"D5",NA,NA,NA
"FF-7","5754","10-ha",8344,836,2002,"D5",NA,NA,NA
"FF-7","5754","10-ha",8344,836,2003,"D5",NA,NA,NA
"FF-7","5754","10-ha",8344,836,2004,"D5",3,75,"no tag (50)"
"FF-7","5754","10-ha",8344,836,2005,"D5",2,53,NA
"FF-7","5754","10-ha",8344,836,2006,"D5",3,53,NA
"FF-7","5754","10-ha",8366,858,1998,"A8",NA,NA,NA
"FF-7","5754","10-ha",8366,858,1999,"A8",NA,NA,NA
"FF-7","5754","10-ha",8366,858,2000,"A8",NA,NA,NA
"FF-7","5754","10-ha",8366,858,2001,"A8",NA,NA,NA
"FF-7","5754","10-ha",8366,858,2002,"A8",NA,NA,NA
"FF-7","5754","10-ha",8366,858,2003,"A8",NA,NA,NA
"FF-7","5754","10-ha",8366,858,2004,"A8",1,16,"ULY (3)"
"FF-7","5754","10-ha",8366,858,2005,"A8",2,21,NA
"FF-7","5754","10-ha",8366,858,2006,"A8",3,23,"under branchfall (90)"
"FF-7","5754","10-ha",8366,858,1998,"E9",NA,NA,NA
"FF-7","5754","10-ha",8366,858,1999,"E9",NA,NA,NA
"FF-7","5754","10-ha",8366,858,2000,"E9",NA,NA,NA
"FF-7","5754","10-ha",8366,858,2001,"E9",NA,NA,NA
"FF-7","5754","10-ha",8366,858,2002,"E9",NA,NA,NA
"FF-7","5754","10-ha",8366,858,2003,"E9",NA,NA,NA
"FF-7","5754","10-ha",8366,858,2004,"E9",NA,NA,NA
"FF-7","5754","10-ha",8366,858,2005,"E9",NA,NA,NA
"FF-7","5754","10-ha",8366,858,2006,"E9",1,15,"could be one of missing"
"FF-7","5754","10-ha",8367,859,1998,"A8",NA,NA,NA
"FF-7","5754","10-ha",8367,859,1999,"A8",NA,NA,NA
"FF-7","5754","10-ha",8367,859,2000,"A8",NA,NA,NA
"FF-7","5754","10-ha",8367,859,2001,"A8",NA,NA,NA
"FF-7","5754","10-ha",8367,859,2002,"A8",NA,NA,NA
"FF-7","5754","10-ha",8367,859,2003,"A8",NA,NA,NA
"FF-7","5754","10-ha",8367,859,2004,"A8",1,7,"sdlg (1)"
"FF-7","5754","10-ha",8367,859,2005,"A8",1,10,NA
"FF-7","5754","10-ha",8367,859,2006,"A8",1,19,"under treefall (80)"
"FF-7","5754","10-ha",8367,859,1998,"C9",NA,NA,NA
"FF-7","5754","10-ha",8367,859,1999,"C9",NA,NA,NA
"FF-7","5754","10-ha",8367,859,2000,"C9",NA,NA,NA
"FF-7","5754","10-ha",8367,859,2001,"C9",NA,NA,NA
"FF-7","5754","10-ha",8367,859,2002,"C9",NA,NA,NA
"FF-7","5754","10-ha",8367,859,2003,"C9",NA,NA,NA
"FF-7","5754","10-ha",8367,859,2004,"C9",NA,NA,NA
"FF-7","5754","10-ha",8367,859,2005,"C9",NA,NA,NA
"FF-7","5754","10-ha",8367,859,2006,"C9",1,8,"sdlg (1)"
"FF-7","5754","10-ha",8368,860,1998,"A8",NA,NA,NA
"FF-7","5754","10-ha",8368,860,1999,"A8",NA,NA,NA
"FF-7","5754","10-ha",8368,860,2000,"A8",NA,NA,NA
"FF-7","5754","10-ha",8368,860,2001,"A8",NA,NA,NA
"FF-7","5754","10-ha",8368,860,2002,"A8",NA,NA,NA
"FF-7","5754","10-ha",8368,860,2003,"A8",NA,NA,NA
"FF-7","5754","10-ha",8368,860,2004,"A8",2,14,"ULY (3)"
"FF-7","5754","10-ha",8368,860,2005,"A8",2,18,NA
"FF-7","5754","10-ha",8368,860,2006,"A8",NA,NA,"plant missing (60)"
"FF-7","5754","10-ha",8368,860,1998,"A9",NA,NA,NA
"FF-7","5754","10-ha",8368,860,1999,"A9",NA,NA,NA
"FF-7","5754","10-ha",8368,860,2000,"A9",NA,NA,NA
"FF-7","5754","10-ha",8368,860,2001,"A9",NA,NA,NA
"FF-7","5754","10-ha",8368,860,2002,"A9",NA,NA,NA
"FF-7","5754","10-ha",8368,860,2003,"A9",NA,NA,NA
"FF-7","5754","10-ha",8368,860,2004,"A9",NA,NA,NA
"FF-7","5754","10-ha",8368,860,2005,"A9",NA,NA,NA
"FF-7","5754","10-ha",8368,860,2006,"A9",1,8,"sdlg (1)"
"FF-7","5754","10-ha",8396,906,1998,"D7",NA,NA,NA
"FF-7","5754","10-ha",8396,906,1999,"D7",5,68,"ULY (3)"
"FF-7","5754","10-ha",8396,906,2000,"D7",6,73,NA
"FF-7","5754","10-ha",8396,906,2001,"D7",13,71,NA
"FF-7","5754","10-ha",8396,906,2002,"D7",14,92,NA
"FF-7","5754","10-ha",8396,906,2003,"D7",7,91,NA
"FF-7","5754","10-ha",8396,906,2004,"D7",7,115,NA
"FF-7","5754","10-ha",8396,906,2005,"D7",7,84,NA
"FF-7","5754","10-ha",8396,906,2006,"D7",NA,NA,NA
"FF-7","5754","10-ha",8396,906,1998,"E7",NA,NA,NA
"FF-7","5754","10-ha",8396,906,1999,"E7",NA,NA,NA
"FF-7","5754","10-ha",8396,906,2000,"E7",NA,NA,NA
"FF-7","5754","10-ha",8396,906,2001,"E7",NA,NA,NA
"FF-7","5754","10-ha",8396,906,2002,"E7",NA,NA,NA
"FF-7","5754","10-ha",8396,906,2003,"E7",NA,NA,NA
"FF-7","5754","10-ha",8396,906,2004,"E7",NA,NA,NA
"FF-7","5754","10-ha",8396,906,2005,"E7",NA,NA,NA
"FF-7","5754","10-ha",8396,906,2006,"E7",4,81,NA
"FF-7","5754","10-ha",8494,1305,1998,"B6",3,59,NA
"FF-7","5754","10-ha",8494,1305,1999,"B6",2,40,NA
"FF-7","5754","10-ha",8494,1305,2000,"B6",4,54,"under treefall (80)"
"FF-7","5754","10-ha",8494,1305,2001,"B6",NA,NA,NA
"FF-7","5754","10-ha",8494,1305,2002,"B6",5,70,"under branchfall (90)"
"FF-7","5754","10-ha",8494,1305,2003,"B6",2,50,NA
"FF-7","5754","10-ha",8494,1305,2004,"B6",1,51,NA
"FF-7","5754","10-ha",8494,1305,2005,"B6",2,77,NA
"FF-7","5754","10-ha",8494,1305,2006,"B6",NA,NA,NA
"FF-7","5754","10-ha",8494,1305,1998,"B7",NA,NA,NA
"FF-7","5754","10-ha",8494,1305,1999,"B7",NA,NA,NA
"FF-7","5754","10-ha",8494,1305,2000,"B7",NA,NA,NA
"FF-7","5754","10-ha",8494,1305,2001,"B7",NA,NA,NA
"FF-7","5754","10-ha",8494,1305,2002,"B7",NA,NA,NA
"FF-7","5754","10-ha",8494,1305,2003,"B7",NA,NA,NA
"FF-7","5754","10-ha",8494,1305,2004,"B7",NA,NA,NA
"FF-7","5754","10-ha",8494,1305,2005,"B7",NA,NA,NA
"FF-7","5754","10-ha",8494,1305,2006,"B7",2,70,NA
"FF-7","5754","10-ha",8515,1329,1998,"C8",NA,NA,NA
"FF-7","5754","10-ha",8515,1329,1999,"C8",NA,NA,NA
"FF-7","5754","10-ha",8515,1329,2000,"C8",NA,NA,NA
"FF-7","5754","10-ha",8515,1329,2001,"C8",NA,NA,NA
"FF-7","5754","10-ha",8515,1329,2002,"C8",6,52,"no tag (50)"
"FF-7","5754","10-ha",8515,1329,2003,"C8",4,58,NA
"FF-7","5754","10-ha",8515,1329,2004,"C8",3,66,NA
"FF-7","5754","10-ha",8515,1329,2005,"C8",4,98,NA
"FF-7","5754","10-ha",8515,1329,2006,"C8",NA,NA,NA
"FF-7","5754","10-ha",8515,1329,1998,"C9",NA,NA,NA
"FF-7","5754","10-ha",8515,1329,1999,"C9",NA,NA,NA
"FF-7","5754","10-ha",8515,1329,2000,"C9",NA,NA,NA
"FF-7","5754","10-ha",8515,1329,2001,"C9",NA,NA,NA
"FF-7","5754","10-ha",8515,1329,2002,"C9",NA,NA,NA
"FF-7","5754","10-ha",8515,1329,2003,"C9",NA,NA,NA
"FF-7","5754","10-ha",8515,1329,2004,"C9",NA,NA,NA
"FF-7","5754","10-ha",8515,1329,2005,"C9",NA,NA,NA
"FF-7","5754","10-ha",8515,1329,2006,"C9",6,70,NA
"FF-7","5754","10-ha",8546,1366,1998,"B10",NA,NA,NA
"FF-7","5754","10-ha",8546,1366,1999,"B10",NA,NA,NA
"FF-7","5754","10-ha",8546,1366,2000,"B10",NA,NA,NA
"FF-7","5754","10-ha",8546,1366,2001,"B10",1,8,"sdlg (1)"
"FF-7","5754","10-ha",8546,1366,2002,"B10",1,14,NA
"FF-7","5754","10-ha",8546,1366,2003,"B10",NA,NA,NA
"FF-7","5754","10-ha",8546,1366,2004,"B10",1,15,NA
"FF-7","5754","10-ha",8546,1366,2005,"B10",NA,NA,NA
"FF-7","5754","10-ha",8546,1366,2006,"B10",NA,NA,"plant missing (60)"
"FF-7","5754","10-ha",8546,1366,1998,"B8",NA,NA,NA
"FF-7","5754","10-ha",8546,1366,1999,"B8",NA,NA,NA
"FF-7","5754","10-ha",8546,1366,2000,"B8",NA,NA,NA
"FF-7","5754","10-ha",8546,1366,2001,"B8",NA,NA,NA
"FF-7","5754","10-ha",8546,1366,2002,"B8",NA,NA,NA
"FF-7","5754","10-ha",8546,1366,2003,"B8",NA,NA,NA
"FF-7","5754","10-ha",8546,1366,2004,"B8",NA,NA,NA
"FF-7","5754","10-ha",8546,1366,2005,"B8",NA,NA,NA
"FF-7","5754","10-ha",8546,1366,2006,"B8",2,22,"not on list (40)"
"FF-7","5754","10-ha",8567,1387,1998,"B7",NA,NA,NA
"FF-7","5754","10-ha",8567,1387,1999,"B7",NA,NA,NA
"FF-7","5754","10-ha",8567,1387,2000,"B7",NA,NA,NA
"FF-7","5754","10-ha",8567,1387,2001,"B7",2,12,"sdlg (1)"
"FF-7","5754","10-ha",8567,1387,2002,"B7",3,33,NA
"FF-7","5754","10-ha",8567,1387,2003,"B7",3,40,NA
"FF-7","5754","10-ha",8567,1387,2004,"B7",4,57,NA
"FF-7","5754","10-ha",8567,1387,2005,"B7",1,8,NA
"FF-7","5754","10-ha",8567,1387,2006,"B7",4,35,NA
"FF-7","5754","10-ha",8567,1387,1998,"D7",NA,NA,NA
"FF-7","5754","10-ha",8567,1387,1999,"D7",NA,NA,NA
"FF-7","5754","10-ha",8567,1387,2000,"D7",NA,NA,NA
"FF-7","5754","10-ha",8567,1387,2001,"D7",NA,NA,NA
"FF-7","5754","10-ha",8567,1387,2002,"D7",NA,NA,NA
"FF-7","5754","10-ha",8567,1387,2003,"D7",NA,NA,NA
"FF-7","5754","10-ha",8567,1387,2004,"D7",NA,NA,NA
"FF-7","5754","10-ha",8567,1387,2005,"D7",NA,NA,NA
"FF-7","5754","10-ha",8567,1387,2006,"D7",2,33,"could be one of missing"
"FF-7","5754","10-ha",8580,NA,1998,"A1",NA,NA,NA
"FF-7","5754","10-ha",8580,NA,1999,"A1",NA,NA,NA
"FF-7","5754","10-ha",8580,NA,2000,"A1",NA,NA,NA
"FF-7","5754","10-ha",8580,NA,2001,"A1",NA,NA,NA
"FF-7","5754","10-ha",8580,NA,2002,"A1",NA,NA,NA
"FF-7","5754","10-ha",8580,NA,2003,"A1",NA,NA,NA
"FF-7","5754","10-ha",8580,NA,2004,"A1",NA,NA,NA
"FF-7","5754","10-ha",8580,NA,2005,"A1",NA,NA,NA
"FF-7","5754","10-ha",8580,NA,2006,"A1",NA,NA,"trefall"
"FF-7","5754","10-ha",8580,NA,1998,"A8",NA,NA,NA
"FF-7","5754","10-ha",8580,NA,1999,"A8",NA,NA,NA
"FF-7","5754","10-ha",8580,NA,2000,"A8",NA,NA,NA
"FF-7","5754","10-ha",8580,NA,2001,"A8",NA,NA,NA
"FF-7","5754","10-ha",8580,NA,2002,"A8",NA,NA,NA
"FF-7","5754","10-ha",8580,NA,2003,"A8",NA,NA,NA
"FF-7","5754","10-ha",8580,NA,2004,"A8",NA,NA,NA
"FF-7","5754","10-ha",8580,NA,2005,"A8",NA,NA,NA
"FF-7","5754","10-ha",8580,NA,2006,"A8",NA,NA,"lots of small branchfalls in plot"
"FF-7","5754","10-ha",8580,NA,1998,"B6",NA,NA,NA
"FF-7","5754","10-ha",8580,NA,1999,"B6",NA,NA,NA
"FF-7","5754","10-ha",8580,NA,2000,"B6",NA,NA,NA
"FF-7","5754","10-ha",8580,NA,2001,"B6",NA,NA,NA
"FF-7","5754","10-ha",8580,NA,2002,"B6",NA,NA,NA
"FF-7","5754","10-ha",8580,NA,2003,"B6",NA,NA,NA
"FF-7","5754","10-ha",8580,NA,2004,"B6",NA,NA,NA
"FF-7","5754","10-ha",8580,NA,2005,"B6",NA,NA,NA
"FF-7","5754","10-ha",8580,NA,2006,"B6",NA,NA,"horrible treefall in plot"
"FF-7","5754","10-ha",8580,NA,1998,"B7",NA,NA,NA
"FF-7","5754","10-ha",8580,NA,1999,"B7",NA,NA,NA
"FF-7","5754","10-ha",8580,NA,2000,"B7",NA,NA,NA
"FF-7","5754","10-ha",8580,NA,2001,"B7",NA,NA,NA
"FF-7","5754","10-ha",8580,NA,2002,"B7",NA,NA,NA
"FF-7","5754","10-ha",8580,NA,2003,"B7",NA,NA,NA
"FF-7","5754","10-ha",8580,NA,2004,"B7",NA,NA,NA
"FF-7","5754","10-ha",8580,NA,2005,"B7",NA,NA,NA
"FF-7","5754","10-ha",8580,NA,2006,"B7",NA,NA,"horrible treefall in plot, can barely make it in"
"FF-7","5754","10-ha",8580,NA,1998,"C7",NA,NA,NA
"FF-7","5754","10-ha",8580,NA,1999,"C7",NA,NA,NA
"FF-7","5754","10-ha",8580,NA,2000,"C7",NA,NA,NA
"FF-7","5754","10-ha",8580,NA,2001,"C7",NA,NA,NA
"FF-7","5754","10-ha",8580,NA,2002,"C7",NA,NA,NA
"FF-7","5754","10-ha",8580,NA,2003,"C7",NA,NA,NA
"FF-7","5754","10-ha",8580,NA,2004,"C7",NA,NA,NA
"FF-7","5754","10-ha",8580,NA,2005,"C7",NA,NA,NA
"FF-7","5754","10-ha",8580,NA,2006,"C7",NA,NA,"plot is 50% treefall"
"FF-7","5754","10-ha",8580,NA,1998,"D7",NA,NA,NA
"FF-7","5754","10-ha",8580,NA,1999,"D7",NA,NA,NA
"FF-7","5754","10-ha",8580,NA,2000,"D7",NA,NA,NA
"FF-7","5754","10-ha",8580,NA,2001,"D7",NA,NA,NA
"FF-7","5754","10-ha",8580,NA,2002,"D7",NA,NA,NA
"FF-7","5754","10-ha",8580,NA,2003,"D7",NA,NA,NA
"FF-7","5754","10-ha",8580,NA,2004,"D7",NA,NA,NA
"FF-7","5754","10-ha",8580,NA,2005,"D7",NA,NA,NA
"FF-7","5754","10-ha",8580,NA,2006,"D7",NA,NA,"treefall in plot"
