plot,habitat,tag_number,row,column,year,shts,ht,infl,code,duplicate_tag
2206,10-ha,331,C,10,2006,6,105,NA,2x in field,NA
2206,10-ha,334,E,9,2006,3,25,NA,2x in field,NA
5750,CF,1401,H,10,2007,NA,NA,NA,2x in field,duplicate tag number
5751,1-ha,91,D,6,2007,2,75,NA,2x in field,NA
5752,10-ha,768,C,9,2006,3,45,NA,2x in field,NA
5756,CF,29,E,2,2006,3,50,NA,2x in field,NA
CaboFrio-CF,CF,194,A,8,2007,3,42,NA,2x in field,duplicate tag number
CaboFrio-CF,CF,194,C,10,2007,2,39,NA,2x in field,duplicate tag number
PortoAlegre-CF,CF,284,C,10,2007,1,8,NA,2x in field,NA
5750,CF,101,D,6,2004,NA,0,0,dead and not on list,NA
5752,10-ha,460,B,6,2001,NA,NA,NA,dead and not on list,NA
5756,CF,7,A,8,2004,NA,NA,NA,dead and not on list,NA
5756,CF,983,A,7,2004,NA,NA,NA,dead and not on list,NA
Florestal-CF,CF,106,B,4,1999,NA,NA,NA,dead and not on list,NA
Florestal-CF,CF,187,A,9,1999,NA,NA,NA,dead and not on list,NA
Florestal-CF,CF,277,D,3,2004,NA,NA,NA,dead and not on list,NA
2107,1-ha,318,E,1,2008,2,30,NA,new plant in plot,NA
2107,1-ha,383,A,9,2008,3,43,NA,new plant in plot,NA
2107,1-ha,386,D,10,2008,4,35,NA,new plant in plot,NA
2107,1-ha,399,B,10,2008,2,22,NA,new plant in plot,NA
2107,1-ha,400,B,10,2008,2,41,NA,new plant in plot,NA
2108,1-ha,338,E,10,2008,7,42,NA,new plant in plot,NA
2108,1-ha,361,B,1,2008,2,11,NA,new plant in plot,NA
5750,CF,2028,D,6,2008,2,61,NA,new plant in plot,NA
5750,CF,2032,A,8,2008,3,51,NA,new plant in plot,NA
5750,CF,2034,A,8,2008,2,30,NA,new plant in plot,NA
5750,CF,2042,I,6,2008,4,22,NA,new plant in plot,NA
5750,CF,2051,C,6,2008,1,7,NA,new plant in plot,NA
5750,CF,2308,J,6,2008,1,13,NA,new plant in plot,NA
5750,CF,2309,J,6,2008,2,10,NA,new plant in plot,NA
5751,1-ha,154,C,1,2008,NA,NA,NA,new plant in plot,NA
5751,1-ha,373,E,1,2008,2,17,NA,new plant in plot,NA
5751,1-ha,394,E,6,2008,9,226,NA,new plant in plot,NA
5756,CF,1688,E,2,2008,4,63,NA,new plant in plot,NA
5756,CF,1690,E,1,2008,3,44,NA,new plant in plot,NA
5756,CF,1691,E,1,2008,3,33,NA,new plant in plot,NA
5756,CF,1693,E,2,2008,2,47,NA,new plant in plot,NA
5756,CF,1694,E,2,2008,3,18,NA,new plant in plot,NA
5756,CF,1699,E,2,2008,1,22,NA,new plant in plot,NA
5756,CF,1709,E,1,2008,3,22,NA,new plant in plot,NA
5756,CF,1722,E,1,2008,6,55,NA,new plant in plot,NA
5756,CF,1723,E,1,2008,1,16,NA,new plant in plot,NA
5756,CF,1724,E,1,2008,7,50,NA,new plant in plot,NA
5756,CF,1725,E,1,2008,2,19,NA,new plant in plot,NA
5756,CF,1750,E,7,2008,4,70,NA,new plant in plot,NA
5756,CF,1755,E,3,2008,3,23,NA,new plant in plot,NA
5756,CF,1756,E,7,2008,3,50,NA,new plant in plot,NA
5756,CF,1757,E,7,2008,1,30,NA,new plant in plot,NA
5756,CF,1758,E,10,2008,2,30,NA,new plant in plot,NA
5756,CF,1759,E,10,2008,3,60,NA,new plant in plot,NA
5756,CF,1766,E,6,2008,4,53,NA,new plant in plot,NA
5756,CF,1767,E,6,2008,3,54,NA,new plant in plot,NA
5756,CF,1768,E,6,2008,4,88,NA,new plant in plot,NA
5756,CF,1769,E,6,2008,3,91,NA,new plant in plot,NA
5756,CF,1770,E,6,2008,3,43,NA,new plant in plot,NA
5756,CF,1771,E,7,2008,4,40,NA,new plant in plot,NA
5756,CF,1775,E,6,2008,4,60,NA,new plant in plot,NA
5756,CF,1780,E,10,2008,3,29,NA,new plant in plot,NA
5756,CF,1794,E,3,2008,5,45,NA,new plant in plot,NA
5756,CF,2201,E,10,2008,2,25,NA,new plant in plot,NA
5756,CF,2202,E,10,2008,1,11,NA,new plant in plot,NA
5756,CF,2203,E,10,2008,3,60,NA,new plant in plot,NA
5756,CF,2204,E,10,2008,2,30,NA,new plant in plot,NA
5756,CF,2205,E,10,2008,3,39,NA,new plant in plot,NA
5756,CF,2206,D,10,2008,2,50,NA,new plant in plot,NA
5756,CF,2207,D,10,2008,2,28,NA,new plant in plot,NA
5756,CF,2214,E,4,2009,3,85,NA,new plant in plot,NA
5756,CF,2228,E,9,2009,2,30,NA,new plant in plot,NA
5756,CF,2231,C,10,2008,4,33,NA,new plant in plot,NA
5756,CF,2232,B,10,2009,1,15,NA,new plant in plot,NA
5756,CF,2238,B,10,2009,2,18,NA,new plant in plot,NA
5756,CF,2239,C,10,2009,3,24,NA,new plant in plot,NA
5756,CF,2241,A,10,2009,2,16,NA,new plant in plot,NA
5756,CF,2244,C,10,2009,6,40,NA,new plant in plot,NA
5756,CF,2288,E,6,2009,1,37,NA,new plant in plot,NA
5756,CF,2292,E,8,2009,1,26,NA,new plant in plot,NA
CaboFrio-CF,CF,2108,C,1,2008,4,77,NA,new plant in plot,NA
CaboFrio-CF,CF,2110,D,1,2008,4,90,1,new plant in plot,NA
CaboFrio-CF,CF,2112,B,1,2008,3,25,NA,new plant in plot,NA
CaboFrio-CF,CF,2113,B,1,2008,1,19,NA,new plant in plot,NA
CaboFrio-CF,CF,2117,B,1,2008,1,20,NA,new plant in plot,NA
CaboFrio-CF,CF,2125,D,1,2008,4,79,NA,new plant in plot,NA
CaboFrio-CF,CF,2126,A,1,2008,3,30,NA,new plant in plot,NA
CaboFrio-CF,CF,2127,A,1,2008,2,40,NA,new plant in plot,NA
CaboFrio-CF,CF,2128,A,1,2008,1,17,NA,new plant in plot,NA
CaboFrio-CF,CF,2136,A,4,2009,3,13,NA,new plant in plot,NA
Florestal-CF,CF,1585,A,4,2008,6,84,NA,new plant in plot,NA
Florestal-CF,CF,1588,A,2,2008,2,35,NA,new plant in plot,NA
Florestal-CF,CF,1590,A,3,2008,3,33,NA,new plant in plot,NA
Florestal-CF,CF,1932,A,5,2008,4,59,NA,new plant in plot,NA
Florestal-CF,CF,1955,A,8,2008,2,26,NA,new plant in plot,NA
Florestal-CF,CF,1956,A,8,2008,3,57,NA,new plant in plot,NA
PortoAlegre-CF,CF,245,E,3,2009,1,6,NA,new plant in plot,NA
PortoAlegre-CF,CF,250,E,3,2009,3,72,NA,new plant in plot,NA
PortoAlegre-CF,CF,251,E,2,2009,1,30,NA,new plant in plot,NA
PortoAlegre-CF,CF,271,E,1,2009,1,31,NA,new plant in plot,NA
PortoAlegre-CF,CF,285,E,2,2009,1,12,NA,new plant in plot,NA
PortoAlegre-CF,CF,306,E,3,2009,1,14,NA,new plant in plot,NA
PortoAlegre-CF,CF,322,E,3,2009,4,80,NA,new plant in plot,NA
PortoAlegre-CF,CF,346,E,1,2009,2,26,NA,new plant in plot,NA
PortoAlegre-CF,CF,347,E,2,2009,6,52,NA,new plant in plot,NA
PortoAlegre-CF,CF,350,C,10,2008,5,81,NA,new plant in plot,NA
2107,1-ha,225,D,10,2000,1,28,0,no tag,NA
2107,1-ha,279,C,5,2004,2,27,0,no tag,NA
2107,1-ha,286,B,5,2004,3,50,0,no tag,NA
2107,1-ha,316,B,9,2004,3,30,0,no tag,NA
2108,1-ha,245,E,7,2004,4,75,0,no tag,NA
2108,1-ha,248,C,7,2005,1,25,0,no tag,NA
2108,1-ha,253,E,10,2005,2,22,0,no tag,NA
2108,1-ha,256,E,10,2005,2,16,0,no tag,NA
2108,1-ha,257,E,10,2005,1,17,0,no tag,NA
2108,1-ha,258,E,10,2005,3,36,0,no tag,NA
2108,1-ha,259,E,10,2005,3,21,0,no tag,NA
2108,1-ha,264,E,3,2005,2,19,0,no tag,NA
2108,1-ha,265,D,3,2005,3,22,0,no tag,NA
2108,1-ha,266,D,3,2005,3,26,0,no tag,NA
2108,1-ha,266,D,3,2009,1,28,NA,no tag,NA
2108,1-ha,267,C,3,2005,4,30,0,no tag,NA
2108,1-ha,311,C,8,2004,1,26,0,no tag,NA
2108,1-ha,320,B,5,2004,1,15,0,no tag,NA
2108,1-ha,324,D,3,2004,1,17,0,no tag,NA
2206,10-ha,173,B,6,2004,2,23,0,no tag,NA
2206,10-ha,187,B,10,2005,3,23,0,no tag,NA
2206,10-ha,193,A,6,2003,3,27,0,no tag,NA
2206,10-ha,205,B,3,2004,2,45,0,no tag,NA
2206,10-ha,215,E,9,2003,1,11,0,no tag,NA
2206,10-ha,220,E,2,2005,1,19,0,no tag,NA
2206,10-ha,221,D,2,2005,1,24,0,no tag,NA
2206,10-ha,224,B,4,2004,3,26,0,no tag,NA
2206,10-ha,232,B,10,2005,3,30,0,no tag,NA
2206,10-ha,234,B,10,2005,2,28,0,no tag,NA
2206,10-ha,239,D,10,2005,2,30,0,no tag,NA
2206,10-ha,242,E,9,2003,2,28,0,no tag,NA
2206,10-ha,243,C,9,2005,1,17,0,no tag,NA
2206,10-ha,247,B,9,2005,1,25,0,no tag,NA
2206,10-ha,248,B,8,2005,3,27,0,no tag,NA
2206,10-ha,249,A,8,2005,4,28,0,no tag,NA
2206,10-ha,250,B,5,2004,4,27,0,no tag,NA
2206,10-ha,251,A,4,2004,4,117,0,no tag,NA
2206,10-ha,274,A,9,2005,2,28,0,no tag,NA
2206,10-ha,276,A,5,2005,1,20,0,no tag,NA
2206,10-ha,285,B,5,2005,1,19,0,no tag,NA
2206,10-ha,298,C,4,2005,2,18,0,no tag,NA
5750,CF,716,C,7,2001,2,20,0,no tag,NA
5750,CF,725,J,8,2002,1,23,0,no tag,NA
5750,CF,735,E,6,2002,3,18,0,no tag,NA
5750,CF,946,G,9,2004,4,83,0,no tag,NA
5750,CF,958,H,9,2004,1,22,0,no tag,NA
5750,CF,967,E,8,2004,2,16,0,no tag,NA
5750,CF,970,C,7,2004,NA,0,0,no tag,NA
5750,CF,1303,C,8,2004,4,81,0,no tag,NA
5750,CF,1310,G,8,2004,2,18,0,no tag,NA
5750,CF,1319,E,8,2004,2,26,0,no tag,NA
5750,CF,1323,J,8,2004,1,11,0,no tag,NA
5750,CF,1326,J,8,2004,2,24,0,no tag,NA
5750,CF,1342,A,7,2005,3,16,0,no tag,NA
5750,CF,1343,B,7,2005,1,13,0,no tag,NA
5750,CF,1345,B,10,2005,2,13,0,no tag,NA
5750,CF,1359,D,6,2005,1,19,0,no tag,NA
5750,CF,1360,E,6,2005,3,9,0,no tag,NA
5750,CF,1361,E,8,2005,1,15,0,no tag,NA
5750,CF,1364,F,7,2005,1,18,0,no tag,NA
5750,CF,1365,I,6,2004,3,45,0,no tag,NA
5750,CF,1368,E,6,2004,2,19,0,no tag,NA
5750,CF,1374,G,9,2005,1,15,0,no tag,NA
5750,CF,1377,G,9,2005,1,15,0,no tag,NA
5750,CF,1379,H,9,2005,3,40,0,no tag,NA
5750,CF,1381,H,8,2005,2,23,0,no tag,NA
5750,CF,1385,J,9,2005,3,23,0,no tag,NA
5750,CF,1390,I,9,2005,2,21,0,no tag,NA
5750,CF,1393,J,10,2005,1,16,0,no tag,NA
5750,CF,2005,G,9,2007,1,13,NA,no tag,NA
5750,CF,2009,G,9,2007,2,34,NA,no tag,NA
5750,CF,2010,G,9,2007,1,19,NA,no tag,NA
5750,CF,2014,G,9,2007,1,14,NA,no tag,NA
5750,CF,2021,I,10,2007,2,22,NA,no tag,NA
5751,1-ha,253,A,8,2004,1,54,0,no tag,NA
5751,1-ha,256,A,8,2004,1,16,0,no tag,NA
5751,1-ha,263,E,7,2000,2,5,0,no tag,NA
5751,1-ha,304,C,7,2002,4,30,0,no tag,NA
5751,1-ha,331,E,2,2005,4,102,0,no tag,NA
5751,1-ha,342,C,8,2005,3,12,0,no tag,NA
5751,1-ha,352,C,5,2002,7,17,0,no tag,NA
5751,1-ha,356,C,6,2004,1,13,0,no tag,NA
5751,1-ha,357,A,8,2004,1,33,0,no tag,NA
5751,1-ha,386,E,1,2008,1,18,NA,no tag,NA
5751,1-ha,387,E,1,2008,1,12,NA,no tag,NA
5751,1-ha,399,D,1,2004,2,36,0,no tag,NA
5752,10-ha,290,B,5,2002,NA,NA,0,no tag,NA
5752,10-ha,397,D,9,2001,3,68,0,no tag,NA
5752,10-ha,433,B,5,2000,2,51,0,no tag,NA
5752,10-ha,521,D,7,2000,1,18,0,no tag,NA
5752,10-ha,532,B,6,2001,2,34,0,no tag,NA
5752,10-ha,546,C,3,2001,2,24,0,no tag,NA
5752,10-ha,550,A,9,2001,2,34,0,no tag,NA
5752,10-ha,591,A,4,2003,2,1,0,no tag,NA
5752,10-ha,605,A,1,2004,1,15,0,no tag,NA
5752,10-ha,607,D,7,2003,2,28,0,no tag,NA
5752,10-ha,617,D,1,2004,2,17,0,no tag,NA
5752,10-ha,634,A,9,2002,3,42,0,no tag,NA
5752,10-ha,648,D,7,2003,1,15,0,no tag,NA
5752,10-ha,670,B,2,2004,1,25,0,no tag,NA
5752,10-ha,673,B,4,2004,2,24,0,no tag,NA
5752,10-ha,675,C,4,2004,1,18,0,no tag,NA
5752,10-ha,676,D,2,2004,1,12,0,no tag,NA
5752,10-ha,677,D,7,2003,3,22,0,no tag,NA
5752,10-ha,688,E,2,2004,5,42,0,no tag,NA
5752,10-ha,698,D,10,2005,1,10,0,no tag,NA
5752,10-ha,708,C,5,2004,2,16,0,no tag,NA
5752,10-ha,709,C,5,2004,3,63,0,no tag,NA
5752,10-ha,712,D,5,2005,3,21,0,no tag,NA
5752,10-ha,717,B,6,2004,3,41,0,no tag,NA
5752,10-ha,723,D,8,2004,2,26,0,no tag,NA
5752,10-ha,724,C,8,2004,2,15,0,no tag,NA
5752,10-ha,726,B,9,2004,3,48,0,no tag,NA
5752,10-ha,728,A,9,2004,3,39,0,no tag,NA
5752,10-ha,735,D,5,2004,2,6,0,no tag,NA
5752,10-ha,744,A,8,2005,2,38,0,no tag,NA
5752,10-ha,748,B,4,2005,1,17,0,no tag,NA
5752,10-ha,749,B,4,2005,1,23,0,no tag,NA
5752,10-ha,750,B,4,2005,1,15,0,no tag,NA
5752,10-ha,751,B,4,2005,1,14,0,no tag,NA
5752,10-ha,754,B,4,2005,1,17,0,no tag,NA
5752,10-ha,755,B,4,2005,1,19,0,no tag,NA
5752,10-ha,794,A,2,2005,1,14,0,no tag,NA
5752,10-ha,795,A,2,2005,1,17,0,no tag,NA
5752,10-ha,797,A,3,2005,1,16,0,no tag,NA
5753,1-ha,267,C,3,2000,3,26,0,no tag,NA
5753,1-ha,308,E,9,2001,1,28,0,no tag,NA
5753,1-ha,317,E,9,2001,2,35,0,no tag,NA
5753,1-ha,322,E,2,2003,2,50,0,no tag,NA
5753,1-ha,329,E,9,2000,1,30,0,no tag,NA
5753,1-ha,332,E,9,2001,1,17,0,no tag,NA
5753,1-ha,336,C,10,2000,2,50,0,no tag,NA
5753,1-ha,340,B,2,2001,1,17,0,no tag,NA
5753,1-ha,344,E,9,2001,1,25,0,no tag,NA
5753,1-ha,348,B,4,2005,1,15,0,no tag,NA
5754,10-ha,10,D,4,2003,2,54,0,no tag,NA
5754,10-ha,24,B,5,2003,4,70,0,no tag,NA
5754,10-ha,61,D,8,2003,5,85,0,no tag,NA
5754,10-ha,606,B,4,2000,1,17,0,no tag,NA
5754,10-ha,610,B,3,2000,2,24,0,no tag,NA
5754,10-ha,614,B,3,2000,1,18,0,no tag,NA
5754,10-ha,618,B,4,2000,1,20,0,no tag,NA
5754,10-ha,638,B,3,2000,2,20,0,no tag,NA
5754,10-ha,651,B,3,2000,1,21,0,no tag,NA
5754,10-ha,654,B,4,2000,1,20,0,no tag,NA
5754,10-ha,655,B,3,2000,1,30,0,no tag,NA
5754,10-ha,666,B,3,2000,1,21,0,no tag,NA
5754,10-ha,667,B,3,2000,1,14,0,no tag,NA
5754,10-ha,673,D,7,2000,1,18,0,no tag,NA
5754,10-ha,701,D,7,2002,3,28,0,no tag,NA
5754,10-ha,702,D,7,2002,3,28,0,no tag,NA
5754,10-ha,706,D,7,2002,2,39,0,no tag,NA
5754,10-ha,707,D,7,2002,3,39,0,no tag,NA
5754,10-ha,708,E,4,2005,2,68,0,no tag,NA
5754,10-ha,711,D,7,2002,3,35,0,no tag,NA
5754,10-ha,715,C,7,2004,1,12,0,no tag,NA
5754,10-ha,720,D,9,2004,3,30,0,no tag,NA
5754,10-ha,721,B,3,2004,3,55,0,no tag,NA
5754,10-ha,722,E,2,2004,2,14,0,no tag,NA
5754,10-ha,726,C,7,2004,1,17,0,no tag,NA
5754,10-ha,728,C,6,2004,1,17,0,no tag,NA
5754,10-ha,731,E,5,2004,3,20,0,no tag,NA
5754,10-ha,732,E,2,2004,2,26,0,no tag,NA
5754,10-ha,735,C,8,2004,3,48,0,no tag,NA
5754,10-ha,739,C,8,2004,3,21,0,no tag,NA
5754,10-ha,741,C,7,2004,1,53,0,no tag,NA
5754,10-ha,742,B,6,2004,2,21,0,no tag,NA
5754,10-ha,744,C,7,2004,1,18,0,no tag,NA
5754,10-ha,745,D,6,2004,1,17,0,no tag,NA
5754,10-ha,747,C,8,2004,1,19,0,no tag,NA
5754,10-ha,749,E,5,2004,2,13,0,no tag,NA
5754,10-ha,750,D,8,2005,1,37,0,no tag,NA
5754,10-ha,752,E,7,2005,2,19,0,no tag,NA
5754,10-ha,755,B,6,2005,3,22,0,no tag,NA
5754,10-ha,757,B,7,2005,2,33,0,no tag,NA
5754,10-ha,758,A,7,2005,2,102,0,no tag,NA
5754,10-ha,759,A,7,2005,3,94,0,no tag,NA
5754,10-ha,761,B,6,2005,1,30,0,no tag,NA
5754,10-ha,766,B,5,2005,1,29,0,no tag,NA
5754,10-ha,767,B,5,2005,1,18,0,no tag,NA
5754,10-ha,768,B,5,2005,4,49,0,no tag,NA
5754,10-ha,769,A,5,2005,3,44,0,no tag,NA
5754,10-ha,786,D,7,2002,4,22,0,no tag,NA
5754,10-ha,810,A,5,2003,2,25,0,no tag,duplicate tag number
5754,10-ha,811,A,5,2003,3,28,0,no tag,duplicate tag number
5754,10-ha,826,B,7,2003,3,57,1,no tag,duplicate tag number
5754,10-ha,831,D,9,2003,3,74,0,no tag,duplicate tag number
5754,10-ha,832,D,8,2003,5,85,0,no tag,duplicate tag number
5754,10-ha,833,D,7,2003,5,39,0,no tag,duplicate tag number
5754,10-ha,834,D,7,2003,2,25,0,no tag,duplicate tag number
5754,10-ha,836,D,5,2004,3,75,0,no tag,duplicate tag number
5754,10-ha,842,B,4,2004,1,11,0,no tag,NA
5754,10-ha,845,B,5,2004,2,73,0,no tag,NA
5754,10-ha,849,B,6,2004,5,54,0,no tag,NA
5754,10-ha,852,A,8,2004,2,14,0,no tag,NA
5754,10-ha,853,A,6,2004,3,110,0,no tag,NA
5754,10-ha,867,A,8,2005,4,60,0,no tag,NA
5754,10-ha,868,A,8,2005,1,24,0,no tag,NA
5754,10-ha,893,A,9,2003,3,33,0,no tag,NA
5754,10-ha,896,C,8,2005,3,120,0,no tag,NA
5754,10-ha,897,A,2,2003,1,12,0,no tag,NA
5754,10-ha,934,B,7,2002,1,28,0,no tag,NA
5754,10-ha,964,B,7,2002,2,54,0,no tag,NA
5754,10-ha,985,B,6,2002,2,26,0,no tag,NA
5754,10-ha,990,D,7,2002,4,26,0,no tag,NA
5754,10-ha,992,B,2,2002,1,22,0,no tag,NA
5754,10-ha,994,E,4,2004,0,0,0,no tag,NA
5754,10-ha,995,B,4,2002,3,32,0,no tag,NA
5754,10-ha,996,B,3,2002,2,47,0,no tag,NA
5754,10-ha,998,B,3,2002,2,24,0,no tag,NA
5754,10-ha,1301,E,5,2001,1,25,0,no tag,NA
5754,10-ha,1310,E,4,2001,1,33,0,no tag,NA
5754,10-ha,1311,E,4,2001,1,21,0,no tag,NA
5754,10-ha,1313,E,4,2001,1,25,0,no tag,NA
5754,10-ha,1329,C,8,2002,6,52,0,no tag,NA
5754,10-ha,1331,D,7,2002,1,31,0,no tag,NA
5754,10-ha,1336,A,1,2005,2,20,0,no tag,NA
5754,10-ha,1343,B,6,2002,3,38,0,no tag,NA
5754,10-ha,1345,B,7,2002,4,15,0,no tag,NA
5754,10-ha,1346,B,7,2002,3,53,0,no tag,NA
5754,10-ha,1356,C,6,2001,1,27,0,no tag,NA
5754,10-ha,1363,B,6,2002,2,23,0,no tag,NA
5754,10-ha,1365,B,3,2001,2,13,0,no tag,NA
5754,10-ha,1372,B,3,2001,1,34,0,no tag,NA
5754,10-ha,1381,B,4,2001,1,33,0,no tag,NA
5754,10-ha,1395,B,4,2001,1,29,0,no tag,NA
5756,CF,740,E,4,2000,3,19,0,no tag,NA
5756,CF,817,B,7,2000,1,25,0,no tag,NA
5756,CF,882,D,10,2002,3,29,0,no tag,NA
5756,CF,918,B,7,2001,1,31,0,no tag,NA
5756,CF,942,E,9,2002,1,19,0,no tag,NA
5756,CF,943,E,9,2002,3,22,0,no tag,NA
5756,CF,948,D,9,2001,1,37,0,no tag,NA
5756,CF,1245,A,8,2005,1,21,0,no tag,NA
5756,CF,1277,C,2,2004,1,13,0,no tag,NA
5756,CF,1283,B,4,2004,4,83,0,no tag,NA
5756,CF,1601,A,6,2005,5,68,0,no tag,NA
5756,CF,1603,B,10,2004,3,35,0,no tag,NA
5756,CF,1611,A,5,2005,3,21,0,no tag,NA
5756,CF,1613,E,2,2004,5,38,0,no tag,NA
5756,CF,1615,C,5,2005,2,20,0,no tag,NA
5756,CF,1621,A,3,2005,3,38,0,no tag,NA
5756,CF,1632,D,1,2005,1,16,0,no tag,NA
5756,CF,1652,A,3,2007,2,50,NA,no tag,NA
5756,CF,1674,B,3,2007,1,15,NA,no tag,NA
5756,CF,1682,D,2,2007,3,32,NA,no tag,NA
5756,CF,1683,E,1,2007,3,46,NA,no tag,NA
5756,CF,1685,E,1,2007,2,40,NA,no tag,NA
5756,CF,1701,E,1,2007,3,60,NA,no tag,NA
5756,CF,1716,D,1,2007,4,32,NA,no tag,NA
5756,CF,1800,E,1,2007,3,37,NA,no tag,NA
CaboFrio-CF,CF,12,A,8,2005,2,18,0,no tag,NA
CaboFrio-CF,CF,14,E,9,2005,2,19,0,no tag,NA
CaboFrio-CF,CF,15,E,10,2005,1,16,0,no tag,NA
CaboFrio-CF,CF,28,B,8,2005,1,20,0,no tag,NA
CaboFrio-CF,CF,30,D,7,2005,2,19,0,no tag,NA
CaboFrio-CF,CF,31,C,7,2005,2,18,0,no tag,NA
CaboFrio-CF,CF,35,D,5,2005,2,24,0,no tag,NA
CaboFrio-CF,CF,38,E,3,2005,2,27,0,no tag,NA
CaboFrio-CF,CF,40,B,2,2005,2,39,0,no tag,NA
CaboFrio-CF,CF,45,A,1,2005,4,110,0,no tag,NA
CaboFrio-CF,CF,260,B,8,2002,3,50,0,no tag,NA
CaboFrio-CF,CF,293,B,8,2002,2,43,0,no tag,NA
CaboFrio-CF,CF,371,A,3,2004,5,50,0,no tag,NA
Dimona-CF,CF,101,B,10,2005,1,18,0,no tag,NA
Dimona-CF,CF,105,B,1,2005,3,27,0,no tag,NA
Dimona-CF,CF,113,D,8,2005,1,18,0,no tag,NA
Dimona-CF,CF,116,D,7,2005,1,22,0,no tag,NA
Dimona-CF,CF,120,D,6,2003,3,20,0,no tag,NA
Dimona-CF,CF,121,B,10,2005,2,25,0,no tag,NA
Dimona-CF,CF,132,C,5,2005,1,27,0,no tag,NA
Dimona-CF,CF,134,C,5,2005,2,22,0,no tag,NA
Dimona-CF,CF,140,D,5,2005,1,20,0,no tag,NA
Dimona-CF,CF,146,D,6,2004,3,27,0,no tag,NA
Dimona-CF,CF,160,D,7,2004,1,22,0,no tag,NA
Dimona-CF,CF,177,C,9,2004,1,24,0,no tag,NA
Dimona-CF,CF,178,C,8,2004,2,25,0,no tag,NA
Dimona-CF,CF,179,A,6,2004,4,69,0,no tag,NA
Dimona-CF,CF,182,C,5,2005,5,24,0,no tag,NA
Dimona-CF,CF,184,E,10,2004,1,13,0,no tag,NA
Florestal-CF,CF,67,C,4,2003,5,73,0,no tag,NA
Florestal-CF,CF,325,E,4,2003,1,25,0,no tag,NA
Florestal-CF,CF,940,A,1,2001,6,33,0,no tag,NA
Florestal-CF,CF,964,A,3,2001,1,45,0,no tag,NA
Florestal-CF,CF,993,A,1,2001,2,11,0,no tag,NA
Florestal-CF,CF,1003,D,3,2001,6,75,2,no tag,NA
Florestal-CF,CF,1005,E,1,2001,3,44,0,no tag,NA
Florestal-CF,CF,1007,A,3,2002,3,29,0,no tag,NA
Florestal-CF,CF,1010,D,2,2001,1,19,0,no tag,NA
Florestal-CF,CF,1034,D,2,2001,4,46,0,no tag,NA
Florestal-CF,CF,1038,E,10,2002,1,17,0,no tag,NA
Florestal-CF,CF,1049,A,1,2002,2,18,0,no tag,NA
Florestal-CF,CF,1059,D,2,2001,1,32,0,no tag,NA
Florestal-CF,CF,1062,E,2,2001,8,75,0,no tag,NA
Florestal-CF,CF,1088,E,2,2001,12,96,0,no tag,NA
Florestal-CF,CF,1106,B,1,2002,2,35,0,no tag,NA
Florestal-CF,CF,1107,A,3,2002,3,32,0,no tag,NA
Florestal-CF,CF,1116,A,1,2002,5,40,0,no tag,NA
Florestal-CF,CF,1129,B,1,2002,3,50,0,no tag,NA
Florestal-CF,CF,1140,E,1,2002,5,97,0,no tag,NA
Florestal-CF,CF,1144,D,3,2003,4,22,0,no tag,NA
Florestal-CF,CF,1149,A,2,2002,2,10,0,no tag,NA
Florestal-CF,CF,1169,E,1,2002,1,19,0,no tag,NA
Florestal-CF,CF,1170,A,1,2002,1,25,0,no tag,NA
Florestal-CF,CF,1173,A,2,2002,6,30,0,no tag,NA
Florestal-CF,CF,1182,B,2,2002,3,34,0,no tag,NA
Florestal-CF,CF,1189,A,3,2002,1,24,0,no tag,NA
Florestal-CF,CF,1197,A,3,2002,3,41,0,no tag,NA
Florestal-CF,CF,1201,E,1,2004,1,22,0,no tag,NA
Florestal-CF,CF,1202,E,1,2004,2,130,0,no tag,NA
Florestal-CF,CF,1203,E,1,2004,3,81,1,no tag,NA
Florestal-CF,CF,1204,D,2,2004,3,57,0,no tag,NA
Florestal-CF,CF,1205,E,2,2004,1,12,0,no tag,NA
Florestal-CF,CF,1206,E,2,2004,3,61,0,no tag,NA
Florestal-CF,CF,1207,D,2,2004,3,61,0,no tag,NA
Florestal-CF,CF,1209,A,2,2004,2,30,0,no tag,NA
Florestal-CF,CF,1212,B,3,2004,1,20,0,no tag,NA
Florestal-CF,CF,1213,B,3,2004,1,14,0,no tag,NA
Florestal-CF,CF,1214,B,3,2004,1,19,0,no tag,NA
Florestal-CF,CF,1215,B,3,2004,2,32,0,no tag,NA
Florestal-CF,CF,1217,E,4,2004,1,10,0,no tag,NA
Florestal-CF,CF,1219,D,4,2004,2,27,0,no tag,NA
Florestal-CF,CF,1220,D,3,2004,2,55,0,no tag,NA
Florestal-CF,CF,1227,E,2,2004,1,18,0,no tag,NA
Florestal-CF,CF,1229,E,2,2004,1,29,0,no tag,NA
Florestal-CF,CF,1230,E,1,2004,3,63,0,no tag,NA
Florestal-CF,CF,1231,B,5,2004,2,32,0,no tag,NA
Florestal-CF,CF,1233,E,1,2004,5,108,1,no tag,NA
Florestal-CF,CF,1234,D,1,2004,3,67,0,no tag,NA
Florestal-CF,CF,1235,D,1,2004,4,55,0,no tag,NA
Florestal-CF,CF,1239,A,9,2004,2,27,0,no tag,NA
Florestal-CF,CF,1240,B,2,2007,2,22,NA,no tag,NA
Florestal-CF,CF,1252,C,7,2004,1,30,0,no tag,NA
Florestal-CF,CF,1257,D,1,2001,3,45,0,no tag,NA
Florestal-CF,CF,1279,E,3,2007,3,58,NA,no tag,NA
Florestal-CF,CF,1293,A,8,2007,1,27,NA,no tag,NA
Florestal-CF,CF,1297,D,5,2004,2,29,0,no tag,NA
Florestal-CF,CF,1405,B,1,2005,2,17,0,no tag,NA
Florestal-CF,CF,1406,D,2,2005,2,33,0,no tag,NA
Florestal-CF,CF,1413,E,7,2002,2,38,0,no tag,NA
Florestal-CF,CF,1419,E,1,2002,4,31,0,no tag,NA
Florestal-CF,CF,1420,E,1,2002,1,15,0,no tag,NA
Florestal-CF,CF,1423,E,1,2002,1,21,0,no tag,NA
Florestal-CF,CF,1424,E,1,2002,2,18,0,no tag,NA
Florestal-CF,CF,1429,E,1,2002,2,21,0,no tag,NA
Florestal-CF,CF,1436,E,1,2002,2,25,0,no tag,NA
Florestal-CF,CF,1440,E,6,2002,1,16,0,no tag,NA
Florestal-CF,CF,1443,E,6,2002,1,19,0,no tag,NA
Florestal-CF,CF,1449,A,3,2005,1,19,0,no tag,NA
Florestal-CF,CF,1451,D,3,2005,2,45,0,no tag,NA
Florestal-CF,CF,1455,E,4,2005,1,15,0,no tag,NA
Florestal-CF,CF,1465,A,5,2005,1,16,0,no tag,NA
Florestal-CF,CF,1479,E,6,2005,1,15,0,no tag,NA
Florestal-CF,CF,1482,C,6,2005,1,29,0,no tag,NA
Florestal-CF,CF,1503,E,2,2003,3,42,0,no tag,NA
Florestal-CF,CF,1511,B,1,2003,4,66,0,no tag,NA
Florestal-CF,CF,1518,D,3,2003,2,42,0,no tag,NA
Florestal-CF,CF,1519,D,4,2003,10,120,0,no tag,NA
Florestal-CF,CF,1530,B,3,2003,3,110,0,no tag,NA
Florestal-CF,CF,1533,D,3,2004,1,17,0,no tag,NA
Florestal-CF,CF,1535,E,4,2003,1,25,0,no tag,NA
Florestal-CF,CF,1543,E,7,2003,8,88,0,no tag,NA
Florestal-CF,CF,1544,E,7,2003,3,26,0,no tag,NA
Florestal-CF,CF,1545,E,7,2003,1,19,0,no tag,NA
Florestal-CF,CF,1546,E,7,2003,1,10,0,no tag,NA
Florestal-CF,CF,1550,E,8,2003,4,128,0,no tag,NA
Florestal-CF,CF,1554,D,3,2007,1,30,NA,no tag,NA
Florestal-CF,CF,1560,C,1,2007,1,18,NA,no tag,NA
Florestal-CF,CF,1562,B,8,2003,1,13,0,no tag,NA
Florestal-CF,CF,1564,E,8,2003,1,8,0,no tag,NA
Florestal-CF,CF,1565,E,8,2003,2,14,0,no tag,NA
Florestal-CF,CF,1571,B,4,2007,1,26,NA,no tag,NA
Florestal-CF,CF,1577,E,4,2007,2,36,NA,no tag,NA
Florestal-CF,CF,1903,B,2,2008,1,18,NA,no tag,NA
Florestal-CF,CF,1915,E,7,2007,2,21,NA,no tag,NA
PortoAlegre-CF,CF,212,E,10,2004,3,63,0,no tag,NA
PortoAlegre-CF,CF,217,A,5,2004,3,38,0,no tag,NA
PortoAlegre-CF,CF,225,B,5,2004,3,22,0,no tag,NA
PortoAlegre-CF,CF,229,C,8,2004,2,24,0,no tag,NA
PortoAlegre-CF,CF,234,C,7,2006,1,42,NA,no tag,NA
PortoAlegre-CF,CF,240,D,8,2004,2,19,0,no tag,NA
PortoAlegre-CF,CF,363,E,10,2004,2,111,0,no tag,NA
2107,1-ha,30,E,1,2008,1,6,NA,ULY,NA
2107,1-ha,35,C,8,2008,3,60,NA,ULY,NA
2107,1-ha,42,D,5,2008,3,43,NA,ULY,NA
2107,1-ha,74,B,3,2008,3,13,NA,ULY,NA
2107,1-ha,77,B,3,2008,3,26,NA,ULY,NA
2107,1-ha,111,A,9,2008,4,22,NA,ULY,NA
2107,1-ha,123,E,5,2008,2,12,NA,ULY,NA
2107,1-ha,165,B,6,2008,3,44,NA,ULY,NA
2107,1-ha,215,A,9,2008,2,17,NA,ULY,NA
2107,1-ha,218,A,10,2008,2,16,NA,ULY,NA
2107,1-ha,220,C,2,2008,2,15,NA,ULY,NA
2107,1-ha,228,C,7,2000,2,48,0,ULY,NA
2107,1-ha,240,B,7,2000,2,21,0,ULY,NA
2107,1-ha,244,A,7,2000,NA,26,0,ULY,NA
2107,1-ha,246,C,10,2000,1,17,0,ULY,NA
2107,1-ha,246,C,10,2008,4,29,NA,ULY,NA
2107,1-ha,255,A,7,2001,2,29,0,ULY,NA
2107,1-ha,262,A,3,2002,2,25,0,ULY,NA
2107,1-ha,275,C,9,2002,1,18,0,ULY,NA
2107,1-ha,280,B,4,2008,1,18,NA,ULY,NA
2107,1-ha,303,E,4,2008,1,35,NA,ULY,NA
2107,1-ha,304,E,5,2004,2,20,0,ULY,NA
2107,1-ha,306,D,10,2004,2,30,0,ULY,NA
2107,1-ha,310,D,8,2004,2,13,0,ULY,NA
2107,1-ha,375,E,5,2008,4,37,NA,ULY,NA
2107,1-ha,387,D,9,2008,1,30,NA,ULY,NA
2107,1-ha,391,D,9,2008,4,78,NA,ULY,NA
2108,1-ha,4,C,4,2008,2,10,NA,ULY,NA
2108,1-ha,16,B,7,2008,1,7,NA,ULY,NA
2108,1-ha,57,C,7,2008,4,37,NA,ULY,NA
2108,1-ha,59,A,9,2008,9,47,NA,ULY,NA
2108,1-ha,64,D,1,2001,1,16,0,ULY,NA
2108,1-ha,70,B,8,2008,1,13,NA,ULY,NA
2108,1-ha,86,E,8,2008,3,58,NA,ULY,NA
2108,1-ha,91,A,9,2008,3,99,NA,ULY,NA
2108,1-ha,139,E,1,2008,3,45,NA,ULY,NA
2108,1-ha,141,A,4,2008,1,21,NA,ULY,NA
2108,1-ha,209,B,2,2000,2,28,0,ULY,NA
2108,1-ha,215,E,7,2000,1,17,0,ULY,NA
2108,1-ha,231,D,1,2000,1,20,0,ULY,NA
2108,1-ha,235,A,9,2002,2,24,0,ULY,NA
2108,1-ha,241,C,8,2001,1,22,0,ULY,NA
2108,1-ha,246,A,9,2008,2,18,NA,ULY,NA
2108,1-ha,256,E,10,2008,2,27,NA,ULY,NA
2108,1-ha,276,B,7,2008,2,22,NA,ULY,NA
2108,1-ha,294,D,9,2007,2,25,NA,ULY,NA
2108,1-ha,299,D,2,2000,1,19,0,ULY,NA
2108,1-ha,301,D,9,2007,1,15,NA,ULY,NA
2108,1-ha,309,C,8,2008,1,26,NA,ULY,NA
2108,1-ha,323,E,3,2008,3,28,NA,ULY,NA
2108,1-ha,350,A,10,2008,2,23,NA,ULY,NA
2108,1-ha,359,D,8,2008,2,32,NA,ULY,NA
2108,1-ha,392,D,8,2007,5,43,NA,ULY,NA
2108,1-ha,393,C,9,2007,1,14,NA,ULY,NA
2108,1-ha,396,B,8,2008,1,11,NA,ULY,NA
2108,1-ha,400,A,6,2006,1,45,NA,ULY,NA
2206,10-ha,22,E,9,2002,4,30,0,ULY,NA
2206,10-ha,124,E,3,2000,2,14,0,ULY,NA
2206,10-ha,143,A,3,2000,2,35,0,ULY,NA
2206,10-ha,149,D,9,2006,3,120,NA,ULY,NA
2206,10-ha,168,B,5,2000,2,16,0,ULY,NA
2206,10-ha,192,D,3,2000,1,16,0,ULY,NA
2206,10-ha,204,D,3,2000,2,12,0,ULY,NA
2206,10-ha,207,D,6,2000,1,10,0,ULY,NA
2206,10-ha,210,E,10,2001,1,30,0,ULY,NA
2206,10-ha,211,E,8,2000,2,20,0,ULY,NA
2206,10-ha,213,E,10,2000,5,47,0,ULY,NA
2206,10-ha,253,A,4,2004,2,16,0,ULY,NA
2206,10-ha,270,B,10,2004,2,26,0,ULY,NA
2206,10-ha,323,B,9,2006,2,34,NA,ULY,NA
2206,10-ha,333,B,9,2006,4,68,NA,ULY,NA
2206,10-ha,335,B,9,2006,3,30,NA,ULY,NA
5750,CF,29,B,10,2008,5,61,NA,ULY,NA
5750,CF,233,G,9,2008,2,NA,NA,ULY,NA
5750,CF,369,H,6,2008,2,57,NA,ULY,NA
5750,CF,424,I,8,2008,2,26,NA,ULY,NA
5750,CF,542,F,9,2008,1,26,NA,ULY,NA
5750,CF,558,J,9,2000,2,16,0,ULY,NA
5750,CF,562,J,9,2000,4,69,0,ULY,NA
5750,CF,570,H,7,2000,4,46,0,ULY,NA
5750,CF,578,J,8,2000,1,25,0,ULY,NA
5750,CF,587,D,8,2000,1,16,0,ULY,NA
5750,CF,598,J,7,2000,3,31,0,ULY,NA
5750,CF,600,F,10,2000,1,15,0,ULY,NA
5750,CF,601,F,10,2000,2,20,0,ULY,NA
5750,CF,615,C,9,2000,3,13,0,ULY,NA
5750,CF,633,F,8,2000,3,29,0,ULY,NA
5750,CF,652,J,8,2000,1,34,0,ULY,NA
5750,CF,654,J,8,2000,2,26,0,ULY,NA
5750,CF,657,H,8,2000,1,29,0,ULY,NA
5750,CF,701,B,7,2002,NA,1,0,ULY,NA
5750,CF,743,D,6,2002,3,35,0,ULY,NA
5750,CF,759,D,6,2002,2,20,0,ULY,NA
5750,CF,767,A,8,2002,1,22,0,ULY,NA
5750,CF,810,J,10,2002,1,22,0,ULY,NA
5750,CF,827,J,10,2002,1,20,0,ULY,NA
5750,CF,828,A,9,2002,2,22,0,ULY,NA
5750,CF,869,C,9,2004,3,24,0,ULY,NA
5750,CF,882,G,9,2004,3,17,0,ULY,NA
5750,CF,887,F,9,2004,2,23,0,ULY,NA
5750,CF,901,I,10,2004,3,25,0,ULY,NA
5750,CF,905,H,10,2004,2,23,0,ULY,NA
5750,CF,909,C,9,2004,2,29,0,ULY,NA
5750,CF,916,J,9,2004,3,39,0,ULY,NA
5750,CF,918,J,10,2004,2,22,0,ULY,NA
5750,CF,922,I,9,2004,2,17,0,ULY,NA
5750,CF,932,J,10,2004,2,27,0,ULY,NA
5750,CF,940,J,9,2004,5,21,0,ULY,NA
5750,CF,965,H,8,2008,3,49,NA,ULY,NA
5750,CF,996,H,7,2008,4,70,NA,ULY,NA
5750,CF,997,J,7,2004,2,12,0,ULY,NA
5750,CF,1327,H,7,2004,3,44,0,ULY,NA
5750,CF,1336,A,7,2004,2,64,0,ULY,NA
5750,CF,1359,D,6,2008,3,12,NA,ULY,NA
5750,CF,1404,A,8,2004,2,16,0,ULY,NA
5750,CF,1416,F,7,2004,2,16,0,ULY,NA
5750,CF,1417,J,9,2006,4,63,NA,ULY,NA
5750,CF,2043,H,7,2008,2,27,NA,ULY,NA
5750,CF,2061,F,8,2007,5,61,NA,ULY,NA
5750,CF,2070,I,6,2008,1,29,NA,ULY,NA
5750,CF,2306,J,9,2008,4,25,NA,ULY,NA
5750,CF,2313,J,6,2008,4,16,NA,ULY,NA
5750,CF,2317,J,6,2008,2,18,NA,ULY,NA
5750,CF,2341,J,8,2009,4,89,NA,ULY,NA
5751,1-ha,93,E,7,2008,2,32,NA,ULY,NA
5751,1-ha,137,E,1,2008,2,36,NA,ULY,NA
5751,1-ha,191,C,9,2008,1,6,NA,ULY,NA
5751,1-ha,216,E,5,2000,2,25,0,ULY,NA
5751,1-ha,237,D,9,2000,2,26,0,ULY,NA
5751,1-ha,241,E,10,2002,1,28,0,ULY,NA
5751,1-ha,247,D,3,2004,1,18,0,ULY,NA
5751,1-ha,254,E,6,2002,1,19,0,ULY,NA
5751,1-ha,261,D,6,2000,1,19,0,ULY,NA
5751,1-ha,261,D,6,2008,3,108,NA,ULY,NA
5751,1-ha,267,E,6,2000,1,13,0,ULY,NA
5751,1-ha,282,B,7,2004,2,16,0,ULY,NA
5751,1-ha,286,A,7,2004,1,16,0,ULY,NA
5751,1-ha,289,D,7,2002,1,18,0,ULY,NA
5751,1-ha,331,E,2,2008,1,33,NA,ULY,NA
5751,1-ha,338,D,1,2002,2,40,0,ULY,NA
5751,1-ha,340,E,7,2008,1,20,NA,ULY,NA
5751,1-ha,396,C,2,2008,3,23,NA,ULY,NA
5751,1-ha,428,C,1,2006,2,24,NA,ULY,NA
5751,1-ha,429,D,1,2006,2,42,NA,ULY,NA
5752,10-ha,411,C,5,2000,2,20,0,ULY,NA
5752,10-ha,431,B,4,2000,1,20,0,ULY,NA
5752,10-ha,432,D,5,2000,1,16,0,ULY,NA
5752,10-ha,441,D,4,2000,1,18,0,ULY,NA
5752,10-ha,445,D,1,2000,1,15,0,ULY,NA
5752,10-ha,457,D,10,2000,2,31,0,ULY,NA
5752,10-ha,462,D,10,2000,1,8,0,ULY,NA
5752,10-ha,466,A,9,2000,1,27,0,ULY,NA
5752,10-ha,468,C,9,2000,1,8,0,ULY,NA
5752,10-ha,470,A,9,2000,1,17,0,ULY,NA
5752,10-ha,475,E,9,2000,2,26,0,ULY,NA
5752,10-ha,476,A,9,2000,1,20,0,ULY,NA
5752,10-ha,477,E,5,2000,1,18,0,ULY,NA
5752,10-ha,486,C,10,2000,1,14,0,ULY,NA
5752,10-ha,494,B,9,2000,1,14,0,ULY,NA
5752,10-ha,497,C,9,2000,1,14,0,ULY,NA
5752,10-ha,498,D,10,2000,2,22,0,ULY,NA
5752,10-ha,501,B,8,2000,3,33,0,ULY,NA
5752,10-ha,502,B,8,2000,3,36,0,ULY,NA
5752,10-ha,509,B,8,2000,1,51,0,ULY,NA
5752,10-ha,510,B,8,2000,1,45,0,ULY,NA
5752,10-ha,542,D,10,2001,2,22,0,ULY,NA
5752,10-ha,558,A,8,2002,1,15,0,ULY,NA
5752,10-ha,575,C,9,2002,1,24,0,ULY,NA
5752,10-ha,577,A,1,2002,2,23,0,ULY,NA
5752,10-ha,579,C,1,2004,1,12,0,ULY,NA
5752,10-ha,582,B,6,2002,2,28,0,ULY,NA
5752,10-ha,587,C,7,2002,1,20,0,ULY,NA
5752,10-ha,601,A,4,2002,1,18,0,ULY,NA
5752,10-ha,603,A,4,2002,1,24,0,ULY,NA
5752,10-ha,604,B,3,2002,1,15,0,ULY,NA
5752,10-ha,606,B,4,2002,1,21,0,ULY,NA
5752,10-ha,609,A,7,2002,1,20,0,ULY,NA
5752,10-ha,615,A,4,2002,1,15,0,ULY,NA
5752,10-ha,616,A,8,2002,2,27,0,ULY,NA
5752,10-ha,625,E,5,2002,1,15,0,ULY,NA
5752,10-ha,628,B,3,2002,2,16,0,ULY,NA
5752,10-ha,638,C,7,2002,5,39,0,ULY,NA
5752,10-ha,641,B,3,2002,3,24,0,ULY,NA
5752,10-ha,647,C,9,2002,2,21,0,ULY,NA
5752,10-ha,650,B,2,2002,1,13,0,ULY,NA
5752,10-ha,674,C,4,2004,1,15,0,ULY,NA
5752,10-ha,706,B,5,2004,2,16,0,ULY,NA
5752,10-ha,771,B,9,2006,1,24,NA,ULY,NA
5752,10-ha,777,A,6,2006,2,47,NA,ULY,NA
5752,10-ha,801,C,5,2006,2,14,NA,ULY,NA
5752,10-ha,805,E,2,2006,1,23,NA,ULY,NA
5752,10-ha,807,D,1,2006,2,31,NA,ULY,NA
5752,10-ha,808,D,1,2006,2,18,NA,ULY,NA
5752,10-ha,816,B,5,2006,1,11,NA,ULY,NA
5752,10-ha,818,B,5,2006,1,17,NA,ULY,NA
5752,10-ha,830,A,6,2006,2,25,NA,ULY,NA
5752,10-ha,846,C,4,2006,1,10,NA,ULY,NA
5752,10-ha,847,E,2,2006,1,18,NA,ULY,NA
5752,10-ha,848,E,1,2006,1,54,NA,ULY,NA
5753,1-ha,253,E,3,2000,2,20,0,ULY,NA
5753,1-ha,265,C,2,2000,2,58,0,ULY,NA
5753,1-ha,268,A,8,2000,1,13,0,ULY,NA
5753,1-ha,272,C,3,2000,2,32,0,ULY,NA
5753,1-ha,295,C,1,2000,1,18,0,ULY,NA
5753,1-ha,304,A,8,2000,1,21,0,ULY,NA
5753,1-ha,305,C,2,2000,2,22,0,ULY,NA
5753,1-ha,306,C,4,2000,2,66,0,ULY,NA
5753,1-ha,313,B,8,2002,1,21,0,ULY,NA
5753,1-ha,318,C,2,2002,2,30,0,ULY,NA
5753,1-ha,321,C,3,2002,4,69,0,ULY,NA
5753,1-ha,324,C,7,2001,2,18,0,ULY,NA
5753,1-ha,337,C,2,2002,3,31,0,ULY,NA
5753,1-ha,358,C,3,2004,2,17,0,ULY,NA
5753,1-ha,362,D,3,2004,1,14,0,ULY,NA
5753,1-ha,363,E,10,2004,2,111,NA,ULY,NA
5753,1-ha,389,C,6,2008,6,20,NA,ULY,NA
5753,1-ha,402,B,3,2006,3,19,NA,ULY,NA
5753,1-ha,411,A,10,2006,3,39,NA,ULY,NA
5753,1-ha,469,D,4,2009,1,35,NA,ULY,NA
5754,10-ha,601,A,3,2000,1,17,0,ULY,NA
5754,10-ha,603,B,1,2000,1,16,0,ULY,NA
5754,10-ha,604,B,5,2000,1,51,0,ULY,NA
5754,10-ha,608,C,3,2003,3,43,0,ULY,NA
5754,10-ha,636,B,4,2000,1,20,0,ULY,NA
5754,10-ha,639,B,10,2000,2,16,0,ULY,NA
5754,10-ha,648,A,10,2000,1,16,0,ULY,NA
5754,10-ha,656,B,1,2000,2,24,0,ULY,NA
5754,10-ha,661,B,8,2000,3,29,0,ULY,NA
5754,10-ha,691,D,8,2000,2,26,0,ULY,NA
5754,10-ha,696,D,8,2003,4,81,0,ULY,NA
5754,10-ha,703,C,8,2002,1,18,0,ULY,NA
5754,10-ha,709,C,6,2002,1,13,0,ULY,NA
5754,10-ha,710,C,8,2002,1,17,0,ULY,NA
5754,10-ha,712,C,8,2002,1,32,0,ULY,NA
5754,10-ha,713,E,8,2002,2,23,0,ULY,NA
5754,10-ha,730,E,9,2004,2,15,0,ULY,NA
5754,10-ha,773,D,8,2002,5,36,0,ULY,NA
5754,10-ha,779,C,2,2002,2,26,0,ULY,NA
5754,10-ha,780,C,8,2002,4,23,0,ULY,NA
5754,10-ha,781,C,3,2002,2,22,0,ULY,NA
5754,10-ha,783,C,3,2002,1,17,0,ULY,NA
5754,10-ha,788,C,5,2002,1,27,0,ULY,NA
5754,10-ha,789,E,9,2002,1,20,0,ULY,NA
5754,10-ha,791,C,7,2002,5,33,0,ULY,NA
5754,10-ha,792,D,10,2002,1,17,0,ULY,NA
5754,10-ha,793,C,4,2002,2,21,0,ULY,NA
5754,10-ha,796,D,5,2002,1,12,0,ULY,NA
5754,10-ha,799,E,4,2002,2,22,0,ULY,NA
5754,10-ha,807,A,8,2003,1,10,0,ULY,NA
5754,10-ha,809,A,6,2003,1,15,0,ULY,NA
5754,10-ha,813,A,5,2003,6,50,0,ULY,duplicate tag number
5754,10-ha,813,A,9,2006,1,20,NA,ULY,duplicate tag number
5754,10-ha,815,C,3,2003,3,37,0,ULY,NA
5754,10-ha,816,C,3,2003,3,39,0,ULY,duplicate tag number
5754,10-ha,818,B,7,2003,3,70,0,ULY,NA
5754,10-ha,819,B,7,2003,2,17,0,ULY,duplicate tag number
5754,10-ha,820,B,7,2003,1,20,0,ULY,NA
5754,10-ha,825,B,7,2003,3,38,0,ULY,NA
5754,10-ha,828,B,10,2003,1,16,0,ULY,duplicate tag number
5754,10-ha,829,C,7,2003,2,49,0,ULY,duplicate tag number
5754,10-ha,850,A,9,2004,1,10,0,ULY,NA
5754,10-ha,855,A,4,2004,2,24,0,ULY,NA
5754,10-ha,857,A,6,2004,3,42,0,ULY,NA
5754,10-ha,858,A,8,2004,1,16,0,ULY,duplicate tag number
5754,10-ha,860,A,8,2004,2,14,0,ULY,duplicate tag number
5754,10-ha,895,A,5,2003,3,16,0,ULY,NA
5754,10-ha,898,A,7,2003,3,26,0,ULY,NA
5754,10-ha,903,E,3,2000,2,21,0,ULY,NA
5754,10-ha,929,C,9,2000,1,21,0,ULY,NA
5754,10-ha,935,E,9,2000,1,17,0,ULY,NA
5754,10-ha,939,E,6,2000,2,40,0,ULY,NA
5754,10-ha,951,A,6,2002,5,80,0,ULY,NA
5754,10-ha,952,A,7,2002,3,24,0,ULY,NA
5754,10-ha,953,A,4,2002,1,20,0,ULY,NA
5754,10-ha,959,A,6,2002,1,22,0,ULY,NA
5754,10-ha,960,B,7,2002,3,22,0,ULY,NA
5754,10-ha,965,A,7,2002,3,25,0,ULY,NA
5754,10-ha,969,B,7,2002,4,20,0,ULY,NA
5754,10-ha,977,A,5,2002,1,17,0,ULY,NA
5754,10-ha,981,A,7,2002,2,18,0,ULY,NA
5754,10-ha,1000,C,8,2002,1,18,0,ULY,NA
5754,10-ha,1327,E,7,2002,1,10,0,ULY,NA
5754,10-ha,1328,C,9,2002,3,26,0,ULY,NA
5754,10-ha,1335,E,7,2002,3,17,0,ULY,NA
5754,10-ha,1337,B,3,2002,1,20,0,ULY,NA
5754,10-ha,1342,B,2,2002,2,22,0,ULY,NA
5756,CF,116,C,9,2008,1,62,NA,ULY,NA
5756,CF,198,C,1,2008,3,40,NA,ULY,NA
5756,CF,265,A,6,2008,1,26,NA,ULY,NA
5756,CF,360,C,1,2000,3,38,0,ULY,NA
5756,CF,447,C,9,2008,3,60,NA,ULY,NA
5756,CF,451,C,7,2008,3,51,NA,ULY,NA
5756,CF,546,B,2,2000,1,20,0,ULY,NA
5756,CF,593,A,3,2000,6,52,0,ULY,NA
5756,CF,597,E,3,2008,1,11,NA,ULY,NA
5756,CF,770,B,6,2000,2,22,0,ULY,NA
5756,CF,791,D,5,2000,2,28,0,ULY,NA
5756,CF,805,E,6,2000,2,23,0,ULY,NA
5756,CF,807,D,4,2000,2,18,0,ULY,NA
5756,CF,816,D,9,2009,4,70,1,ULY,duplicate tag number
5756,CF,831,A,4,2000,1,25,0,ULY,NA
5756,CF,834,B,4,2000,2,12,0,ULY,NA
5756,CF,837,A,5,2000,3,30,0,ULY,NA
5756,CF,846,A,7,2000,1,15,0,ULY,NA
5756,CF,850,B,7,2000,2,19,0,ULY,NA
5756,CF,857,B,7,2000,3,24,0,ULY,NA
5756,CF,857,B,7,2008,2,53,NA,ULY,NA
5756,CF,872,B,7,2000,1,21,0,ULY,NA
5756,CF,888,B,8,2002,1,22,0,ULY,NA
5756,CF,965,D,8,2002,1,11,0,ULY,NA
5756,CF,968,A,8,2002,2,15,0,ULY,NA
5756,CF,976,B,7,2002,1,22,0,ULY,NA
5756,CF,981,A,5,2002,1,19,0,ULY,NA
5756,CF,994,E,7,2002,1,14,0,ULY,NA
5756,CF,995,B,6,2002,1,19,0,ULY,NA
5756,CF,997,B,7,2002,1,20,0,ULY,NA
5756,CF,1000,D,7,2002,1,16,0,ULY,NA
5756,CF,1202,E,8,2002,2,16,0,ULY,NA
5756,CF,1215,A,6,2002,1,28,0,ULY,NA
5756,CF,1220,B,6,2002,1,16,0,ULY,NA
5756,CF,1221,E,2,2002,2,28,0,ULY,NA
5756,CF,1222,E,2,2002,2,22,0,ULY,NA
5756,CF,1246,C,1,2002,2,24,0,ULY,NA
5756,CF,1256,E,9,2003,1,16,0,ULY,NA
5756,CF,1257,E,8,2003,1,20,0,ULY,NA
5756,CF,1261,A,8,2003,3,45,0,ULY,NA
5756,CF,1262,A,8,2003,3,18,0,ULY,NA
5756,CF,1263,A,8,2003,8,50,0,ULY,NA
5756,CF,1263,A,8,2008,4,61,NA,ULY,NA
5756,CF,1264,A,7,2003,6,40,0,ULY,NA
5756,CF,1265,B,7,2003,2,27,0,ULY,NA
5756,CF,1266,B,7,2003,3,25,0,ULY,NA
5756,CF,1276,B,2,2003,2,28,0,ULY,NA
5756,CF,1282,C,7,2004,1,15,0,ULY,NA
5756,CF,1285,C,8,2004,3,68,NA,ULY,NA
5756,CF,1608,D,10,2004,3,50,NA,ULY,NA
5756,CF,1617,B,6,2004,1,16,0,ULY,NA
5756,CF,1655,B,8,2006,3,34,NA,ULY,NA
5756,CF,1686,E,2,2004,1,15,NA,ULY,NA
5756,CF,1696,B,6,2008,1,21,NA,ULY,NA
5756,CF,1721,D,2,2008,2,19,NA,ULY,NA
5756,CF,1732,A,2,2008,7,38,NA,ULY,NA
5756,CF,1777,D,7,2008,4,62,NA,ULY,NA
5756,CF,1779,C,9,2008,2,28,NA,ULY,NA
5756,CF,1789,A,5,2008,4,81,1,ULY,NA
CaboFrio-CF,CF,208,C,7,2002,1,13,0,ULY,NA
CaboFrio-CF,CF,212,A,10,2002,2,20,0,ULY,NA
CaboFrio-CF,CF,216,A,9,2002,2,16,0,ULY,NA
CaboFrio-CF,CF,217,A,10,2002,1,20,0,ULY,NA
CaboFrio-CF,CF,227,C,7,2002,1,12,0,ULY,NA
CaboFrio-CF,CF,230,B,7,2002,1,18,0,ULY,NA
CaboFrio-CF,CF,235,B,1,2002,1,15,0,ULY,NA
CaboFrio-CF,CF,241,A,5,2002,2,29,0,ULY,NA
CaboFrio-CF,CF,242,A,8,2002,1,12,0,ULY,NA
CaboFrio-CF,CF,245,A,5,2001,3,25,0,ULY,NA
CaboFrio-CF,CF,248,D,2,2002,1,12,0,ULY,NA
CaboFrio-CF,CF,257,A,10,2002,2,21,0,ULY,NA
CaboFrio-CF,CF,259,E,2,2002,1,18,0,ULY,NA
CaboFrio-CF,CF,262,A,9,2002,1,16,0,ULY,NA
CaboFrio-CF,CF,265,D,1,2002,1,19,0,ULY,NA
CaboFrio-CF,CF,266,C,7,2002,1,16,0,ULY,NA
CaboFrio-CF,CF,269,C,8,2002,1,11,0,ULY,NA
CaboFrio-CF,CF,277,C,8,2002,3,28,0,ULY,NA
CaboFrio-CF,CF,278,B,10,2002,2,15,0,ULY,NA
CaboFrio-CF,CF,280,C,7,2002,1,19,0,ULY,NA
CaboFrio-CF,CF,282,D,6,2002,2,12,0,ULY,NA
CaboFrio-CF,CF,290,A,5,2002,1,12,0,ULY,NA
CaboFrio-CF,CF,337,B,8,2002,1,30,0,ULY,NA
CaboFrio-CF,CF,378,D,6,2008,3,NA,NA,ULY,NA
CaboFrio-CF,CF,2116,E,2,2007,3,25,NA,ULY,NA
Dimona-CF,CF,89,E,8,2008,1,6,NA,ULY,NA
Dimona-CF,CF,147,C,4,2001,1,22,0,ULY,NA
Dimona-CF,CF,149,D,6,2002,3,16,0,ULY,NA
Dimona-CF,CF,151,A,8,2001,1,17,0,ULY,NA
Dimona-CF,CF,152,B,4,2001,3,16,0,ULY,NA
Dimona-CF,CF,166,C,5,2006,3,29,NA,ULY,NA
Dimona-CF,CF,168,E,3,2002,1,18,0,ULY,NA
Florestal-CF,CF,264,B,8,2008,4,43,NA,ULY,NA
Florestal-CF,CF,378,D,6,2007,4,69,NA,ULY,NA
Florestal-CF,CF,674,B,5,2008,2,42,NA,ULY,NA
Florestal-CF,CF,699,C,2,2000,1,14,0,ULY,NA
Florestal-CF,CF,735,B,6,2000,2,20,0,ULY,NA
Florestal-CF,CF,749,B,4,2000,1,17,0,ULY,NA
Florestal-CF,CF,761,A,1,2000,1,14,0,ULY,NA
Florestal-CF,CF,778,E,8,2008,3,31,NA,ULY,NA
Florestal-CF,CF,801,A,8,2000,3,28,0,ULY,NA
Florestal-CF,CF,814,A,7,2000,1,25,0,ULY,NA
Florestal-CF,CF,827,B,1,2000,2,41,0,ULY,NA
Florestal-CF,CF,833,C,4,2000,2,16,0,ULY,NA
Florestal-CF,CF,838,B,6,2000,4,30,0,ULY,NA
Florestal-CF,CF,839,B,6,2000,1,17,0,ULY,NA
Florestal-CF,CF,844,B,6,2002,3,30,0,ULY,NA
Florestal-CF,CF,844,B,6,2008,3,44,NA,ULY,NA
Florestal-CF,CF,845,E,7,2000,3,49,0,ULY,NA
Florestal-CF,CF,846,B,6,2000,3,69,0,ULY,NA
Florestal-CF,CF,848,B,6,2000,3,32,0,ULY,NA
Florestal-CF,CF,849,E,7,2000,1,12,0,ULY,NA
Florestal-CF,CF,856,B,5,2000,1,15,0,ULY,NA
Florestal-CF,CF,887,E,2,2000,1,18,0,ULY,NA
Florestal-CF,CF,888,C,5,2000,1,14,0,ULY,NA
Florestal-CF,CF,896,A,1,2001,1,28,0,ULY,NA
Florestal-CF,CF,906,A,4,2001,1,17,0,ULY,NA
Florestal-CF,CF,913,E,2,2000,3,94,0,ULY,NA
Florestal-CF,CF,914,C,5,2000,2,31,0,ULY,NA
Florestal-CF,CF,917,C,5,2000,2,18,0,ULY,NA
Florestal-CF,CF,919,C,3,2000,2,40,0,ULY,NA
Florestal-CF,CF,926,E,3,2000,2,10,0,ULY,NA
Florestal-CF,CF,939,A,2,2001,3,17,0,ULY,NA
Florestal-CF,CF,943,A,4,2001,1,17,0,ULY,NA
Florestal-CF,CF,946,A,2,2001,2,19,0,ULY,NA
Florestal-CF,CF,957,A,3,2001,2,19,0,ULY,NA
Florestal-CF,CF,972,A,3,2008,3,40,NA,ULY,NA
Florestal-CF,CF,999,E,8,2001,1,17,0,ULY,NA
Florestal-CF,CF,1063,E,10,2001,2,16,0,ULY,NA
Florestal-CF,CF,1068,B,2,2001,4,26,0,ULY,NA
Florestal-CF,CF,1071,C,2,2002,1,14,0,ULY,NA
Florestal-CF,CF,1081,E,7,2001,1,24,0,ULY,NA
Florestal-CF,CF,1082,C,5,2001,1,27,0,ULY,NA
Florestal-CF,CF,1102,D,3,2002,3,20,0,ULY,NA
Florestal-CF,CF,1104,E,8,2002,1,12,0,ULY,NA
Florestal-CF,CF,1109,A,2,2002,1,20,0,ULY,NA
Florestal-CF,CF,1115,B,8,2002,1,20,0,ULY,NA
Florestal-CF,CF,1119,E,8,2002,1,12,0,ULY,NA
Florestal-CF,CF,1123,B,2,2002,2,31,0,ULY,NA
Florestal-CF,CF,1125,B,3,2002,2,25,0,ULY,NA
Florestal-CF,CF,1137,C,2,2002,1,10,0,ULY,NA
Florestal-CF,CF,1138,A,8,2002,1,17,0,ULY,NA
Florestal-CF,CF,1142,D,6,2002,2,24,0,ULY,NA
Florestal-CF,CF,1143,B,3,2002,2,18,0,ULY,NA
Florestal-CF,CF,1146,E,8,2002,1,19,0,ULY,NA
Florestal-CF,CF,1148,A,1,2002,4,35,0,ULY,NA
Florestal-CF,CF,1158,A,1,2002,1,13,0,ULY,NA
Florestal-CF,CF,1162,A,4,2002,1,18,0,ULY,NA
Florestal-CF,CF,1164,B,10,2002,1,11,0,ULY,NA
Florestal-CF,CF,1165,D,1,2002,1,24,0,ULY,NA
Florestal-CF,CF,1167,A,2,2002,3,49,0,ULY,NA
Florestal-CF,CF,1168,E,9,2002,2,13,0,ULY,NA
Florestal-CF,CF,1172,D,1,2002,1,10,0,ULY,NA
Florestal-CF,CF,1179,E,5,2002,2,21,0,ULY,NA
Florestal-CF,CF,1180,A,4,2002,2,25,0,ULY,NA
Florestal-CF,CF,1187,D,3,2002,1,22,0,ULY,NA
Florestal-CF,CF,1210,A,3,2004,1,13,0,ULY,NA
Florestal-CF,CF,1226,E,6,2004,2,13,0,ULY,NA
Florestal-CF,CF,1249,A,6,2004,1,18,0,ULY,NA
Florestal-CF,CF,1253,A,8,2004,1,12,0,ULY,NA
Florestal-CF,CF,1255,A,10,2004,1,15,0,ULY,NA
Florestal-CF,CF,1263,A,2,2006,3,25,NA,ULY,NA
Florestal-CF,CF,1266,B,3,2006,1,32,NA,ULY,NA
Florestal-CF,CF,1403,E,1,2002,1,17,0,ULY,NA
Florestal-CF,CF,1421,E,1,2002,2,34,0,ULY,NA
Florestal-CF,CF,1423,E,1,2008,1,6,NA,ULY,NA
Florestal-CF,CF,1425,E,1,2002,3,42,0,ULY,NA
Florestal-CF,CF,1496,B,6,2006,3,47,NA,ULY,NA
Florestal-CF,CF,1499,B,7,2006,4,51,NA,ULY,NA
Florestal-CF,CF,1578,B,6,2007,2,34,NA,ULY,NA
Florestal-CF,CF,1916,A,1,2008,3,80,NA,ULY,NA
PortoAlegre-CF,CF,12,C,1,2002,1,13,0,ULY,NA
PortoAlegre-CF,CF,33,C,4,2008,3,13,NA,ULY,NA
PortoAlegre-CF,CF,37,C,4,2008,4,90,NA,ULY,NA
PortoAlegre-CF,CF,103,A,6,2002,3,37,0,ULY,NA
PortoAlegre-CF,CF,110,E,8,2002,2,35,0,ULY,NA
PortoAlegre-CF,CF,162,E,1,2002,2,14,0,ULY,NA
PortoAlegre-CF,CF,166,B,1,2002,2,11,0,ULY,NA
PortoAlegre-CF,CF,201,E,9,2002,2,24,0,ULY,NA
PortoAlegre-CF,CF,202,E,7,2002,2,26,0,ULY,NA
PortoAlegre-CF,CF,207,E,7,2003,2,21,0,ULY,NA
PortoAlegre-CF,CF,215,E,10,2004,1,15,0,ULY,NA
PortoAlegre-CF,CF,219,E,10,2004,1,20,0,ULY,NA
PortoAlegre-CF,CF,226,E,10,2004,1,22,0,ULY,NA
PortoAlegre-CF,CF,236,E,10,2004,2,11,0,ULY,NA
PortoAlegre-CF,CF,239,E,5,2006,3,34,NA,ULY,NA
PortoAlegre-CF,CF,264,B,9,2002,1,26,0,ULY,NA
PortoAlegre-CF,CF,270,D,10,2003,6,110,2,ULY,NA
PortoAlegre-CF,CF,273,E,9,2006,1,40,NA,ULY,NA
PortoAlegre-CF,CF,278,E,7,2002,3,25,0,ULY,NA
PortoAlegre-CF,CF,280,D,8,2002,3,21,0,ULY,NA
PortoAlegre-CF,CF,283,C,9,2002,1,23,0,ULY,NA
PortoAlegre-CF,CF,289,A,6,2001,3,30,0,ULY,NA
PortoAlegre-CF,CF,299,D,9,2002,2,23,0,ULY,NA
PortoAlegre-CF,CF,355,E,5,2008,2,25,NA,ULY,NA
