"plotID","plot","habitat","plant_id","tag_number","year","row","column","shts","ht","code","ranch","bdffp_reserve_no","x_09","y_09","infl","notes","new_tag","new_row","new_col"
"CF-1","Florestal-CF","CF","7615","1267","1998","C","4",NA,NA,NA,NA,NA,NA,NA,NA,NA,NA,NA,NA
"CF-1","Florestal-CF","CF","7615","1267","1999","C","4",NA,NA,NA,NA,NA,NA,NA,NA,NA,NA,NA,NA
"CF-1","Florestal-CF","CF","7615","1267","2000","C","4",NA,NA,NA,NA,NA,NA,NA,NA,NA,NA,NA,NA
"CF-1","Florestal-CF","CF","7615","1267","2001","C","4",NA,NA,NA,NA,NA,NA,NA,NA,NA,NA,NA,NA
"CF-1","Florestal-CF","CF","7615","1267","2002","C","4",NA,NA,NA,NA,NA,NA,NA,NA,NA,NA,NA,NA
"CF-1","Florestal-CF","CF","7615","1267","2003","C","4",NA,NA,NA,NA,NA,NA,NA,NA,NA,NA,NA,NA
"CF-1","Florestal-CF","CF","7615","1267","2004","C","4",NA,NA,NA,NA,NA,NA,NA,NA,NA,NA,NA,NA
"CF-1","Florestal-CF","CF","7615","1267","2005","C","4",NA,NA,NA,NA,NA,NA,NA,NA,NA,NA,NA,NA
"CF-1","Florestal-CF","CF","7615","1267","2006","C","4","1","13","sdlg",NA,NA,NA,NA,NA,NA,NA,NA,NA
"CF-1","Florestal-CF","CF","7615","1267","2007","C","4","1","20",NA,NA,NA,NA,NA,NA,NA,NA,NA,NA
"CF-1","Florestal-CF","CF","7615","1267","2008","C","4","1","23",NA,NA,NA,NA,NA,NA,NA,NA,NA,NA
"CF-1","Florestal-CF","CF","7615","1267","2009","C","4","3","26",NA,NA,NA,NA,NA,NA,NA,NA,NA,NA
"CF-1","Florestal-CF","CF","7996","1267","1998","D","7",NA,NA,NA,NA,NA,NA,NA,NA,NA,NA,NA,NA
"CF-1","Florestal-CF","CF","7996","1267","1999","D","7",NA,NA,NA,NA,NA,NA,NA,NA,NA,NA,NA,NA
"CF-1","Florestal-CF","CF","7996","1267","2000","D","7",NA,NA,NA,NA,NA,NA,NA,NA,NA,NA,NA,NA
"CF-1","Florestal-CF","CF","7996","1267","2001","D","7",NA,NA,NA,NA,NA,NA,NA,NA,NA,NA,NA,NA
"CF-1","Florestal-CF","CF","7996","1267","2002","D","7",NA,NA,NA,NA,NA,NA,NA,NA,NA,NA,NA,NA
"CF-1","Florestal-CF","CF","7996","1267","2003","D","7",NA,NA,NA,NA,NA,NA,NA,NA,NA,NA,NA,NA
"CF-1","Florestal-CF","CF","7996","1267","2004","D","7",NA,NA,NA,NA,NA,NA,NA,NA,NA,NA,NA,NA
"CF-1","Florestal-CF","CF","7996","1267","2005","D","7",NA,NA,NA,NA,NA,NA,NA,NA,NA,NA,NA,NA
"CF-1","Florestal-CF","CF","7996","1267","2006","D","7","1","10","sdlg",NA,NA,NA,NA,NA,NA,NA,NA,NA
"CF-1","Florestal-CF","CF","7996","1267","2007","D","7","1","10",NA,NA,NA,NA,NA,NA,NA,NA,NA,NA
"CF-1","Florestal-CF","CF","7996","1267","2008","D","7","1","12",NA,NA,NA,NA,NA,NA,NA,NA,NA,NA
"CF-1","Florestal-CF","CF","7996","1267","2009","D","7",NA,NA,NA,NA,NA,NA,NA,NA,NA,NA,NA,NA
"","","","","","","","","","","","","","","","","","","",""
"CF-2","5750","CF","1622","1401","1998","G","6",NA,NA,NA,NA,NA,NA,NA,NA,NA,NA,NA,NA
"CF-2","5750","CF","1622","1401","1999","G","6",NA,NA,NA,NA,NA,NA,NA,NA,NA,NA,NA,NA
"CF-2","5750","CF","1622","1401","2000","G","6",NA,NA,NA,NA,NA,NA,NA,NA,NA,NA,NA,NA
"CF-2","5750","CF","1622","1401","2001","G","6",NA,NA,NA,NA,NA,NA,NA,NA,NA,NA,NA,NA
"CF-2","5750","CF","1622","1401","2002","G","6",NA,NA,NA,NA,NA,NA,NA,NA,NA,NA,NA,NA
"CF-2","5750","CF","1622","1401","2003","G","6",NA,NA,NA,NA,NA,NA,NA,NA,NA,NA,NA,NA
"CF-2","5750","CF","1622","1401","2004","G","6",NA,NA,NA,NA,NA,NA,NA,NA,NA,NA,NA,NA
"CF-2","5750","CF","1622","1401","2005","G","6",NA,NA,NA,NA,NA,NA,NA,NA,NA,NA,NA,NA
"CF-2","5750","CF","1622","1401","2006","G","6","1","5","sdlg",NA,NA,NA,NA,NA,NA,NA,NA,NA
"CF-2","5750","CF","1622","1401","2007","G","6",NA,NA,"dead",NA,NA,NA,NA,NA,NA,NA,NA,NA
"CF-2","5750","CF","1622","1401","2008","G","6",NA,NA,NA,NA,NA,NA,NA,NA,NA,NA,NA,NA
"CF-2","5750","CF","1622","1401","2009","G","6",NA,NA,NA,NA,NA,NA,NA,NA,NA,NA,NA,NA
"CF-2","5750","CF","1726","1401","1998","H","10",NA,NA,NA,NA,NA,NA,NA,NA,NA,NA,NA,NA
"CF-2","5750","CF","1726","1401","1999","H","10",NA,NA,NA,NA,NA,NA,NA,NA,NA,NA,NA,NA
"CF-2","5750","CF","1726","1401","2000","H","10",NA,NA,NA,NA,NA,NA,NA,NA,NA,NA,NA,NA
"CF-2","5750","CF","1726","1401","2001","H","10",NA,NA,NA,NA,NA,NA,NA,NA,NA,NA,NA,NA
"CF-2","5750","CF","1726","1401","2002","H","10",NA,NA,NA,NA,NA,NA,NA,NA,NA,NA,NA,NA
"CF-2","5750","CF","1726","1401","2003","H","10",NA,NA,NA,NA,NA,NA,NA,NA,NA,NA,NA,NA
"CF-2","5750","CF","1726","1401","2004","H","10",NA,NA,NA,NA,NA,NA,NA,NA,NA,NA,NA,NA
"CF-2","5750","CF","1726","1401","2005","H","10",NA,NA,NA,NA,NA,NA,NA,NA,NA,NA,NA,NA
"CF-2","5750","CF","1726","1401","2006","H","10","1","8","sdlg",NA,NA,NA,NA,NA,NA,NA,NA,NA
"CF-2","5750","CF","1726","1401","2007","H","10",NA,NA,"2x in field",NA,NA,NA,NA,NA,NA,NA,NA,NA
"CF-2","5750","CF","1726","1401","2008","H","10",NA,NA,NA,NA,NA,NA,NA,NA,NA,NA,NA,NA
"CF-2","5750","CF","1726","1401","2009","H","10",NA,NA,NA,NA,NA,NA,NA,NA,NA,NA,NA,NA
"","","","","","","","","","","","","","","","","","","",""
"CF-1","Florestal-CF","CF","7101","1473","1998","A","6",NA,NA,NA,NA,NA,NA,NA,NA,NA,NA,NA,NA
"CF-1","Florestal-CF","CF","7101","1473","1999","A","6",NA,NA,NA,NA,NA,NA,NA,NA,NA,NA,NA,NA
"CF-1","Florestal-CF","CF","7101","1473","2000","A","6",NA,NA,NA,NA,NA,NA,NA,NA,NA,NA,NA,NA
"CF-1","Florestal-CF","CF","7101","1473","2001","A","6",NA,NA,NA,NA,NA,NA,NA,NA,NA,NA,NA,NA
"CF-1","Florestal-CF","CF","7101","1473","2002","A","6",NA,NA,NA,NA,NA,NA,NA,NA,NA,NA,NA,NA
"CF-1","Florestal-CF","CF","7101","1473","2003","A","6",NA,NA,NA,NA,NA,NA,NA,NA,NA,NA,NA,NA
"CF-1","Florestal-CF","CF","7101","1473","2004","A","6",NA,NA,NA,NA,NA,NA,NA,NA,NA,NA,NA,NA
"CF-1","Florestal-CF","CF","7101","1473","2005","A","6","1","8","sdlg",NA,NA,NA,NA,NA,NA,NA,NA,NA
"CF-1","Florestal-CF","CF","7101","1473","2006","A","6","1","11",NA,NA,NA,NA,NA,NA,NA,NA,NA,NA
"CF-1","Florestal-CF","CF","7101","1473","2007","A","6",NA,NA,"missing",NA,NA,NA,NA,NA,NA,NA,NA,NA
"CF-1","Florestal-CF","CF","7101","1473","2008","A","6",NA,NA,NA,NA,NA,NA,NA,NA,NA,NA,NA,NA
"CF-1","Florestal-CF","CF","7101","1473","2009","A","6",NA,NA,NA,NA,NA,NA,NA,NA,NA,NA,NA,NA
"CF-1","Florestal-CF","CF","7399","1473","1998","B","5",NA,NA,NA,NA,NA,NA,NA,NA,NA,NA,NA,NA
"CF-1","Florestal-CF","CF","7399","1473","1999","B","5",NA,NA,NA,NA,NA,NA,NA,NA,NA,NA,NA,NA
"CF-1","Florestal-CF","CF","7399","1473","2000","B","5",NA,NA,NA,NA,NA,NA,NA,NA,NA,NA,NA,NA
"CF-1","Florestal-CF","CF","7399","1473","2001","B","5",NA,NA,NA,NA,NA,NA,NA,NA,NA,NA,NA,NA
"CF-1","Florestal-CF","CF","7399","1473","2002","B","5",NA,NA,NA,NA,NA,NA,NA,NA,NA,NA,NA,NA
"CF-1","Florestal-CF","CF","7399","1473","2003","B","5",NA,NA,NA,NA,NA,NA,NA,NA,NA,NA,NA,NA
"CF-1","Florestal-CF","CF","7399","1473","2004","B","5",NA,NA,NA,NA,NA,NA,NA,NA,NA,NA,NA,NA
"CF-1","Florestal-CF","CF","7399","1473","2005","B","5","1","7","sdlg",NA,NA,NA,NA,NA,NA,NA,NA,NA
"CF-1","Florestal-CF","CF","7399","1473","2006","B","5","1","10",NA,NA,NA,NA,NA,NA,NA,NA,NA,NA
"CF-1","Florestal-CF","CF","7399","1473","2007","B","5","1","12",NA,NA,NA,NA,NA,NA,NA,NA,NA,NA
"CF-1","Florestal-CF","CF","7399","1473","2008","B","5",NA,NA,NA,NA,NA,NA,NA,NA,NA,NA,NA,NA
"CF-1","Florestal-CF","CF","7399","1473","2009","B","5","1","7",NA,NA,NA,NA,NA,NA,NA,NA,NA,NA
"","","","","","","","","","","","","","","","","","","",""
"CF-3","5756","CF","4960","16","1998","A","4","4","100",NA,NA,NA,NA,NA,NA,NA,NA,NA,NA
"CF-3","5756","CF","4960","16","1999","A","4","8","86",NA,NA,NA,NA,NA,NA,NA,NA,NA,NA
"CF-3","5756","CF","4960","16","2000","A","4","11","107",NA,NA,NA,NA,NA,NA,NA,NA,NA,NA
"CF-3","5756","CF","4960","16","2001","A","4","4","107",NA,NA,NA,NA,NA,NA,NA,NA,NA,NA
"CF-3","5756","CF","4960","16","2002","A","4","5","70",NA,NA,NA,NA,NA,NA,NA,NA,NA,NA
"CF-3","5756","CF","4960","16","2003","A","4","3","40",NA,NA,NA,NA,NA,NA,NA,NA,NA,NA
"CF-3","5756","CF","4960","16","2004","A","4","4","70",NA,NA,NA,NA,NA,NA,NA,NA,NA,NA
"CF-3","5756","CF","4960","16","2005","A","4","3","55",NA,NA,NA,NA,NA,NA,NA,NA,NA,NA
"CF-3","5756","CF","4960","16","2006","A","4","3","40",NA,NA,NA,NA,NA,NA,NA,NA,NA,NA
"CF-3","5756","CF","4960","16","2007","A","4","4","50",NA,NA,NA,NA,NA,NA,NA,NA,NA,NA
"CF-3","5756","CF","4960","16","2008","A","4","6","55",NA,NA,NA,NA,NA,NA,NA,NA,NA,NA
"CF-3","5756","CF","4960","16","2009","A","4","6","61",NA,NA,NA,NA,NA,NA,NA,NA,NA,NA
"CF-3","5756","CF","5054","16","1998","A","6",NA,NA,NA,NA,NA,NA,NA,NA,NA,NA,NA,NA
"CF-3","5756","CF","5054","16","1999","A","6",NA,NA,NA,NA,NA,NA,NA,NA,NA,NA,NA,NA
"CF-3","5756","CF","5054","16","2000","A","6",NA,NA,NA,NA,NA,NA,NA,NA,NA,NA,NA,NA
"CF-3","5756","CF","5054","16","2001","A","6",NA,NA,NA,NA,NA,NA,NA,NA,NA,NA,NA,NA
"CF-3","5756","CF","5054","16","2002","A","6",NA,NA,NA,NA,NA,NA,NA,NA,NA,NA,NA,NA
"CF-3","5756","CF","5054","16","2003","A","6",NA,NA,NA,NA,NA,NA,NA,NA,NA,NA,NA,NA
"CF-3","5756","CF","5054","16","2004","A","6",NA,NA,NA,NA,NA,NA,NA,NA,NA,NA,NA,NA
"CF-3","5756","CF","5054","16","2005","A","6",NA,NA,NA,NA,NA,NA,NA,NA,NA,NA,NA,NA
"CF-3","5756","CF","5054","16","2006","A","6",NA,NA,NA,NA,NA,NA,NA,NA,NA,NA,NA,NA
"CF-3","5756","CF","5054","16","2007","A","6",NA,NA,NA,NA,NA,NA,NA,NA,NA,NA,NA,NA
"CF-3","5756","CF","5054","16","2008","A","6","8","120",NA,NA,NA,NA,NA,NA,NA,NA,NA,NA
"CF-3","5756","CF","5054","16","2009","A","6","6","92",NA,NA,NA,NA,NA,NA,NA,NA,NA,NA
"","","","","","","","","","","","","","","","","","","",""
"CF-6","CaboFrio-CF","CF","6221","194","1998","A","8","2","21",NA,NA,NA,NA,NA,NA,NA,NA,NA,NA
"CF-6","CaboFrio-CF","CF","6221","194","1999","A","8","3","20",NA,NA,NA,NA,NA,NA,NA,NA,NA,NA
"CF-6","CaboFrio-CF","CF","6221","194","2000","A","8",NA,NA,"missing",NA,NA,NA,NA,NA,NA,NA,NA,NA
"CF-6","CaboFrio-CF","CF","6221","194","2001","A","8","6","33",NA,NA,NA,NA,NA,NA,NA,NA,NA,NA
"CF-6","CaboFrio-CF","CF","6221","194","2002","A","8","1","20",NA,NA,NA,NA,NA,NA,NA,NA,NA,NA
"CF-6","CaboFrio-CF","CF","6221","194","2003","A","8",NA,NA,"missing",NA,NA,NA,NA,NA,NA,NA,NA,NA
"CF-6","CaboFrio-CF","CF","6221","194","2004","A","8","2","27",NA,NA,NA,NA,NA,NA,NA,NA,NA,NA
"CF-6","CaboFrio-CF","CF","6221","194","2005","A","8","3","32",NA,NA,NA,NA,NA,NA,NA,NA,NA,NA
"CF-6","CaboFrio-CF","CF","6221","194","2006","A","8","3","40",NA,NA,NA,NA,NA,NA,NA,NA,NA,NA
"CF-6","CaboFrio-CF","CF","6221","194","2007","A","8","3","42","2x in field",NA,NA,NA,NA,NA,NA,NA,NA,NA
"CF-6","CaboFrio-CF","CF","6221","194","2008","A","8","4","55",NA,NA,NA,NA,NA,NA,NA,NA,NA,NA
"CF-6","CaboFrio-CF","CF","6221","194","2009","A","8","4","47",NA,NA,NA,NA,NA,NA,NA,NA,NA,NA
"CF-6","CaboFrio-CF","CF","6359","194","1998","C","10","2","38",NA,NA,NA,NA,NA,NA,NA,NA,NA,NA
"CF-6","CaboFrio-CF","CF","6359","194","1999","C","10","1","46",NA,NA,NA,NA,NA,NA,NA,NA,NA,NA
"CF-6","CaboFrio-CF","CF","6359","194","2000","C","10",NA,NA,"missing",NA,NA,NA,NA,NA,NA,NA,NA,NA
"CF-6","CaboFrio-CF","CF","6359","194","2001","C","10","2","42",NA,NA,NA,NA,NA,NA,NA,NA,NA,NA
"CF-6","CaboFrio-CF","CF","6359","194","2002","C","10","2","35",NA,NA,NA,NA,NA,NA,NA,NA,NA,NA
"CF-6","CaboFrio-CF","CF","6359","194","2003","C","10",NA,NA,"missing",NA,NA,NA,NA,NA,NA,NA,NA,NA
"CF-6","CaboFrio-CF","CF","6359","194","2004","C","10",NA,NA,"missing",NA,NA,NA,NA,NA,NA,NA,NA,NA
"CF-6","CaboFrio-CF","CF","6359","194","2005","C","10","2","34",NA,NA,NA,NA,NA,NA,NA,NA,NA,NA
"CF-6","CaboFrio-CF","CF","6359","194","2006","C","10",NA,NA,"missing",NA,NA,NA,NA,NA,NA,NA,NA,NA
"CF-6","CaboFrio-CF","CF","6359","194","2007","C","10","2","39","2x in field",NA,NA,NA,NA,NA,NA,NA,NA,NA
"CF-6","CaboFrio-CF","CF","6359","194","2008","C","10","2","47",NA,NA,NA,NA,NA,NA,NA,NA,NA,NA
"CF-6","CaboFrio-CF","CF","6359","194","2009","C","10","1","12",NA,NA,NA,NA,NA,NA,NA,NA,NA,NA
"","","","","","","","","","","","","","","","","","","",""
"CF-1","Florestal-CF","CF","7724","1969","1998","C","8",NA,NA,NA,NA,NA,NA,NA,NA,NA,NA,NA,NA
"CF-1","Florestal-CF","CF","7724","1969","1999","C","8",NA,NA,NA,NA,NA,NA,NA,NA,NA,NA,NA,NA
"CF-1","Florestal-CF","CF","7724","1969","2000","C","8",NA,NA,NA,NA,NA,NA,NA,NA,NA,NA,NA,NA
"CF-1","Florestal-CF","CF","7724","1969","2001","C","8",NA,NA,NA,NA,NA,NA,NA,NA,NA,NA,NA,NA
"CF-1","Florestal-CF","CF","7724","1969","2002","C","8",NA,NA,NA,NA,NA,NA,NA,NA,NA,NA,NA,NA
"CF-1","Florestal-CF","CF","7724","1969","2003","C","8",NA,NA,NA,NA,NA,NA,NA,NA,NA,NA,NA,NA
"CF-1","Florestal-CF","CF","7724","1969","2004","C","8",NA,NA,NA,NA,NA,NA,NA,NA,NA,NA,NA,NA
"CF-1","Florestal-CF","CF","7724","1969","2005","C","8",NA,NA,NA,NA,NA,NA,NA,NA,NA,NA,NA,NA
"CF-1","Florestal-CF","CF","7724","1969","2006","C","8",NA,NA,NA,NA,NA,NA,NA,NA,NA,NA,NA,NA
"CF-1","Florestal-CF","CF","7724","1969","2007","C","8",NA,NA,NA,NA,NA,NA,NA,NA,NA,NA,NA,NA
"CF-1","Florestal-CF","CF","7724","1969","2008","C","8","1","14","sdlg",NA,NA,NA,NA,NA,NA,NA,NA,NA
"CF-1","Florestal-CF","CF","7724","1969","2009","C","8",NA,NA,NA,NA,NA,NA,NA,NA,NA,NA,NA,NA
"CF-1","Florestal-CF","CF","7727","1969","1998","C","9",NA,NA,NA,NA,NA,NA,NA,NA,NA,NA,NA,NA
"CF-1","Florestal-CF","CF","7727","1969","1999","C","9",NA,NA,NA,NA,NA,NA,NA,NA,NA,NA,NA,NA
"CF-1","Florestal-CF","CF","7727","1969","2000","C","9",NA,NA,NA,NA,NA,NA,NA,NA,NA,NA,NA,NA
"CF-1","Florestal-CF","CF","7727","1969","2001","C","9",NA,NA,NA,NA,NA,NA,NA,NA,NA,NA,NA,NA
"CF-1","Florestal-CF","CF","7727","1969","2002","C","9",NA,NA,NA,NA,NA,NA,NA,NA,NA,NA,NA,NA
"CF-1","Florestal-CF","CF","7727","1969","2003","C","9",NA,NA,NA,NA,NA,NA,NA,NA,NA,NA,NA,NA
"CF-1","Florestal-CF","CF","7727","1969","2004","C","9",NA,NA,NA,NA,NA,NA,NA,NA,NA,NA,NA,NA
"CF-1","Florestal-CF","CF","7727","1969","2005","C","9",NA,NA,NA,NA,NA,NA,NA,NA,NA,NA,NA,NA
"CF-1","Florestal-CF","CF","7727","1969","2006","C","9",NA,NA,NA,NA,NA,NA,NA,NA,NA,NA,NA,NA
"CF-1","Florestal-CF","CF","7727","1969","2007","C","9",NA,NA,NA,NA,NA,NA,NA,NA,NA,NA,NA,NA
"CF-1","Florestal-CF","CF","7727","1969","2008","C","9",NA,NA,NA,NA,NA,NA,NA,NA,NA,NA,NA,NA
"CF-1","Florestal-CF","CF","7727","1969","2009","C","9","2","12","sdlg",NA,NA,NA,NA,NA,NA,NA,NA,NA
"","","","","","","","","","","","","","","","","","","",""
"FF-7","5754","10-ha","3889","810","1998","A","5",NA,NA,NA,NA,NA,NA,NA,NA,NA,NA,NA,NA
"FF-7","5754","10-ha","3889","810","1999","A","5",NA,NA,NA,NA,NA,NA,NA,NA,NA,NA,NA,NA
"FF-7","5754","10-ha","3889","810","2000","A","5",NA,NA,NA,NA,NA,NA,NA,NA,NA,NA,NA,NA
"FF-7","5754","10-ha","3889","810","2001","A","5",NA,NA,NA,NA,NA,NA,NA,NA,NA,NA,NA,NA
"FF-7","5754","10-ha","3889","810","2002","A","5",NA,NA,NA,NA,NA,NA,NA,NA,NA,NA,NA,NA
"FF-7","5754","10-ha","3889","810","2003","A","5","2","25","no tag",NA,NA,NA,NA,NA,NA,NA,NA,NA
"FF-7","5754","10-ha","3889","810","2004","A","5","3","36",NA,NA,NA,NA,NA,NA,NA,NA,NA,NA
"FF-7","5754","10-ha","3889","810","2005","A","5","3","55","under branchfall",NA,NA,NA,NA,NA,NA,NA,NA,NA
"FF-7","5754","10-ha","3889","810","2006","A","5","5","57",NA,NA,NA,NA,NA,NA,NA,NA,NA,NA
"FF-7","5754","10-ha","4455","810","1998","D","10",NA,NA,NA,NA,NA,NA,NA,NA,NA,NA,NA,NA
"FF-7","5754","10-ha","4455","810","1999","D","10",NA,NA,NA,NA,NA,NA,NA,NA,NA,NA,NA,NA
"FF-7","5754","10-ha","4455","810","2000","D","10",NA,NA,NA,NA,NA,NA,NA,NA,NA,NA,NA,NA
"FF-7","5754","10-ha","4455","810","2001","D","10",NA,NA,NA,NA,NA,NA,NA,NA,NA,NA,NA,NA
"FF-7","5754","10-ha","4455","810","2002","D","10",NA,NA,NA,NA,NA,NA,NA,NA,NA,NA,NA,NA
"FF-7","5754","10-ha","4455","810","2003","D","10",NA,NA,NA,NA,NA,NA,NA,NA,NA,NA,NA,NA
"FF-7","5754","10-ha","4455","810","2004","D","10",NA,NA,NA,NA,NA,NA,NA,NA,NA,NA,NA,NA
"FF-7","5754","10-ha","4455","810","2005","D","10",NA,NA,NA,NA,NA,NA,NA,NA,NA,NA,NA,NA
"FF-7","5754","10-ha","4455","810","2006","D","10","1","10","sdlg",NA,NA,NA,NA,NA,NA,NA,NA,NA
"","","","","","","","","","","","","","","","","","","",""
"FF-7","5754","10-ha","3890","811","1998","A","5",NA,NA,NA,NA,NA,NA,NA,NA,NA,NA,NA,NA
"FF-7","5754","10-ha","3890","811","1999","A","5",NA,NA,NA,NA,NA,NA,NA,NA,NA,NA,NA,NA
"FF-7","5754","10-ha","3890","811","2000","A","5",NA,NA,NA,NA,NA,NA,NA,NA,NA,NA,NA,NA
"FF-7","5754","10-ha","3890","811","2001","A","5",NA,NA,NA,NA,NA,NA,NA,NA,NA,NA,NA,NA
"FF-7","5754","10-ha","3890","811","2002","A","5",NA,NA,NA,NA,NA,NA,NA,NA,NA,NA,NA,NA
"FF-7","5754","10-ha","3890","811","2003","A","5","3","28","no tag",NA,NA,NA,NA,NA,NA,NA,NA,NA
"FF-7","5754","10-ha","3890","811","2004","A","5","2","30",NA,NA,NA,NA,NA,NA,NA,NA,NA,NA
"FF-7","5754","10-ha","3890","811","2005","A","5","3","30",NA,NA,NA,NA,NA,NA,NA,NA,NA,NA
"FF-7","5754","10-ha","3890","811","2006","A","5","3","25",NA,NA,NA,NA,NA,NA,NA,NA,NA,NA
"FF-7","5754","10-ha","4786","811","1998","E","9",NA,NA,NA,NA,NA,NA,NA,NA,NA,NA,NA,NA
"FF-7","5754","10-ha","4786","811","1999","E","9",NA,NA,NA,NA,NA,NA,NA,NA,NA,NA,NA,NA
"FF-7","5754","10-ha","4786","811","2000","E","9",NA,NA,NA,NA,NA,NA,NA,NA,NA,NA,NA,NA
"FF-7","5754","10-ha","4786","811","2001","E","9",NA,NA,NA,NA,NA,NA,NA,NA,NA,NA,NA,NA
"FF-7","5754","10-ha","4786","811","2002","E","9",NA,NA,NA,NA,NA,NA,NA,NA,NA,NA,NA,NA
"FF-7","5754","10-ha","4786","811","2003","E","9",NA,NA,NA,NA,NA,NA,NA,NA,NA,NA,NA,NA
"FF-7","5754","10-ha","4786","811","2004","E","9",NA,NA,NA,NA,NA,NA,NA,NA,NA,NA,NA,NA
"FF-7","5754","10-ha","4786","811","2005","E","9",NA,NA,NA,NA,NA,NA,NA,NA,NA,NA,NA,NA
"FF-7","5754","10-ha","4786","811","2006","E","9","2","38",NA,NA,NA,NA,NA,NA,NA,NA,NA,NA
"","","","","","","","","","","","","","","","","","","",""
"FF-7","5754","10-ha","4125","812","1998","B","4",NA,NA,NA,NA,NA,NA,NA,NA,NA,NA,NA,NA
"FF-7","5754","10-ha","4125","812","1999","B","4",NA,NA,NA,NA,NA,NA,NA,NA,NA,NA,NA,NA
"FF-7","5754","10-ha","4125","812","2000","B","4",NA,NA,NA,NA,NA,NA,NA,NA,NA,NA,NA,NA
"FF-7","5754","10-ha","4125","812","2001","B","4",NA,NA,NA,NA,NA,NA,NA,NA,NA,NA,NA,NA
"FF-7","5754","10-ha","4125","812","2002","B","4",NA,NA,NA,NA,NA,NA,NA,NA,NA,NA,NA,NA
"FF-7","5754","10-ha","4125","812","2003","B","4","3","110",NA,NA,NA,NA,NA,NA,NA,NA,NA,NA
"FF-7","5754","10-ha","4125","812","2004","B","4","2","57",NA,NA,NA,NA,NA,NA,NA,NA,NA,NA
"FF-7","5754","10-ha","4125","812","2005","B","4","2","80",NA,NA,NA,NA,NA,NA,NA,NA,NA,NA
"FF-7","5754","10-ha","4125","812","2006","B","4",NA,NA,"dead",NA,NA,NA,NA,NA,NA,NA,NA,NA
"FF-7","5754","10-ha","4563","812","1998","D","9",NA,NA,NA,NA,NA,NA,NA,NA,NA,NA,NA,NA
"FF-7","5754","10-ha","4563","812","1999","D","9",NA,NA,NA,NA,NA,NA,NA,NA,NA,NA,NA,NA
"FF-7","5754","10-ha","4563","812","2000","D","9",NA,NA,NA,NA,NA,NA,NA,NA,NA,NA,NA,NA
"FF-7","5754","10-ha","4563","812","2001","D","9",NA,NA,NA,NA,NA,NA,NA,NA,NA,NA,NA,NA
"FF-7","5754","10-ha","4563","812","2002","D","9",NA,NA,NA,NA,NA,NA,NA,NA,NA,NA,NA,NA
"FF-7","5754","10-ha","4563","812","2003","D","9",NA,NA,NA,NA,NA,NA,NA,NA,NA,NA,NA,NA
"FF-7","5754","10-ha","4563","812","2004","D","9",NA,NA,NA,NA,NA,NA,NA,NA,NA,NA,NA,NA
"FF-7","5754","10-ha","4563","812","2005","D","9",NA,NA,NA,NA,NA,NA,NA,NA,NA,NA,NA,NA
"FF-7","5754","10-ha","4563","812","2006","D","9","1","11",NA,NA,NA,NA,NA,NA,NA,NA,NA,NA
"","","","","","","","","","","","","","","","","","","",""
"FF-7","5754","10-ha","3891","813","1998","A","5",NA,NA,NA,NA,NA,NA,NA,NA,NA,NA,NA,NA
"FF-7","5754","10-ha","3891","813","1999","A","5",NA,NA,NA,NA,NA,NA,NA,NA,NA,NA,NA,NA
"FF-7","5754","10-ha","3891","813","2000","A","5",NA,NA,NA,NA,NA,NA,NA,NA,NA,NA,NA,NA
"FF-7","5754","10-ha","3891","813","2001","A","5",NA,NA,NA,NA,NA,NA,NA,NA,NA,NA,NA,NA
"FF-7","5754","10-ha","3891","813","2002","A","5",NA,NA,NA,NA,NA,NA,NA,NA,NA,NA,NA,NA
"FF-7","5754","10-ha","3891","813","2003","A","5","6","50","ULY",NA,NA,NA,NA,NA,NA,NA,NA,NA
"FF-7","5754","10-ha","3891","813","2004","A","5","7","135",NA,NA,NA,NA,NA,NA,NA,NA,NA,NA
"FF-7","5754","10-ha","3891","813","2005","A","5","3","135",NA,NA,NA,NA,NA,NA,NA,NA,NA,NA
"FF-7","5754","10-ha","3891","813","2006","A","5","4","115",NA,NA,NA,NA,NA,NA,NA,NA,NA,NA
"FF-7","5754","10-ha","4006","813","1998","A","9",NA,NA,NA,NA,NA,NA,NA,NA,NA,NA,NA,NA
"FF-7","5754","10-ha","4006","813","1999","A","9",NA,NA,NA,NA,NA,NA,NA,NA,NA,NA,NA,NA
"FF-7","5754","10-ha","4006","813","2000","A","9",NA,NA,NA,NA,NA,NA,NA,NA,NA,NA,NA,NA
"FF-7","5754","10-ha","4006","813","2001","A","9",NA,NA,NA,NA,NA,NA,NA,NA,NA,NA,NA,NA
"FF-7","5754","10-ha","4006","813","2002","A","9",NA,NA,NA,NA,NA,NA,NA,NA,NA,NA,NA,NA
"FF-7","5754","10-ha","4006","813","2003","A","9",NA,NA,NA,NA,NA,NA,NA,NA,NA,NA,NA,NA
"FF-7","5754","10-ha","4006","813","2004","A","9",NA,NA,NA,NA,NA,NA,NA,NA,NA,NA,NA,NA
"FF-7","5754","10-ha","4006","813","2005","A","9",NA,NA,NA,NA,NA,NA,NA,NA,NA,NA,NA,NA
"FF-7","5754","10-ha","4006","813","2006","A","9","1","20","ULY",NA,NA,NA,NA,NA,NA,NA,NA,NA
"","","","","","","","","","","","","","","","","","","",""
"FF-7","5754","10-ha","3892","814","1998","A","5",NA,NA,NA,NA,NA,NA,NA,NA,NA,NA,NA,NA
"FF-7","5754","10-ha","3892","814","1999","A","5",NA,NA,NA,NA,NA,NA,NA,NA,NA,NA,NA,NA
"FF-7","5754","10-ha","3892","814","2000","A","5",NA,NA,NA,NA,NA,NA,NA,NA,NA,NA,NA,NA
"FF-7","5754","10-ha","3892","814","2001","A","5",NA,NA,NA,NA,NA,NA,NA,NA,NA,NA,NA,NA
"FF-7","5754","10-ha","3892","814","2002","A","5",NA,NA,NA,NA,NA,NA,NA,NA,NA,NA,NA,NA
"FF-7","5754","10-ha","3892","814","2003","A","5","6","25",NA,NA,NA,NA,NA,NA,NA,NA,NA,NA
"FF-7","5754","10-ha","3892","814","2004","A","5","5","61",NA,NA,NA,NA,NA,NA,NA,NA,NA,NA
"FF-7","5754","10-ha","3892","814","2005","A","5","4","57",NA,NA,NA,NA,NA,NA,NA,NA,NA,NA
"FF-7","5754","10-ha","3892","814","2006","A","5","6","60",NA,NA,NA,NA,NA,NA,NA,NA,NA,NA
"FF-7","5754","10-ha","3962","814","1998","A","8",NA,NA,NA,NA,NA,NA,NA,NA,NA,NA,NA,NA
"FF-7","5754","10-ha","3962","814","1999","A","8",NA,NA,NA,NA,NA,NA,NA,NA,NA,NA,NA,NA
"FF-7","5754","10-ha","3962","814","2000","A","8",NA,NA,NA,NA,NA,NA,NA,NA,NA,NA,NA,NA
"FF-7","5754","10-ha","3962","814","2001","A","8",NA,NA,NA,NA,NA,NA,NA,NA,NA,NA,NA,NA
"FF-7","5754","10-ha","3962","814","2002","A","8",NA,NA,NA,NA,NA,NA,NA,NA,NA,NA,NA,NA
"FF-7","5754","10-ha","3962","814","2003","A","8",NA,NA,NA,NA,NA,NA,NA,NA,NA,NA,NA,NA
"FF-7","5754","10-ha","3962","814","2004","A","8",NA,NA,NA,NA,NA,NA,NA,NA,NA,NA,NA,NA
"FF-7","5754","10-ha","3962","814","2005","A","8",NA,NA,NA,NA,NA,NA,NA,NA,NA,NA,NA,NA
"FF-7","5754","10-ha","3962","814","2006","A","8","2","22",NA,NA,NA,NA,NA,NA,NA,NA,NA,NA
"","","","","","","","","","","","","","","","","","","",""
"FF-7","5754","10-ha","3963","816","1998","A","8",NA,NA,NA,NA,NA,NA,NA,NA,NA,NA,NA,NA
"FF-7","5754","10-ha","3963","816","1999","A","8",NA,NA,NA,NA,NA,NA,NA,NA,NA,NA,NA,NA
"FF-7","5754","10-ha","3963","816","2000","A","8",NA,NA,NA,NA,NA,NA,NA,NA,NA,NA,NA,NA
"FF-7","5754","10-ha","3963","816","2001","A","8",NA,NA,NA,NA,NA,NA,NA,NA,NA,NA,NA,NA
"FF-7","5754","10-ha","3963","816","2002","A","8",NA,NA,NA,NA,NA,NA,NA,NA,NA,NA,NA,NA
"FF-7","5754","10-ha","3963","816","2003","A","8",NA,NA,NA,NA,NA,NA,NA,NA,NA,NA,NA,NA
"FF-7","5754","10-ha","3963","816","2004","A","8",NA,NA,NA,NA,NA,NA,NA,NA,NA,NA,NA,NA
"FF-7","5754","10-ha","3963","816","2005","A","8",NA,NA,NA,NA,NA,NA,NA,NA,NA,NA,NA,NA
"FF-7","5754","10-ha","3963","816","2006","A","8","1","7","sdlg",NA,NA,NA,NA,NA,NA,NA,NA,NA
"FF-7","5754","10-ha","4312","816","1998","C","3",NA,NA,NA,NA,NA,NA,NA,NA,NA,NA,NA,NA
"FF-7","5754","10-ha","4312","816","1999","C","3",NA,NA,NA,NA,NA,NA,NA,NA,NA,NA,NA,NA
"FF-7","5754","10-ha","4312","816","2000","C","3",NA,NA,NA,NA,NA,NA,NA,NA,NA,NA,NA,NA
"FF-7","5754","10-ha","4312","816","2001","C","3",NA,NA,NA,NA,NA,NA,NA,NA,NA,NA,NA,NA
"FF-7","5754","10-ha","4312","816","2002","C","3",NA,NA,NA,NA,NA,NA,NA,NA,NA,NA,NA,NA
"FF-7","5754","10-ha","4312","816","2003","C","3","3","39","ULY",NA,NA,NA,NA,NA,NA,NA,NA,NA
"FF-7","5754","10-ha","4312","816","2004","C","3","5","42",NA,NA,NA,NA,NA,NA,NA,NA,NA,NA
"FF-7","5754","10-ha","4312","816","2005","C","3","4","60",NA,NA,NA,NA,NA,NA,NA,NA,NA,NA
"FF-7","5754","10-ha","4312","816","2006","C","3","6","67",NA,NA,NA,NA,NA,NA,NA,NA,NA,NA
"CF-3","5756","CF","4946","816","1998","A","3",NA,NA,NA,NA,NA,NA,NA,NA,NA,NA,NA,NA
"CF-3","5756","CF","4946","816","1999","A","3",NA,NA,NA,NA,NA,NA,NA,NA,NA,NA,NA,NA
"CF-3","5756","CF","4946","816","2000","A","3","1","7","sdlg",NA,NA,NA,NA,NA,NA,NA,NA,NA
"CF-3","5756","CF","4946","816","2001","A","3","1","10",NA,NA,NA,NA,NA,NA,NA,NA,NA,NA
"CF-3","5756","CF","4946","816","2002","A","3",NA,NA,"dead",NA,NA,NA,NA,NA,NA,NA,NA,NA
"CF-3","5756","CF","4946","816","2003","A","3",NA,NA,NA,NA,NA,NA,NA,NA,NA,NA,NA,NA
"CF-3","5756","CF","4946","816","2004","A","3",NA,NA,NA,NA,NA,NA,NA,NA,NA,NA,NA,NA
"CF-3","5756","CF","4946","816","2005","A","3",NA,NA,NA,NA,NA,NA,NA,NA,NA,NA,NA,NA
"CF-3","5756","CF","4946","816","2006","A","3",NA,NA,NA,NA,NA,NA,NA,NA,NA,NA,NA,NA
"CF-3","5756","CF","4946","816","2007","A","3",NA,NA,NA,NA,NA,NA,NA,NA,NA,NA,NA,NA
"CF-3","5756","CF","4946","816","2008","A","3",NA,NA,NA,NA,NA,NA,NA,NA,NA,NA,NA,NA
"CF-3","5756","CF","4946","816","2009","A","3",NA,NA,NA,NA,NA,NA,NA,NA,NA,NA,NA,NA
"CF-3","5756","CF","5879","816","1998","D","9",NA,NA,NA,NA,NA,NA,NA,NA,NA,NA,NA,NA
"CF-3","5756","CF","5879","816","1999","D","9",NA,NA,NA,NA,NA,NA,NA,NA,NA,NA,NA,NA
"CF-3","5756","CF","5879","816","2000","D","9",NA,NA,NA,NA,NA,NA,NA,NA,NA,NA,NA,NA
"CF-3","5756","CF","5879","816","2001","D","9",NA,NA,NA,NA,NA,NA,NA,NA,NA,NA,NA,NA
"CF-3","5756","CF","5879","816","2002","D","9",NA,NA,NA,NA,NA,NA,NA,NA,NA,NA,NA,NA
"CF-3","5756","CF","5879","816","2003","D","9",NA,NA,NA,NA,NA,NA,NA,NA,NA,NA,NA,NA
"CF-3","5756","CF","5879","816","2004","D","9",NA,NA,NA,NA,NA,NA,NA,NA,NA,NA,NA,NA
"CF-3","5756","CF","5879","816","2005","D","9",NA,NA,NA,NA,NA,NA,NA,NA,NA,NA,NA,NA
"CF-3","5756","CF","5879","816","2006","D","9",NA,NA,NA,NA,NA,NA,NA,NA,NA,NA,NA,NA
"CF-3","5756","CF","5879","816","2007","D","9",NA,NA,NA,NA,NA,NA,NA,NA,NA,NA,NA,NA
"CF-3","5756","CF","5879","816","2008","D","9",NA,NA,NA,NA,NA,NA,NA,NA,NA,NA,NA,NA
"CF-3","5756","CF","5879","816","2009","D","9","4","70","ULY",NA,NA,NA,NA,NA,NA,NA,NA,NA
"","","","","","","","","","","","","","","","","","","",""
"FF-7","5754","10-ha","4209","817","1998","B","7",NA,NA,NA,NA,NA,NA,NA,NA,NA,NA,NA,NA
"FF-7","5754","10-ha","4209","817","1999","B","7",NA,NA,NA,NA,NA,NA,NA,NA,NA,NA,NA,NA
"FF-7","5754","10-ha","4209","817","2000","B","7",NA,NA,NA,NA,NA,NA,NA,NA,NA,NA,NA,NA
"FF-7","5754","10-ha","4209","817","2001","B","7",NA,NA,NA,NA,NA,NA,NA,NA,NA,NA,NA,NA
"FF-7","5754","10-ha","4209","817","2002","B","7",NA,NA,NA,NA,NA,NA,NA,NA,NA,NA,NA,NA
"FF-7","5754","10-ha","4209","817","2003","B","7",NA,NA,NA,NA,NA,NA,NA,NA,NA,NA,NA,NA
"FF-7","5754","10-ha","4209","817","2004","B","7",NA,NA,NA,NA,NA,NA,NA,NA,NA,NA,NA,NA
"FF-7","5754","10-ha","4209","817","2005","B","7",NA,NA,NA,NA,NA,NA,NA,NA,NA,NA,NA,NA
"FF-7","5754","10-ha","4209","817","2006","B","7","2","43",NA,NA,NA,NA,NA,NA,NA,NA,NA,NA
"FF-7","5754","10-ha","4434","817","1998","C","9","3","46",NA,NA,NA,NA,NA,NA,NA,NA,NA,NA
"FF-7","5754","10-ha","4434","817","1999","C","9","4","74",NA,NA,NA,NA,NA,NA,NA,NA,NA,NA
"FF-7","5754","10-ha","4434","817","2000","C","9","4","82",NA,NA,NA,NA,NA,NA,NA,NA,NA,NA
"FF-7","5754","10-ha","4434","817","2001","C","9","5","70",NA,NA,NA,NA,NA,NA,NA,NA,NA,NA
"FF-7","5754","10-ha","4434","817","2002","C","9",NA,NA,NA,NA,NA,NA,NA,NA,NA,NA,NA,NA
"FF-7","5754","10-ha","4434","817","2003","C","9","4","71",NA,NA,NA,NA,NA,NA,NA,NA,NA,NA
"FF-7","5754","10-ha","4434","817","2004","C","9","6","72",NA,NA,NA,NA,NA,NA,NA,NA,NA,NA
"FF-7","5754","10-ha","4434","817","2005","C","9","4","56",NA,NA,NA,NA,NA,NA,NA,NA,NA,NA
"FF-7","5754","10-ha","4434","817","2006","C","9","3","65",NA,NA,NA,NA,NA,NA,NA,NA,NA,NA
"","","","","","","","","","","","","","","","","","","",""
"FF-7","5754","10-ha","4211","819","1998","B","7",NA,NA,NA,NA,NA,NA,NA,NA,NA,NA,NA,NA
"FF-7","5754","10-ha","4211","819","1999","B","7",NA,NA,NA,NA,NA,NA,NA,NA,NA,NA,NA,NA
"FF-7","5754","10-ha","4211","819","2000","B","7",NA,NA,NA,NA,NA,NA,NA,NA,NA,NA,NA,NA
"FF-7","5754","10-ha","4211","819","2001","B","7",NA,NA,NA,NA,NA,NA,NA,NA,NA,NA,NA,NA
"FF-7","5754","10-ha","4211","819","2002","B","7",NA,NA,NA,NA,NA,NA,NA,NA,NA,NA,NA,NA
"FF-7","5754","10-ha","4211","819","2003","B","7","2","17","ULY",NA,NA,NA,NA,NA,NA,NA,NA,NA
"FF-7","5754","10-ha","4211","819","2004","B","7","2","25",NA,NA,NA,NA,NA,NA,NA,NA,NA,NA
"FF-7","5754","10-ha","4211","819","2005","B","7","2","30",NA,NA,NA,NA,NA,NA,NA,NA,NA,NA
"FF-7","5754","10-ha","4211","819","2006","B","7","1","31",NA,NA,NA,NA,NA,NA,NA,NA,NA,NA
"FF-7","5754","10-ha","4238","819","1998","B","8",NA,NA,NA,NA,NA,NA,NA,NA,NA,NA,NA,NA
"FF-7","5754","10-ha","4238","819","1999","B","8",NA,NA,NA,NA,NA,NA,NA,NA,NA,NA,NA,NA
"FF-7","5754","10-ha","4238","819","2000","B","8",NA,NA,NA,NA,NA,NA,NA,NA,NA,NA,NA,NA
"FF-7","5754","10-ha","4238","819","2001","B","8",NA,NA,NA,NA,NA,NA,NA,NA,NA,NA,NA,NA
"FF-7","5754","10-ha","4238","819","2002","B","8",NA,NA,NA,NA,NA,NA,NA,NA,NA,NA,NA,NA
"FF-7","5754","10-ha","4238","819","2003","B","8",NA,NA,NA,NA,NA,NA,NA,NA,NA,NA,NA,NA
"FF-7","5754","10-ha","4238","819","2004","B","8",NA,NA,NA,NA,NA,NA,NA,NA,NA,NA,NA,NA
"FF-7","5754","10-ha","4238","819","2005","B","8",NA,NA,NA,NA,NA,NA,NA,NA,NA,NA,NA,NA
"FF-7","5754","10-ha","4238","819","2006","B","8","1","10",NA,NA,NA,NA,NA,NA,NA,NA,NA,NA
"","","","","","","","","","","","","","","","","","","",""
"FF-7","5754","10-ha","4186","822","1998","B","6",NA,NA,NA,NA,NA,NA,NA,NA,NA,NA,NA,NA
"FF-7","5754","10-ha","4186","822","1999","B","6",NA,NA,NA,NA,NA,NA,NA,NA,NA,NA,NA,NA
"FF-7","5754","10-ha","4186","822","2000","B","6",NA,NA,NA,NA,NA,NA,NA,NA,NA,NA,NA,NA
"FF-7","5754","10-ha","4186","822","2001","B","6",NA,NA,NA,NA,NA,NA,NA,NA,NA,NA,NA,NA
"FF-7","5754","10-ha","4186","822","2002","B","6",NA,NA,NA,NA,NA,NA,NA,NA,NA,NA,NA,NA
"FF-7","5754","10-ha","4186","822","2003","B","6","1","4","sdlg",NA,NA,NA,NA,NA,NA,NA,NA,NA
"FF-7","5754","10-ha","4186","822","2004","B","6","1","5",NA,NA,NA,NA,NA,NA,NA,NA,NA,NA
"FF-7","5754","10-ha","4186","822","2005","B","6","1","10",NA,NA,NA,NA,NA,NA,NA,NA,NA,NA
"FF-7","5754","10-ha","4186","822","2006","B","6","1","8",NA,NA,NA,NA,NA,NA,NA,NA,NA,NA
"FF-7","5754","10-ha","4530","822","1998","D","7",NA,NA,NA,NA,NA,NA,NA,NA,NA,NA,NA,NA
"FF-7","5754","10-ha","4530","822","1999","D","7",NA,NA,NA,NA,NA,NA,NA,NA,NA,NA,NA,NA
"FF-7","5754","10-ha","4530","822","2000","D","7",NA,NA,NA,NA,NA,NA,NA,NA,NA,NA,NA,NA
"FF-7","5754","10-ha","4530","822","2001","D","7",NA,NA,NA,NA,NA,NA,NA,NA,NA,NA,NA,NA
"FF-7","5754","10-ha","4530","822","2002","D","7",NA,NA,NA,NA,NA,NA,NA,NA,NA,NA,NA,NA
"FF-7","5754","10-ha","4530","822","2003","D","7",NA,NA,NA,NA,NA,NA,NA,NA,NA,NA,NA,NA
"FF-7","5754","10-ha","4530","822","2004","D","7",NA,NA,NA,NA,NA,NA,NA,NA,NA,NA,NA,NA
"FF-7","5754","10-ha","4530","822","2005","D","7",NA,NA,NA,NA,NA,NA,NA,NA,NA,NA,NA,NA
"FF-7","5754","10-ha","4530","822","2006","D","7","3","29",NA,NA,NA,NA,NA,NA,NA,NA,NA,NA
"","","","","","","","","","","","","","","","","","","",""
"FF-7","5754","10-ha","4216","826","1998","B","7",NA,NA,NA,NA,NA,NA,NA,NA,NA,NA,NA,NA
"FF-7","5754","10-ha","4216","826","1999","B","7",NA,NA,NA,NA,NA,NA,NA,NA,NA,NA,NA,NA
"FF-7","5754","10-ha","4216","826","2000","B","7",NA,NA,NA,NA,NA,NA,NA,NA,NA,NA,NA,NA
"FF-7","5754","10-ha","4216","826","2001","B","7",NA,NA,NA,NA,NA,NA,NA,NA,NA,NA,NA,NA
"FF-7","5754","10-ha","4216","826","2002","B","7",NA,NA,NA,NA,NA,NA,NA,NA,NA,NA,NA,NA
"FF-7","5754","10-ha","4216","826","2003","B","7","3","57","no tag",NA,NA,NA,NA,NA,NA,NA,NA,NA
"FF-7","5754","10-ha","4216","826","2004","B","7","3","71",NA,NA,NA,NA,NA,NA,NA,NA,NA,NA
"FF-7","5754","10-ha","4216","826","2005","B","7",NA,NA,NA,NA,NA,NA,NA,NA,NA,NA,NA,NA
"FF-7","5754","10-ha","4216","826","2006","B","7",NA,NA,"missing",NA,NA,NA,NA,NA,NA,NA,NA,NA
"FF-7","5754","10-ha","4342","826","1998","C","5",NA,NA,NA,NA,NA,NA,NA,NA,NA,NA,NA,NA
"FF-7","5754","10-ha","4342","826","1999","C","5",NA,NA,NA,NA,NA,NA,NA,NA,NA,NA,NA,NA
"FF-7","5754","10-ha","4342","826","2000","C","5",NA,NA,NA,NA,NA,NA,NA,NA,NA,NA,NA,NA
"FF-7","5754","10-ha","4342","826","2001","C","5",NA,NA,NA,NA,NA,NA,NA,NA,NA,NA,NA,NA
"FF-7","5754","10-ha","4342","826","2002","C","5",NA,NA,NA,NA,NA,NA,NA,NA,NA,NA,NA,NA
"FF-7","5754","10-ha","4342","826","2003","C","5",NA,NA,NA,NA,NA,NA,NA,NA,NA,NA,NA,NA
"FF-7","5754","10-ha","4342","826","2004","C","5",NA,NA,NA,NA,NA,NA,NA,NA,NA,NA,NA,NA
"FF-7","5754","10-ha","4342","826","2005","C","5",NA,NA,NA,NA,NA,NA,NA,NA,NA,NA,NA,NA
"FF-7","5754","10-ha","4342","826","2006","C","5","1","8","sdlg",NA,NA,NA,NA,NA,NA,NA,NA,NA
"","","","","","","","","","","","","","","","","","","",""
"FF-7","5754","10-ha","4262","827","1998","B","9",NA,NA,NA,NA,NA,NA,NA,NA,NA,NA,NA,NA
"FF-7","5754","10-ha","4262","827","1999","B","9",NA,NA,NA,NA,NA,NA,NA,NA,NA,NA,NA,NA
"FF-7","5754","10-ha","4262","827","2000","B","9",NA,NA,NA,NA,NA,NA,NA,NA,NA,NA,NA,NA
"FF-7","5754","10-ha","4262","827","2001","B","9",NA,NA,NA,NA,NA,NA,NA,NA,NA,NA,NA,NA
"FF-7","5754","10-ha","4262","827","2002","B","9",NA,NA,NA,NA,NA,NA,NA,NA,NA,NA,NA,NA
"FF-7","5754","10-ha","4262","827","2003","B","9","1","8","sdlg",NA,NA,NA,NA,NA,NA,NA,NA,NA
"FF-7","5754","10-ha","4262","827","2004","B","9","1","9",NA,NA,NA,NA,NA,NA,NA,NA,NA,NA
"FF-7","5754","10-ha","4262","827","2005","B","9","1","17",NA,NA,NA,NA,NA,NA,NA,NA,NA,NA
"FF-7","5754","10-ha","4262","827","2006","B","9","1","14",NA,NA,NA,NA,NA,NA,NA,NA,NA,NA
"FF-7","5754","10-ha","4343","827","1998","C","5",NA,NA,NA,NA,NA,NA,NA,NA,NA,NA,NA,NA
"FF-7","5754","10-ha","4343","827","1999","C","5",NA,NA,NA,NA,NA,NA,NA,NA,NA,NA,NA,NA
"FF-7","5754","10-ha","4343","827","2000","C","5",NA,NA,NA,NA,NA,NA,NA,NA,NA,NA,NA,NA
"FF-7","5754","10-ha","4343","827","2001","C","5",NA,NA,NA,NA,NA,NA,NA,NA,NA,NA,NA,NA
"FF-7","5754","10-ha","4343","827","2002","C","5",NA,NA,NA,NA,NA,NA,NA,NA,NA,NA,NA,NA
"FF-7","5754","10-ha","4343","827","2003","C","5",NA,NA,NA,NA,NA,NA,NA,NA,NA,NA,NA,NA
"FF-7","5754","10-ha","4343","827","2004","C","5",NA,NA,NA,NA,NA,NA,NA,NA,NA,NA,NA,NA
"FF-7","5754","10-ha","4343","827","2005","C","5",NA,NA,NA,NA,NA,NA,NA,NA,NA,NA,NA,NA
"FF-7","5754","10-ha","4343","827","2006","C","5","1","12","sdlg",NA,NA,NA,NA,NA,NA,NA,NA,NA
"","","","","","","","","","","","","","","","","","","",""
"FF-7","5754","10-ha","4041","828","1998","B","10",NA,NA,NA,NA,NA,NA,NA,NA,NA,NA,NA,NA
"FF-7","5754","10-ha","4041","828","1999","B","10",NA,NA,NA,NA,NA,NA,NA,NA,NA,NA,NA,NA
"FF-7","5754","10-ha","4041","828","2000","B","10",NA,NA,NA,NA,NA,NA,NA,NA,NA,NA,NA,NA
"FF-7","5754","10-ha","4041","828","2001","B","10",NA,NA,NA,NA,NA,NA,NA,NA,NA,NA,NA,NA
"FF-7","5754","10-ha","4041","828","2002","B","10",NA,NA,NA,NA,NA,NA,NA,NA,NA,NA,NA,NA
"FF-7","5754","10-ha","4041","828","2003","B","10","1","16","ULY",NA,NA,NA,NA,NA,NA,NA,NA,NA
"FF-7","5754","10-ha","4041","828","2004","B","10","2","21",NA,NA,NA,NA,NA,NA,NA,NA,NA,NA
"FF-7","5754","10-ha","4041","828","2005","B","10","2","30",NA,NA,NA,NA,NA,NA,NA,NA,NA,NA
"FF-7","5754","10-ha","4041","828","2006","B","10","3","30",NA,NA,NA,NA,NA,NA,NA,NA,NA,NA
"FF-7","5754","10-ha","4158","828","1998","B","5",NA,NA,NA,NA,NA,NA,NA,NA,NA,NA,NA,NA
"FF-7","5754","10-ha","4158","828","1999","B","5",NA,NA,NA,NA,NA,NA,NA,NA,NA,NA,NA,NA
"FF-7","5754","10-ha","4158","828","2000","B","5",NA,NA,NA,NA,NA,NA,NA,NA,NA,NA,NA,NA
"FF-7","5754","10-ha","4158","828","2001","B","5",NA,NA,NA,NA,NA,NA,NA,NA,NA,NA,NA,NA
"FF-7","5754","10-ha","4158","828","2002","B","5",NA,NA,NA,NA,NA,NA,NA,NA,NA,NA,NA,NA
"FF-7","5754","10-ha","4158","828","2003","B","5",NA,NA,NA,NA,NA,NA,NA,NA,NA,NA,NA,NA
"FF-7","5754","10-ha","4158","828","2004","B","5",NA,NA,NA,NA,NA,NA,NA,NA,NA,NA,NA,NA
"FF-7","5754","10-ha","4158","828","2005","B","5",NA,NA,NA,NA,NA,NA,NA,NA,NA,NA,NA,NA
"FF-7","5754","10-ha","4158","828","2006","B","5","3","65",NA,NA,NA,NA,NA,NA,NA,NA,NA,NA
"","","","","","","","","","","","","","","","","","","",""
"FF-7","5754","10-ha","3893","829","1998","A","5",NA,NA,NA,NA,NA,NA,NA,NA,NA,NA,NA,NA
"FF-7","5754","10-ha","3893","829","1999","A","5",NA,NA,NA,NA,NA,NA,NA,NA,NA,NA,NA,NA
"FF-7","5754","10-ha","3893","829","2000","A","5",NA,NA,NA,NA,NA,NA,NA,NA,NA,NA,NA,NA
"FF-7","5754","10-ha","3893","829","2001","A","5",NA,NA,NA,NA,NA,NA,NA,NA,NA,NA,NA,NA
"FF-7","5754","10-ha","3893","829","2002","A","5",NA,NA,NA,NA,NA,NA,NA,NA,NA,NA,NA,NA
"FF-7","5754","10-ha","3893","829","2003","A","5",NA,NA,NA,NA,NA,NA,NA,NA,NA,NA,NA,NA
"FF-7","5754","10-ha","3893","829","2004","A","5",NA,NA,NA,NA,NA,NA,NA,NA,NA,NA,NA,NA
"FF-7","5754","10-ha","3893","829","2005","A","5",NA,NA,NA,NA,NA,NA,NA,NA,NA,NA,NA,NA
"FF-7","5754","10-ha","3893","829","2006","A","5","1","16",NA,NA,NA,NA,NA,NA,NA,NA,NA,NA
"FF-7","5754","10-ha","4378","829","1998","C","7",NA,NA,NA,NA,NA,NA,NA,NA,NA,NA,NA,NA
"FF-7","5754","10-ha","4378","829","1999","C","7",NA,NA,NA,NA,NA,NA,NA,NA,NA,NA,NA,NA
"FF-7","5754","10-ha","4378","829","2000","C","7",NA,NA,NA,NA,NA,NA,NA,NA,NA,NA,NA,NA
"FF-7","5754","10-ha","4378","829","2001","C","7",NA,NA,NA,NA,NA,NA,NA,NA,NA,NA,NA,NA
"FF-7","5754","10-ha","4378","829","2002","C","7",NA,NA,NA,NA,NA,NA,NA,NA,NA,NA,NA,NA
"FF-7","5754","10-ha","4378","829","2003","C","7","2","49","ULY",NA,NA,NA,NA,NA,NA,NA,NA,NA
"FF-7","5754","10-ha","4378","829","2004","C","7","3","54",NA,NA,NA,NA,NA,NA,NA,NA,NA,NA
"FF-7","5754","10-ha","4378","829","2005","C","7","5","56",NA,NA,NA,NA,NA,NA,NA,NA,NA,NA
"FF-7","5754","10-ha","4378","829","2006","C","7","4","125",NA,NA,NA,NA,NA,NA,NA,NA,NA,NA
"","","","","","","","","","","","","","","","","","","",""
"FF-7","5754","10-ha","3894","830","1998","A","5",NA,NA,NA,NA,NA,NA,NA,NA,NA,NA,NA,NA
"FF-7","5754","10-ha","3894","830","1999","A","5",NA,NA,NA,NA,NA,NA,NA,NA,NA,NA,NA,NA
"FF-7","5754","10-ha","3894","830","2000","A","5",NA,NA,NA,NA,NA,NA,NA,NA,NA,NA,NA,NA
"FF-7","5754","10-ha","3894","830","2001","A","5",NA,NA,NA,NA,NA,NA,NA,NA,NA,NA,NA,NA
"FF-7","5754","10-ha","3894","830","2002","A","5",NA,NA,NA,NA,NA,NA,NA,NA,NA,NA,NA,NA
"FF-7","5754","10-ha","3894","830","2003","A","5",NA,NA,NA,NA,NA,NA,NA,NA,NA,NA,NA,NA
"FF-7","5754","10-ha","3894","830","2004","A","5",NA,NA,NA,NA,NA,NA,NA,NA,NA,NA,NA,NA
"FF-7","5754","10-ha","3894","830","2005","A","5",NA,NA,NA,NA,NA,NA,NA,NA,NA,NA,NA,NA
"FF-7","5754","10-ha","3894","830","2006","A","5","2","28",NA,NA,NA,NA,NA,NA,NA,NA,NA,NA
"FF-7","5754","10-ha","4362","830","1998","C","6",NA,NA,NA,NA,NA,NA,NA,NA,NA,NA,NA,NA
"FF-7","5754","10-ha","4362","830","1999","C","6",NA,NA,NA,NA,NA,NA,NA,NA,NA,NA,NA,NA
"FF-7","5754","10-ha","4362","830","2000","C","6",NA,NA,NA,NA,NA,NA,NA,NA,NA,NA,NA,NA
"FF-7","5754","10-ha","4362","830","2001","C","6",NA,NA,NA,NA,NA,NA,NA,NA,NA,NA,NA,NA
"FF-7","5754","10-ha","4362","830","2002","C","6",NA,NA,NA,NA,NA,NA,NA,NA,NA,NA,NA,NA
"FF-7","5754","10-ha","4362","830","2003","C","6","1","16",NA,NA,NA,NA,NA,NA,NA,NA,NA,NA
"FF-7","5754","10-ha","4362","830","2004","C","6","1","23",NA,NA,NA,NA,NA,NA,NA,NA,NA,NA
"FF-7","5754","10-ha","4362","830","2005","C","6",NA,NA,"dead",NA,NA,NA,NA,NA,NA,NA,NA,NA
"FF-7","5754","10-ha","4362","830","2006","C","6",NA,NA,NA,NA,NA,NA,NA,NA,NA,NA,NA,NA
"","","","","","","","","","","","","","","","","","","",""
"FF-7","5754","10-ha","3895","831","1998","A","5",NA,NA,NA,NA,NA,NA,NA,NA,NA,NA,NA,NA
"FF-7","5754","10-ha","3895","831","1999","A","5",NA,NA,NA,NA,NA,NA,NA,NA,NA,NA,NA,NA
"FF-7","5754","10-ha","3895","831","2000","A","5",NA,NA,NA,NA,NA,NA,NA,NA,NA,NA,NA,NA
"FF-7","5754","10-ha","3895","831","2001","A","5",NA,NA,NA,NA,NA,NA,NA,NA,NA,NA,NA,NA
"FF-7","5754","10-ha","3895","831","2002","A","5",NA,NA,NA,NA,NA,NA,NA,NA,NA,NA,NA,NA
"FF-7","5754","10-ha","3895","831","2003","A","5",NA,NA,NA,NA,NA,NA,NA,NA,NA,NA,NA,NA
"FF-7","5754","10-ha","3895","831","2004","A","5",NA,NA,NA,NA,NA,NA,NA,NA,NA,NA,NA,NA
"FF-7","5754","10-ha","3895","831","2005","A","5",NA,NA,NA,NA,NA,NA,NA,NA,NA,NA,NA,NA
"FF-7","5754","10-ha","3895","831","2006","A","5","2","22",NA,NA,NA,NA,NA,NA,NA,NA,NA,NA
"FF-7","5754","10-ha","4564","831","1998","D","9",NA,NA,NA,NA,NA,NA,NA,NA,NA,NA,NA,NA
"FF-7","5754","10-ha","4564","831","1999","D","9",NA,NA,NA,NA,NA,NA,NA,NA,NA,NA,NA,NA
"FF-7","5754","10-ha","4564","831","2000","D","9",NA,NA,NA,NA,NA,NA,NA,NA,NA,NA,NA,NA
"FF-7","5754","10-ha","4564","831","2001","D","9",NA,NA,NA,NA,NA,NA,NA,NA,NA,NA,NA,NA
"FF-7","5754","10-ha","4564","831","2002","D","9",NA,NA,NA,NA,NA,NA,NA,NA,NA,NA,NA,NA
"FF-7","5754","10-ha","4564","831","2003","D","9","3","74","no tag",NA,NA,NA,NA,NA,NA,NA,NA,NA
"FF-7","5754","10-ha","4564","831","2004","D","9","1","52",NA,NA,NA,NA,NA,NA,NA,NA,NA,NA
"FF-7","5754","10-ha","4564","831","2005","D","9","2","60",NA,NA,NA,NA,NA,NA,NA,NA,NA,NA
"FF-7","5754","10-ha","4564","831","2006","D","9","4","59",NA,NA,NA,NA,NA,NA,NA,NA,NA,NA
"","","","","","","","","","","","","","","","","","","",""
"FF-7","5754","10-ha","3865","832","1998","A","4",NA,NA,NA,NA,NA,NA,NA,NA,NA,NA,NA,NA
"FF-7","5754","10-ha","3865","832","1999","A","4",NA,NA,NA,NA,NA,NA,NA,NA,NA,NA,NA,NA
"FF-7","5754","10-ha","3865","832","2000","A","4",NA,NA,NA,NA,NA,NA,NA,NA,NA,NA,NA,NA
"FF-7","5754","10-ha","3865","832","2001","A","4",NA,NA,NA,NA,NA,NA,NA,NA,NA,NA,NA,NA
"FF-7","5754","10-ha","3865","832","2002","A","4",NA,NA,NA,NA,NA,NA,NA,NA,NA,NA,NA,NA
"FF-7","5754","10-ha","3865","832","2003","A","4",NA,NA,NA,NA,NA,NA,NA,NA,NA,NA,NA,NA
"FF-7","5754","10-ha","3865","832","2004","A","4",NA,NA,NA,NA,NA,NA,NA,NA,NA,NA,NA,NA
"FF-7","5754","10-ha","3865","832","2005","A","4",NA,NA,NA,NA,NA,NA,NA,NA,NA,NA,NA,NA
"FF-7","5754","10-ha","3865","832","2006","A","4","1","9","sdlg",NA,NA,NA,NA,NA,NA,NA,NA,NA
"FF-7","5754","10-ha","4547","832","1998","D","8",NA,NA,NA,NA,NA,NA,NA,NA,NA,NA,NA,NA
"FF-7","5754","10-ha","4547","832","1999","D","8",NA,NA,NA,NA,NA,NA,NA,NA,NA,NA,NA,NA
"FF-7","5754","10-ha","4547","832","2000","D","8",NA,NA,NA,NA,NA,NA,NA,NA,NA,NA,NA,NA
"FF-7","5754","10-ha","4547","832","2001","D","8",NA,NA,NA,NA,NA,NA,NA,NA,NA,NA,NA,NA
"FF-7","5754","10-ha","4547","832","2002","D","8",NA,NA,NA,NA,NA,NA,NA,NA,NA,NA,NA,NA
"FF-7","5754","10-ha","4547","832","2003","D","8","5","85","no tag",NA,NA,NA,NA,NA,NA,NA,NA,NA
"FF-7","5754","10-ha","4547","832","2004","D","8","2","80",NA,NA,NA,NA,NA,NA,NA,NA,NA,NA
"FF-7","5754","10-ha","4547","832","2005","D","8","3","54",NA,NA,NA,NA,NA,NA,NA,NA,NA,NA
"FF-7","5754","10-ha","4547","832","2006","D","8","2","31",NA,NA,NA,NA,NA,NA,NA,NA,NA,NA
"","","","","","","","","","","","","","","","","","","",""
"FF-7","5754","10-ha","4126","833","1998","B","4",NA,NA,NA,NA,NA,NA,NA,NA,NA,NA,NA,NA
"FF-7","5754","10-ha","4126","833","1999","B","4",NA,NA,NA,NA,NA,NA,NA,NA,NA,NA,NA,NA
"FF-7","5754","10-ha","4126","833","2000","B","4",NA,NA,NA,NA,NA,NA,NA,NA,NA,NA,NA,NA
"FF-7","5754","10-ha","4126","833","2001","B","4",NA,NA,NA,NA,NA,NA,NA,NA,NA,NA,NA,NA
"FF-7","5754","10-ha","4126","833","2002","B","4",NA,NA,NA,NA,NA,NA,NA,NA,NA,NA,NA,NA
"FF-7","5754","10-ha","4126","833","2003","B","4",NA,NA,NA,NA,NA,NA,NA,NA,NA,NA,NA,NA
"FF-7","5754","10-ha","4126","833","2004","B","4",NA,NA,NA,NA,NA,NA,NA,NA,NA,NA,NA,NA
"FF-7","5754","10-ha","4126","833","2005","B","4",NA,NA,NA,NA,NA,NA,NA,NA,NA,NA,NA,NA
"FF-7","5754","10-ha","4126","833","2006","B","4","1","6","sdlg",NA,NA,NA,NA,NA,NA,NA,NA,NA
"FF-7","5754","10-ha","4531","833","1998","D","7",NA,NA,NA,NA,NA,NA,NA,NA,NA,NA,NA,NA
"FF-7","5754","10-ha","4531","833","1999","D","7",NA,NA,NA,NA,NA,NA,NA,NA,NA,NA,NA,NA
"FF-7","5754","10-ha","4531","833","2000","D","7",NA,NA,NA,NA,NA,NA,NA,NA,NA,NA,NA,NA
"FF-7","5754","10-ha","4531","833","2001","D","7",NA,NA,NA,NA,NA,NA,NA,NA,NA,NA,NA,NA
"FF-7","5754","10-ha","4531","833","2002","D","7",NA,NA,NA,NA,NA,NA,NA,NA,NA,NA,NA,NA
"FF-7","5754","10-ha","4531","833","2003","D","7","5","39","no tag",NA,NA,NA,NA,NA,NA,NA,NA,NA
"FF-7","5754","10-ha","4531","833","2004","D","7","6","32",NA,NA,NA,NA,NA,NA,NA,NA,NA,NA
"FF-7","5754","10-ha","4531","833","2005","D","7","6","38",NA,NA,NA,NA,NA,NA,NA,NA,NA,NA
"FF-7","5754","10-ha","4531","833","2006","D","7","2","37",NA,NA,NA,NA,NA,NA,NA,NA,NA,NA
"","","","","","","","","","","","","","","","","","","",""
"FF-7","5754","10-ha","4127","834","1998","B","4",NA,NA,NA,NA,NA,NA,NA,NA,NA,NA,NA,NA
"FF-7","5754","10-ha","4127","834","1999","B","4",NA,NA,NA,NA,NA,NA,NA,NA,NA,NA,NA,NA
"FF-7","5754","10-ha","4127","834","2000","B","4",NA,NA,NA,NA,NA,NA,NA,NA,NA,NA,NA,NA
"FF-7","5754","10-ha","4127","834","2001","B","4",NA,NA,NA,NA,NA,NA,NA,NA,NA,NA,NA,NA
"FF-7","5754","10-ha","4127","834","2002","B","4",NA,NA,NA,NA,NA,NA,NA,NA,NA,NA,NA,NA
"FF-7","5754","10-ha","4127","834","2003","B","4",NA,NA,NA,NA,NA,NA,NA,NA,NA,NA,NA,NA
"FF-7","5754","10-ha","4127","834","2004","B","4",NA,NA,NA,NA,NA,NA,NA,NA,NA,NA,NA,NA
"FF-7","5754","10-ha","4127","834","2005","B","4",NA,NA,NA,NA,NA,NA,NA,NA,NA,NA,NA,NA
"FF-7","5754","10-ha","4127","834","2006","B","4","1","7","sdlg",NA,NA,NA,NA,NA,NA,NA,NA,NA
"FF-7","5754","10-ha","4532","834","1998","D","7",NA,NA,NA,NA,NA,NA,NA,NA,NA,NA,NA,NA
"FF-7","5754","10-ha","4532","834","1999","D","7",NA,NA,NA,NA,NA,NA,NA,NA,NA,NA,NA,NA
"FF-7","5754","10-ha","4532","834","2000","D","7",NA,NA,NA,NA,NA,NA,NA,NA,NA,NA,NA,NA
"FF-7","5754","10-ha","4532","834","2001","D","7",NA,NA,NA,NA,NA,NA,NA,NA,NA,NA,NA,NA
"FF-7","5754","10-ha","4532","834","2002","D","7",NA,NA,NA,NA,NA,NA,NA,NA,NA,NA,NA,NA
"FF-7","5754","10-ha","4532","834","2003","D","7","2","25","no tag",NA,NA,NA,NA,NA,NA,NA,NA,NA
"FF-7","5754","10-ha","4532","834","2004","D","7","3","32",NA,NA,NA,NA,NA,NA,NA,NA,NA,NA
"FF-7","5754","10-ha","4532","834","2005","D","7","4","45",NA,NA,NA,NA,NA,NA,NA,NA,NA,NA
"FF-7","5754","10-ha","4532","834","2006","D","7","4","60",NA,NA,NA,NA,NA,NA,NA,NA,NA,NA
"","","","","","","","","","","","","","","","","","","",""
"FF-7","5754","10-ha","4509","835","1998","D","6",NA,NA,NA,NA,NA,NA,NA,NA,NA,NA,NA,NA
"FF-7","5754","10-ha","4509","835","1999","D","6",NA,NA,NA,NA,NA,NA,NA,NA,NA,NA,NA,NA
"FF-7","5754","10-ha","4509","835","2000","D","6",NA,NA,NA,NA,NA,NA,NA,NA,NA,NA,NA,NA
"FF-7","5754","10-ha","4509","835","2001","D","6",NA,NA,NA,NA,NA,NA,NA,NA,NA,NA,NA,NA
"FF-7","5754","10-ha","4509","835","2002","D","6",NA,NA,NA,NA,NA,NA,NA,NA,NA,NA,NA,NA
"FF-7","5754","10-ha","4509","835","2003","D","6","1","6","sdlg",NA,NA,NA,NA,NA,NA,NA,NA,NA
"FF-7","5754","10-ha","4509","835","2004","D","6",NA,NA,NA,NA,NA,NA,NA,NA,NA,NA,NA,NA
"FF-7","5754","10-ha","4509","835","2005","D","6",NA,NA,NA,NA,NA,NA,NA,NA,NA,NA,NA,NA
"FF-7","5754","10-ha","4509","835","2006","D","6",NA,NA,NA,NA,NA,NA,NA,NA,NA,NA,NA,NA
"FF-7","5754","10-ha","4646","835","1998","E","4",NA,NA,NA,NA,NA,NA,NA,NA,NA,NA,NA,NA
"FF-7","5754","10-ha","4646","835","1999","E","4",NA,NA,NA,NA,NA,NA,NA,NA,NA,NA,NA,NA
"FF-7","5754","10-ha","4646","835","2000","E","4",NA,NA,NA,NA,NA,NA,NA,NA,NA,NA,NA,NA
"FF-7","5754","10-ha","4646","835","2001","E","4",NA,NA,NA,NA,NA,NA,NA,NA,NA,NA,NA,NA
"FF-7","5754","10-ha","4646","835","2002","E","4",NA,NA,NA,NA,NA,NA,NA,NA,NA,NA,NA,NA
"FF-7","5754","10-ha","4646","835","2003","E","4",NA,NA,NA,NA,NA,NA,NA,NA,NA,NA,NA,NA
"FF-7","5754","10-ha","4646","835","2004","E","4",NA,NA,NA,NA,NA,NA,NA,NA,NA,NA,NA,NA
"FF-7","5754","10-ha","4646","835","2005","E","4",NA,NA,NA,NA,NA,NA,NA,NA,NA,NA,NA,NA
"FF-7","5754","10-ha","4646","835","2006","E","4","1","10","sdlg",NA,NA,NA,NA,NA,NA,NA,NA,NA
"","","","","","","","","","","","","","","","","","","",""
"FF-7","5754","10-ha","4444","836","1998","D","1",NA,NA,NA,NA,NA,NA,NA,NA,NA,NA,NA,NA
"FF-7","5754","10-ha","4444","836","1999","D","1",NA,NA,NA,NA,NA,NA,NA,NA,NA,NA,NA,NA
"FF-7","5754","10-ha","4444","836","2000","D","1",NA,NA,NA,NA,NA,NA,NA,NA,NA,NA,NA,NA
"FF-7","5754","10-ha","4444","836","2001","D","1",NA,NA,NA,NA,NA,NA,NA,NA,NA,NA,NA,NA
"FF-7","5754","10-ha","4444","836","2002","D","1",NA,NA,NA,NA,NA,NA,NA,NA,NA,NA,NA,NA
"FF-7","5754","10-ha","4444","836","2003","D","1",NA,NA,NA,NA,NA,NA,NA,NA,NA,NA,NA,NA
"FF-7","5754","10-ha","4444","836","2004","D","1",NA,NA,NA,NA,NA,NA,NA,NA,NA,NA,NA,NA
"FF-7","5754","10-ha","4444","836","2005","D","1",NA,NA,NA,NA,NA,NA,NA,NA,NA,NA,NA,NA
"FF-7","5754","10-ha","4444","836","2006","D","1","3","30",NA,NA,NA,NA,NA,NA,NA,NA,NA,NA
"FF-7","5754","10-ha","4504","836","1998","D","5",NA,NA,NA,NA,NA,NA,NA,NA,NA,NA,NA,NA
"FF-7","5754","10-ha","4504","836","1999","D","5",NA,NA,NA,NA,NA,NA,NA,NA,NA,NA,NA,NA
"FF-7","5754","10-ha","4504","836","2000","D","5",NA,NA,NA,NA,NA,NA,NA,NA,NA,NA,NA,NA
"FF-7","5754","10-ha","4504","836","2001","D","5",NA,NA,NA,NA,NA,NA,NA,NA,NA,NA,NA,NA
"FF-7","5754","10-ha","4504","836","2002","D","5",NA,NA,NA,NA,NA,NA,NA,NA,NA,NA,NA,NA
"FF-7","5754","10-ha","4504","836","2003","D","5",NA,NA,NA,NA,NA,NA,NA,NA,NA,NA,NA,NA
"FF-7","5754","10-ha","4504","836","2004","D","5","3","75","no tag",NA,NA,NA,NA,NA,NA,NA,NA,NA
"FF-7","5754","10-ha","4504","836","2005","D","5","2","53",NA,NA,NA,NA,NA,NA,NA,NA,NA,NA
"FF-7","5754","10-ha","4504","836","2006","D","5","3","53",NA,NA,NA,NA,NA,NA,NA,NA,NA,NA
"","","","","","","","","","","","","","","","","","","",""
"FF-7","5754","10-ha","3966","858","1998","A","8",NA,NA,NA,NA,NA,NA,NA,NA,NA,NA,NA,NA
"FF-7","5754","10-ha","3966","858","1999","A","8",NA,NA,NA,NA,NA,NA,NA,NA,NA,NA,NA,NA
"FF-7","5754","10-ha","3966","858","2000","A","8",NA,NA,NA,NA,NA,NA,NA,NA,NA,NA,NA,NA
"FF-7","5754","10-ha","3966","858","2001","A","8",NA,NA,NA,NA,NA,NA,NA,NA,NA,NA,NA,NA
"FF-7","5754","10-ha","3966","858","2002","A","8",NA,NA,NA,NA,NA,NA,NA,NA,NA,NA,NA,NA
"FF-7","5754","10-ha","3966","858","2003","A","8",NA,NA,NA,NA,NA,NA,NA,NA,NA,NA,NA,NA
"FF-7","5754","10-ha","3966","858","2004","A","8","1","16","ULY",NA,NA,NA,NA,NA,NA,NA,NA,NA
"FF-7","5754","10-ha","3966","858","2005","A","8","2","21",NA,NA,NA,NA,NA,NA,NA,NA,NA,NA
"FF-7","5754","10-ha","3966","858","2006","A","8","3","23","under branchfall",NA,NA,NA,NA,NA,NA,NA,NA,NA
"FF-7","5754","10-ha","4787","858","1998","E","9",NA,NA,NA,NA,NA,NA,NA,NA,NA,NA,NA,NA
"FF-7","5754","10-ha","4787","858","1999","E","9",NA,NA,NA,NA,NA,NA,NA,NA,NA,NA,NA,NA
"FF-7","5754","10-ha","4787","858","2000","E","9",NA,NA,NA,NA,NA,NA,NA,NA,NA,NA,NA,NA
"FF-7","5754","10-ha","4787","858","2001","E","9",NA,NA,NA,NA,NA,NA,NA,NA,NA,NA,NA,NA
"FF-7","5754","10-ha","4787","858","2002","E","9",NA,NA,NA,NA,NA,NA,NA,NA,NA,NA,NA,NA
"FF-7","5754","10-ha","4787","858","2003","E","9",NA,NA,NA,NA,NA,NA,NA,NA,NA,NA,NA,NA
"FF-7","5754","10-ha","4787","858","2004","E","9",NA,NA,NA,NA,NA,NA,NA,NA,NA,NA,NA,NA
"FF-7","5754","10-ha","4787","858","2005","E","9",NA,NA,NA,NA,NA,NA,NA,NA,NA,NA,NA,NA
"FF-7","5754","10-ha","4787","858","2006","E","9","1","15",NA,NA,NA,NA,NA,NA,NA,NA,NA,NA
"","","","","","","","","","","","","","","","","","","",""
"FF-7","5754","10-ha","3967","859","1998","A","8",NA,NA,NA,NA,NA,NA,NA,NA,NA,NA,NA,NA
"FF-7","5754","10-ha","3967","859","1999","A","8",NA,NA,NA,NA,NA,NA,NA,NA,NA,NA,NA,NA
"FF-7","5754","10-ha","3967","859","2000","A","8",NA,NA,NA,NA,NA,NA,NA,NA,NA,NA,NA,NA
"FF-7","5754","10-ha","3967","859","2001","A","8",NA,NA,NA,NA,NA,NA,NA,NA,NA,NA,NA,NA
"FF-7","5754","10-ha","3967","859","2002","A","8",NA,NA,NA,NA,NA,NA,NA,NA,NA,NA,NA,NA
"FF-7","5754","10-ha","3967","859","2003","A","8",NA,NA,NA,NA,NA,NA,NA,NA,NA,NA,NA,NA
"FF-7","5754","10-ha","3967","859","2004","A","8","1","7","sdlg",NA,NA,NA,NA,NA,NA,NA,NA,NA
"FF-7","5754","10-ha","3967","859","2005","A","8","1","10",NA,NA,NA,NA,NA,NA,NA,NA,NA,NA
"FF-7","5754","10-ha","3967","859","2006","A","8","1","19",NA,NA,NA,NA,NA,NA,NA,NA,NA,NA
"FF-7","5754","10-ha","4435","859","1998","C","9",NA,NA,NA,NA,NA,NA,NA,NA,NA,NA,NA,NA
"FF-7","5754","10-ha","4435","859","1999","C","9",NA,NA,NA,NA,NA,NA,NA,NA,NA,NA,NA,NA
"FF-7","5754","10-ha","4435","859","2000","C","9",NA,NA,NA,NA,NA,NA,NA,NA,NA,NA,NA,NA
"FF-7","5754","10-ha","4435","859","2001","C","9",NA,NA,NA,NA,NA,NA,NA,NA,NA,NA,NA,NA
"FF-7","5754","10-ha","4435","859","2002","C","9",NA,NA,NA,NA,NA,NA,NA,NA,NA,NA,NA,NA
"FF-7","5754","10-ha","4435","859","2003","C","9",NA,NA,NA,NA,NA,NA,NA,NA,NA,NA,NA,NA
"FF-7","5754","10-ha","4435","859","2004","C","9",NA,NA,NA,NA,NA,NA,NA,NA,NA,NA,NA,NA
"FF-7","5754","10-ha","4435","859","2005","C","9",NA,NA,NA,NA,NA,NA,NA,NA,NA,NA,NA,NA
"FF-7","5754","10-ha","4435","859","2006","C","9","1","8","sdlg",NA,NA,NA,NA,NA,NA,NA,NA,NA
"","","","","","","","","","","","","","","","","","","",""
"FF-7","5754","10-ha","3968","860","1998","A","8",NA,NA,NA,NA,NA,NA,NA,NA,NA,NA,NA,NA
"FF-7","5754","10-ha","3968","860","1999","A","8",NA,NA,NA,NA,NA,NA,NA,NA,NA,NA,NA,NA
"FF-7","5754","10-ha","3968","860","2000","A","8",NA,NA,NA,NA,NA,NA,NA,NA,NA,NA,NA,NA
"FF-7","5754","10-ha","3968","860","2001","A","8",NA,NA,NA,NA,NA,NA,NA,NA,NA,NA,NA,NA
"FF-7","5754","10-ha","3968","860","2002","A","8",NA,NA,NA,NA,NA,NA,NA,NA,NA,NA,NA,NA
"FF-7","5754","10-ha","3968","860","2003","A","8",NA,NA,NA,NA,NA,NA,NA,NA,NA,NA,NA,NA
"FF-7","5754","10-ha","3968","860","2004","A","8","2","14","ULY",NA,NA,NA,NA,NA,NA,NA,NA,NA
"FF-7","5754","10-ha","3968","860","2005","A","8","2","18",NA,NA,NA,NA,NA,NA,NA,NA,NA,NA
"FF-7","5754","10-ha","3968","860","2006","A","8",NA,NA,"missing",NA,NA,NA,NA,NA,NA,NA,NA,NA
"FF-7","5754","10-ha","4008","860","1998","A","9",NA,NA,NA,NA,NA,NA,NA,NA,NA,NA,NA,NA
"FF-7","5754","10-ha","4008","860","1999","A","9",NA,NA,NA,NA,NA,NA,NA,NA,NA,NA,NA,NA
"FF-7","5754","10-ha","4008","860","2000","A","9",NA,NA,NA,NA,NA,NA,NA,NA,NA,NA,NA,NA
"FF-7","5754","10-ha","4008","860","2001","A","9",NA,NA,NA,NA,NA,NA,NA,NA,NA,NA,NA,NA
"FF-7","5754","10-ha","4008","860","2002","A","9",NA,NA,NA,NA,NA,NA,NA,NA,NA,NA,NA,NA
"FF-7","5754","10-ha","4008","860","2003","A","9",NA,NA,NA,NA,NA,NA,NA,NA,NA,NA,NA,NA
"FF-7","5754","10-ha","4008","860","2004","A","9",NA,NA,NA,NA,NA,NA,NA,NA,NA,NA,NA,NA
"FF-7","5754","10-ha","4008","860","2005","A","9",NA,NA,NA,NA,NA,NA,NA,NA,NA,NA,NA,NA
"FF-7","5754","10-ha","4008","860","2006","A","9","1","8","sdlg",NA,NA,NA,NA,NA,NA,NA,NA,NA
