plant_id,plot,habitat,ranch,bdffp_reserve_no,tag_number,row,column,plotID,year,code,notes,new_tag,new_row,new_col,duplicate_tag
312,2107,1-ha,DIM,2107,318,E,1,FF-1,2008,new plant in plot,new plant in plot,NA,NA,NA,NA
74,2107,1-ha,DIM,2107,383,A,9,FF-1,2008,new plant in plot,new plant in plot,NA,NA,NA,NA
258,2107,1-ha,DIM,2107,386,D,10,FF-1,2008,new plant in plot,new plant in plot,NA,NA,NA,NA
91,2107,1-ha,DIM,2107,399,B,10,FF-1,2008,new plant in plot,new plant in plot,NA,NA,NA,NA
92,2107,1-ha,DIM,2107,400,B,10,FF-1,2008,new plant in plot,new plant in plot,NA,NA,NA,NA
619,2108,1-ha,DIM,2108,338,E,10,FF-2,2008,new plant in plot,new plant in plot,NA,NA,NA,NA
405,2108,1-ha,DIM,2108,361,B,1,FF-2,2008,new plant in plot,new plant in plot,NA,NA,NA,NA
1383,5750,CF,EST,1501,2028,D,6,CF-2,2008,new plant in plot,new plant in plot,NA,NA,NA,NA
1041,5750,CF,EST,1501,2032,A,8,CF-2,2008,new plant in plot,new plant in plot,NA,NA,NA,NA
1042,5750,CF,EST,1501,2034,A,8,CF-2,2008,new plant in plot,new plant in plot,NA,NA,NA,NA
1883,5750,CF,EST,1501,2042,I,6,CF-2,2008,new plant in plot,new plant in plot,NA,NA,NA,NA
1219,5750,CF,EST,1501,2051,C,6,CF-2,2008,new plant in plot,new plant in plot,NA,NA,NA,NA
2025,5750,CF,EST,1501,2308,J,6,CF-2,2008,new plant in plot,new plant in plot,NA,NA,NA,NA
2026,5750,CF,EST,1501,2309,J,6,CF-2,2008,new plant in plot,new plant in plot,NA,NA,NA,NA
2275,5751,1-ha,EST,1104,154,C,1,FF-3,2008,new plant in plot,new plant in plot,NA,NA,NA,NA
2485,5751,1-ha,EST,1104,373,E,1,FF-3,2008,new plant in plot,new plant in plot,NA,NA,NA,NA
2541,5751,1-ha,EST,1104,394,E,6,FF-3,2008,new plant in plot,new plant in plot,NA,NA,NA,NA
5968,5756,CF,EST,1501,1688,E,2,CF-3,2008,new plant in plot,new plant in plot,NA,NA,NA,NA
5917,5756,CF,EST,1501,1690,E,1,CF-3,2008,new plant in plot,new plant in plot,NA,NA,NA,NA
5918,5756,CF,EST,1501,1691,E,1,CF-3,2008,new plant in plot,new plant in plot,NA,NA,NA,NA
5969,5756,CF,EST,1501,1693,E,2,CF-3,2008,new plant in plot,new plant in plot,NA,NA,NA,NA
5970,5756,CF,EST,1501,1694,E,2,CF-3,2008,new plant in plot,new plant in plot,NA,NA,NA,NA
5971,5756,CF,EST,1501,1699,E,2,CF-3,2008,new plant in plot,new plant in plot,NA,NA,NA,NA
5921,5756,CF,EST,1501,1709,E,1,CF-3,2008,new plant in plot,new plant in plot,NA,NA,NA,NA
5923,5756,CF,EST,1501,1722,E,1,CF-3,2008,new plant in plot,new plant in plot,NA,NA,NA,NA
5924,5756,CF,EST,1501,1723,E,1,CF-3,2008,new plant in plot,new plant in plot,NA,NA,NA,NA
5925,5756,CF,EST,1501,1724,E,1,CF-3,2008,new plant in plot,new plant in plot,NA,NA,NA,NA
5926,5756,CF,EST,1501,1725,E,1,CF-3,2008,new plant in plot,new plant in plot,NA,NA,NA,NA
6102,5756,CF,EST,1501,1750,E,7,CF-3,2008,new plant in plot,new plant in plot,NA,NA,NA,NA
5990,5756,CF,EST,1501,1755,E,3,CF-3,2008,new plant in plot,new plant in plot,NA,NA,NA,NA
6103,5756,CF,EST,1501,1756,E,7,CF-3,2008,new plant in plot,new plant in plot,NA,NA,NA,NA
6104,5756,CF,EST,1501,1757,E,7,CF-3,2008,new plant in plot,new plant in plot,NA,NA,NA,NA
5938,5756,CF,EST,1501,1758,E,10,CF-3,2008,new plant in plot,new plant in plot,NA,NA,NA,NA
5939,5756,CF,EST,1501,1759,E,10,CF-3,2008,new plant in plot,new plant in plot,NA,NA,NA,NA
6061,5756,CF,EST,1501,1766,E,6,CF-3,2008,new plant in plot,new plant in plot,NA,NA,NA,NA
6062,5756,CF,EST,1501,1767,E,6,CF-3,2008,new plant in plot,new plant in plot,NA,NA,NA,NA
6063,5756,CF,EST,1501,1768,E,6,CF-3,2008,new plant in plot,new plant in plot,NA,NA,NA,NA
6064,5756,CF,EST,1501,1769,E,6,CF-3,2008,new plant in plot,new plant in plot,NA,NA,NA,NA
6065,5756,CF,EST,1501,1770,E,6,CF-3,2008,new plant in plot,new plant in plot,NA,NA,NA,NA
6105,5756,CF,EST,1501,1771,E,7,CF-3,2008,new plant in plot,new plant in plot,NA,NA,NA,NA
6066,5756,CF,EST,1501,1775,E,6,CF-3,2008,new plant in plot,new plant in plot,NA,NA,NA,NA
5940,5756,CF,EST,1501,1780,E,10,CF-3,2008,new plant in plot,new plant in plot,NA,NA,NA,NA
5991,5756,CF,EST,1501,1794,E,3,CF-3,2008,new plant in plot,new plant in plot,NA,NA,NA,NA
5941,5756,CF,EST,1501,2201,E,10,CF-3,2008,new plant in plot,new plant in plot,NA,NA,NA,NA
5942,5756,CF,EST,1501,2202,E,10,CF-3,2008,new plant in plot,new plant in plot,NA,NA,NA,NA
5943,5756,CF,EST,1501,2203,E,10,CF-3,2008,new plant in plot,new plant in plot,NA,NA,NA,NA
5944,5756,CF,EST,1501,2204,E,10,CF-3,2008,new plant in plot,new plant in plot,NA,NA,NA,NA
5945,5756,CF,EST,1501,2205,E,10,CF-3,2008,new plant in plot,new plant in plot,NA,NA,NA,NA
5685,5756,CF,EST,1501,2206,D,10,CF-3,2008,new plant in plot,new plant in plot,NA,NA,NA,NA
5686,5756,CF,EST,1501,2207,D,10,CF-3,2008,new plant in plot,new plant in plot,NA,NA,NA,NA
5456,5756,CF,EST,1501,2231,C,10,CF-3,2008,new plant in plot,new plant in plot,NA,NA,NA,NA
6006,5756,CF,EST,1501,2214,E,4,CF-3,2009,new plant in plot,new plant in plot,NA,NA,NA,NA
6136,5756,CF,EST,1501,2228,E,9,CF-3,2009,new plant in plot,new plant in plot,NA,NA,NA,NA
5193,5756,CF,EST,1501,2232,B,10,CF-3,2009,new plant in plot,new plant in plot,NA,NA,NA,NA
5194,5756,CF,EST,1501,2238,B,10,CF-3,2009,new plant in plot,new plant in plot,NA,NA,NA,NA
5457,5756,CF,EST,1501,2239,C,10,CF-3,2009,new plant in plot,new plant in plot,NA,NA,NA,NA
4839,5756,CF,EST,1501,2241,A,10,CF-3,2009,new plant in plot,new plant in plot,NA,NA,NA,NA
5458,5756,CF,EST,1501,2244,C,10,CF-3,2009,new plant in plot,new plant in plot,NA,NA,NA,NA
6069,5756,CF,EST,1501,2288,E,6,CF-3,2009,new plant in plot,new plant in plot,NA,NA,NA,NA
6116,5756,CF,EST,1501,2292,E,8,CF-3,2009,new plant in plot,new plant in plot,NA,NA,NA,NA
6343,CaboFrio-CF,CF,PAL,3402,2108,C,1,CF-6,2008,new plant in plot,new plant in plot,NA,NA,NA,NA
6426,CaboFrio-CF,CF,PAL,3402,2110,D,1,CF-6,2008,new plant in plot,new plant in plot,NA,NA,NA,NA
6248,CaboFrio-CF,CF,PAL,3402,2112,B,1,CF-6,2008,new plant in plot,new plant in plot,NA,NA,NA,NA
6249,CaboFrio-CF,CF,PAL,3402,2113,B,1,CF-6,2008,new plant in plot,new plant in plot,NA,NA,NA,NA
6250,CaboFrio-CF,CF,PAL,3402,2117,B,1,CF-6,2008,new plant in plot,new plant in plot,NA,NA,NA,NA
6428,CaboFrio-CF,CF,PAL,3402,2125,D,1,CF-6,2008,new plant in plot,new plant in plot,NA,NA,NA,NA
6151,CaboFrio-CF,CF,PAL,3402,2126,A,1,CF-6,2008,new plant in plot,new plant in plot,NA,NA,NA,NA
6152,CaboFrio-CF,CF,PAL,3402,2127,A,1,CF-6,2008,new plant in plot,new plant in plot,NA,NA,NA,NA
6153,CaboFrio-CF,CF,PAL,3402,2128,A,1,CF-6,2008,new plant in plot,new plant in plot,NA,NA,NA,NA
6192,CaboFrio-CF,CF,PAL,3402,2136,A,4,CF-6,2009,new plant in plot,new plant in plot,NA,NA,NA,NA
7025,Florestal-CF,CF,EST,1301,1585,A,4,CF-1,2008,new plant in plot,new plant in plot,NA,NA,NA,NA
6912,Florestal-CF,CF,EST,1301,1588,A,2,CF-1,2008,new plant in plot,new plant in plot,NA,NA,NA,NA
6977,Florestal-CF,CF,EST,1301,1590,A,3,CF-1,2008,new plant in plot,new plant in plot,NA,NA,NA,NA
7070,Florestal-CF,CF,EST,1301,1932,A,5,CF-1,2008,new plant in plot,new plant in plot,NA,NA,NA,NA
7168,Florestal-CF,CF,EST,1301,1955,A,8,CF-1,2008,new plant in plot,new plant in plot,NA,NA,NA,NA
7169,Florestal-CF,CF,EST,1301,1956,A,8,CF-1,2008,new plant in plot,new plant in plot,NA,NA,NA,NA
8479,PortoAlegre-CF,CF,PAL,none,350,C,10,CF-5,2008,new plant in plot,new plant in plot,NA,NA,NA,NA
8625,PortoAlegre-CF,CF,PAL,none,245,E,3,CF-5,2009,new plant in plot,new plant in plot,NA,NA,NA,NA
8626,PortoAlegre-CF,CF,PAL,none,250,E,3,CF-5,2009,new plant in plot,new plant in plot,NA,NA,NA,NA
8616,PortoAlegre-CF,CF,PAL,none,251,E,2,CF-5,2009,new plant in plot,new plant in plot,NA,NA,NA,NA
8597,PortoAlegre-CF,CF,PAL,none,271,E,1,CF-5,2009,new plant in plot,new plant in plot,NA,NA,NA,NA
8617,PortoAlegre-CF,CF,PAL,none,285,E,2,CF-5,2009,new plant in plot,new plant in plot,NA,NA,NA,NA
8627,PortoAlegre-CF,CF,PAL,none,306,E,3,CF-5,2009,new plant in plot,new plant in plot,NA,NA,NA,NA
8628,PortoAlegre-CF,CF,PAL,none,322,E,3,CF-5,2009,new plant in plot,new plant in plot,NA,NA,NA,NA
8599,PortoAlegre-CF,CF,PAL,none,346,E,1,CF-5,2009,new plant in plot,new plant in plot,NA,NA,NA,NA
8620,PortoAlegre-CF,CF,PAL,none,347,E,2,CF-5,2009,new plant in plot,new plant in plot,NA,NA,NA,NA
252,2107,1-ha,DIM,2107,225,D,10,FF-1,2000,no tag,no tag,NA,NA,NA,NA
203,2107,1-ha,DIM,2107,279,C,5,FF-1,2004,no tag,no tag,NA,NA,NA,NA
133,2107,1-ha,DIM,2107,286,B,5,FF-1,2004,no tag,no tag,NA,NA,NA,NA
161,2107,1-ha,DIM,2107,316,B,9,FF-1,2004,no tag,no tag,NA,NA,NA,NA
629,2108,1-ha,DIM,2108,245,E,7,FF-2,2004,no tag,no tag,NA,NA,NA,NA
507,2108,1-ha,DIM,2108,311,C,8,FF-2,2004,no tag,no tag,NA,NA,NA,NA
440,2108,1-ha,DIM,2108,320,B,5,FF-2,2004,no tag,no tag,NA,NA,NA,NA
550,2108,1-ha,DIM,2108,324,D,3,FF-2,2004,no tag,no tag,NA,NA,NA,NA
493,2108,1-ha,DIM,2108,248,C,7,FF-2,2005,no tag,no tag,NA,NA,NA,NA
610,2108,1-ha,DIM,2108,253,E,10,FF-2,2005,no tag,no tag,NA,NA,NA,NA
613,2108,1-ha,DIM,2108,256,E,10,FF-2,2005,no tag,no tag,NA,NA,NA,NA
614,2108,1-ha,DIM,2108,257,E,10,FF-2,2005,no tag,no tag,NA,NA,NA,NA
615,2108,1-ha,DIM,2108,258,E,10,FF-2,2005,no tag,no tag,NA,NA,NA,NA
616,2108,1-ha,DIM,2108,259,E,10,FF-2,2005,no tag,no tag,NA,NA,NA,NA
621,2108,1-ha,DIM,2108,264,E,3,FF-2,2005,no tag,no tag,NA,NA,NA,NA
547,2108,1-ha,DIM,2108,265,D,3,FF-2,2005,no tag,no tag,NA,NA,NA,NA
548,2108,1-ha,DIM,2108,266,D,3,FF-2,2005,no tag,no tag,NA,NA,NA,NA
477,2108,1-ha,DIM,2108,267,C,3,FF-2,2005,no tag,no tag,NA,NA,NA,NA
548,2108,1-ha,DIM,2108,266,D,3,FF-2,2009,no tag,no tag,NA,NA,NA,NA
688,2206,10-ha,DIM,2206,193,A,6,FF-5,2003,no tag,no tag,NA,NA,NA,NA
941,2206,10-ha,DIM,2206,215,E,9,FF-5,2003,no tag,no tag,NA,NA,NA,NA
942,2206,10-ha,DIM,2206,242,E,9,FF-5,2003,no tag,no tag,NA,NA,NA,NA
762,2206,10-ha,DIM,2206,173,B,6,FF-5,2004,no tag,no tag,NA,NA,NA,NA
738,2206,10-ha,DIM,2206,205,B,3,FF-5,2004,no tag,no tag,NA,NA,NA,NA
745,2206,10-ha,DIM,2206,224,B,4,FF-5,2004,no tag,no tag,NA,NA,NA,NA
758,2206,10-ha,DIM,2206,250,B,5,FF-5,2004,no tag,no tag,NA,NA,NA,NA
674,2206,10-ha,DIM,2206,251,A,4,FF-5,2004,no tag,no tag,NA,NA,NA,NA
717,2206,10-ha,DIM,2206,187,B,10,FF-5,2005,no tag,no tag,NA,NA,NA,NA
907,2206,10-ha,DIM,2206,220,E,2,FF-5,2005,no tag,no tag,NA,NA,NA,NA
872,2206,10-ha,DIM,2206,221,D,2,FF-5,2005,no tag,no tag,NA,NA,NA,NA
721,2206,10-ha,DIM,2206,232,B,10,FF-5,2005,no tag,no tag,NA,NA,NA,NA
723,2206,10-ha,DIM,2206,234,B,10,FF-5,2005,no tag,no tag,NA,NA,NA,NA
857,2206,10-ha,DIM,2206,239,D,10,FF-5,2005,no tag,no tag,NA,NA,NA,NA
851,2206,10-ha,DIM,2206,243,C,9,FF-5,2005,no tag,no tag,NA,NA,NA,NA
791,2206,10-ha,DIM,2206,247,B,9,FF-5,2005,no tag,no tag,NA,NA,NA,NA
772,2206,10-ha,DIM,2206,248,B,8,FF-5,2005,no tag,no tag,NA,NA,NA,NA
697,2206,10-ha,DIM,2206,249,A,8,FF-5,2005,no tag,no tag,NA,NA,NA,NA
707,2206,10-ha,DIM,2206,274,A,9,FF-5,2005,no tag,no tag,NA,NA,NA,NA
682,2206,10-ha,DIM,2206,276,A,5,FF-5,2005,no tag,no tag,NA,NA,NA,NA
760,2206,10-ha,DIM,2206,285,B,5,FF-5,2005,no tag,no tag,NA,NA,NA,NA
839,2206,10-ha,DIM,2206,298,C,4,FF-5,2005,no tag,no tag,NA,NA,NA,NA
1236,5750,CF,EST,1501,716,C,7,CF-2,2001,no tag,no tag,NA,NA,NA,NA
2096,5750,CF,EST,1501,725,J,8,CF-2,2002,no tag,no tag,NA,NA,NA,NA
1454,5750,CF,EST,1501,735,E,6,CF-2,2002,no tag,no tag,NA,NA,NA,NA
1691,5750,CF,EST,1501,946,G,9,CF-2,2004,no tag,no tag,NA,NA,NA,NA
1836,5750,CF,EST,1501,958,H,9,CF-2,2004,no tag,no tag,NA,NA,NA,NA
1487,5750,CF,EST,1501,967,E,8,CF-2,2004,no tag,no tag,NA,NA,NA,NA
1240,5750,CF,EST,1501,970,C,7,CF-2,2004,no tag,no tag,NA,NA,NA,NA
1270,5750,CF,EST,1501,1303,C,8,CF-2,2004,no tag,no tag,NA,NA,NA,NA
1654,5750,CF,EST,1501,1310,G,8,CF-2,2004,no tag,no tag,NA,NA,NA,NA
1489,5750,CF,EST,1501,1319,E,8,CF-2,2004,no tag,no tag,NA,NA,NA,NA
2171,5750,CF,EST,1501,1323,J,8,CF-2,2004,no tag,no tag,NA,NA,NA,NA
2103,5750,CF,EST,1501,1326,J,8,CF-2,2004,no tag,no tag,NA,NA,NA,NA
1873,5750,CF,EST,1501,1365,I,6,CF-2,2004,no tag,no tag,NA,NA,NA,NA
1457,5750,CF,EST,1501,1368,E,6,CF-2,2004,no tag,no tag,NA,NA,NA,NA
1008,5750,CF,EST,1501,1342,A,7,CF-2,2005,no tag,no tag,NA,NA,NA,NA
1129,5750,CF,EST,1501,1343,B,7,CF-2,2005,no tag,no tag,NA,NA,NA,NA
1088,5750,CF,EST,1501,1345,B,10,CF-2,2005,no tag,no tag,NA,NA,NA,NA
1381,5750,CF,EST,1501,1359,D,6,CF-2,2005,no tag,no tag,NA,NA,NA,NA
1456,5750,CF,EST,1501,1360,E,6,CF-2,2005,no tag,no tag,NA,NA,NA,NA
1490,5750,CF,EST,1501,1361,E,8,CF-2,2005,no tag,no tag,NA,NA,NA,NA
1558,5750,CF,EST,1501,1364,F,7,CF-2,2005,no tag,no tag,NA,NA,NA,NA
1693,5750,CF,EST,1501,1374,G,9,CF-2,2005,no tag,no tag,NA,NA,NA,NA
1696,5750,CF,EST,1501,1377,G,9,CF-2,2005,no tag,no tag,NA,NA,NA,NA
1837,5750,CF,EST,1501,1379,H,9,CF-2,2005,no tag,no tag,NA,NA,NA,NA
1824,5750,CF,EST,1501,1381,H,8,CF-2,2005,no tag,no tag,NA,NA,NA,NA
2160,5750,CF,EST,1501,1385,J,9,CF-2,2005,no tag,no tag,NA,NA,NA,NA
1964,5750,CF,EST,1501,1390,I,9,CF-2,2005,no tag,no tag,NA,NA,NA,NA
2006,5750,CF,EST,1501,1393,J,10,CF-2,2005,no tag,no tag,NA,NA,NA,NA
1699,5750,CF,EST,1501,2005,G,9,CF-2,2007,no tag,no tag,NA,NA,NA,NA
1700,5750,CF,EST,1501,2009,G,9,CF-2,2007,no tag,no tag,NA,NA,NA,NA
1701,5750,CF,EST,1501,2010,G,9,CF-2,2007,no tag,no tag,NA,NA,NA,NA
1702,5750,CF,EST,1501,2014,G,9,CF-2,2007,no tag,no tag,NA,NA,NA,NA
1856,5750,CF,EST,1501,2021,I,10,CF-2,2007,no tag,no tag,NA,NA,NA,NA
2550,5751,1-ha,EST,1104,263,E,7,FF-3,2000,no tag,no tag,NA,NA,NA,NA
2339,5751,1-ha,EST,1104,304,C,7,FF-3,2002,no tag,no tag,NA,NA,NA,NA
2318,5751,1-ha,EST,1104,352,C,5,FF-3,2002,no tag,no tag,NA,NA,NA,NA
2213,5751,1-ha,EST,1104,253,A,8,FF-3,2004,no tag,no tag,NA,NA,NA,NA
2215,5751,1-ha,EST,1104,256,A,8,FF-3,2004,no tag,no tag,NA,NA,NA,NA
2323,5751,1-ha,EST,1104,356,C,6,FF-3,2004,no tag,no tag,NA,NA,NA,NA
2221,5751,1-ha,EST,1104,357,A,8,FF-3,2004,no tag,no tag,NA,NA,NA,NA
2382,5751,1-ha,EST,1104,399,D,1,FF-3,2004,no tag,no tag,NA,NA,NA,NA
2503,5751,1-ha,EST,1104,331,E,2,FF-3,2005,no tag,no tag,NA,NA,NA,NA
2348,5751,1-ha,EST,1104,342,C,8,FF-3,2005,no tag,no tag,NA,NA,NA,NA
2486,5751,1-ha,EST,1104,386,E,1,FF-3,2008,no tag,no tag,NA,NA,NA,NA
2487,5751,1-ha,EST,1104,387,E,1,FF-3,2008,no tag,no tag,NA,NA,NA,NA
2829,5752,10-ha,EST,1202,433,B,5,FF-6,2000,no tag,no tag,NA,NA,NA,NA
3232,5752,10-ha,EST,1202,521,D,7,FF-6,2000,no tag,no tag,NA,NA,NA,NA
3256,5752,10-ha,EST,1202,397,D,9,FF-6,2001,no tag,no tag,NA,NA,NA,NA
2851,5752,10-ha,EST,1202,532,B,6,FF-6,2001,no tag,no tag,NA,NA,NA,NA
2941,5752,10-ha,EST,1202,546,C,3,FF-6,2001,no tag,no tag,NA,NA,NA,NA
2729,5752,10-ha,EST,1202,550,A,9,FF-6,2001,no tag,no tag,NA,NA,NA,NA
2827,5752,10-ha,EST,1202,290,B,5,FF-6,2002,no tag,no tag,NA,NA,NA,NA
2731,5752,10-ha,EST,1202,634,A,9,FF-6,2002,no tag,no tag,NA,NA,NA,NA
2624,5752,10-ha,EST,1202,591,A,4,FF-6,2003,no tag,no tag,NA,NA,NA,NA
3238,5752,10-ha,EST,1202,607,D,7,FF-6,2003,no tag,no tag,NA,NA,NA,NA
3239,5752,10-ha,EST,1202,648,D,7,FF-6,2003,no tag,no tag,NA,NA,NA,NA
3240,5752,10-ha,EST,1202,677,D,7,FF-6,2003,no tag,no tag,NA,NA,NA,NA
2584,5752,10-ha,EST,1202,605,A,1,FF-6,2004,no tag,no tag,NA,NA,NA,NA
3105,5752,10-ha,EST,1202,617,D,1,FF-6,2004,no tag,no tag,NA,NA,NA,NA
2761,5752,10-ha,EST,1202,670,B,2,FF-6,2004,no tag,no tag,NA,NA,NA,NA
2808,5752,10-ha,EST,1202,673,B,4,FF-6,2004,no tag,no tag,NA,NA,NA,NA
2964,5752,10-ha,EST,1202,675,C,4,FF-6,2004,no tag,no tag,NA,NA,NA,NA
3129,5752,10-ha,EST,1202,676,D,2,FF-6,2004,no tag,no tag,NA,NA,NA,NA
3312,5752,10-ha,EST,1202,688,E,2,FF-6,2004,no tag,no tag,NA,NA,NA,NA
3003,5752,10-ha,EST,1202,708,C,5,FF-6,2004,no tag,no tag,NA,NA,NA,NA
3004,5752,10-ha,EST,1202,709,C,5,FF-6,2004,no tag,no tag,NA,NA,NA,NA
2857,5752,10-ha,EST,1202,717,B,6,FF-6,2004,no tag,no tag,NA,NA,NA,NA
3251,5752,10-ha,EST,1202,723,D,8,FF-6,2004,no tag,no tag,NA,NA,NA,NA
3059,5752,10-ha,EST,1202,724,C,8,FF-6,2004,no tag,no tag,NA,NA,NA,NA
2892,5752,10-ha,EST,1202,726,B,9,FF-6,2004,no tag,no tag,NA,NA,NA,NA
2732,5752,10-ha,EST,1202,728,A,9,FF-6,2004,no tag,no tag,NA,NA,NA,NA
3183,5752,10-ha,EST,1202,735,D,5,FF-6,2004,no tag,no tag,NA,NA,NA,NA
3122,5752,10-ha,EST,1202,698,D,10,FF-6,2005,no tag,no tag,NA,NA,NA,NA
3179,5752,10-ha,EST,1202,712,D,5,FF-6,2005,no tag,no tag,NA,NA,NA,NA
2713,5752,10-ha,EST,1202,744,A,8,FF-6,2005,no tag,no tag,NA,NA,NA,NA
2810,5752,10-ha,EST,1202,748,B,4,FF-6,2005,no tag,no tag,NA,NA,NA,NA
2811,5752,10-ha,EST,1202,749,B,4,FF-6,2005,no tag,no tag,NA,NA,NA,NA
2812,5752,10-ha,EST,1202,750,B,4,FF-6,2005,no tag,no tag,NA,NA,NA,NA
2813,5752,10-ha,EST,1202,751,B,4,FF-6,2005,no tag,no tag,NA,NA,NA,NA
2816,5752,10-ha,EST,1202,754,B,4,FF-6,2005,no tag,no tag,NA,NA,NA,NA
2817,5752,10-ha,EST,1202,755,B,4,FF-6,2005,no tag,no tag,NA,NA,NA,NA
2604,5752,10-ha,EST,1202,794,A,2,FF-6,2005,no tag,no tag,NA,NA,NA,NA
2605,5752,10-ha,EST,1202,795,A,2,FF-6,2005,no tag,no tag,NA,NA,NA,NA
2615,5752,10-ha,EST,1202,797,A,3,FF-6,2005,no tag,no tag,NA,NA,NA,NA
3562,5753,1-ha,PAL,3114,267,C,3,FF-4,2000,no tag,no tag,NA,NA,NA,NA
3794,5753,1-ha,PAL,3114,329,E,9,FF-4,2000,no tag,no tag,NA,NA,NA,NA
3553,5753,1-ha,PAL,3114,336,C,10,FF-4,2000,no tag,no tag,NA,NA,NA,NA
3791,5753,1-ha,PAL,3114,308,E,9,FF-4,2001,no tag,no tag,NA,NA,NA,NA
3792,5753,1-ha,PAL,3114,317,E,9,FF-4,2001,no tag,no tag,NA,NA,NA,NA
3796,5753,1-ha,PAL,3114,332,E,9,FF-4,2001,no tag,no tag,NA,NA,NA,NA
3481,5753,1-ha,PAL,3114,340,B,2,FF-4,2001,no tag,no tag,NA,NA,NA,NA
3798,5753,1-ha,PAL,3114,344,E,9,FF-4,2001,no tag,no tag,NA,NA,NA,NA
3692,5753,1-ha,PAL,3114,322,E,2,FF-4,2003,no tag,no tag,NA,NA,NA,NA
3499,5753,1-ha,PAL,3114,348,B,4,FF-4,2005,no tag,no tag,NA,NA,NA,NA
4118,5754,10-ha,PortoAlegre,3209,606,B,4,FF-7,2000,no tag,no tag,NA,NA,NA,NA
4089,5754,10-ha,PortoAlegre,3209,610,B,3,FF-7,2000,no tag,no tag,NA,NA,NA,NA
4090,5754,10-ha,PortoAlegre,3209,614,B,3,FF-7,2000,no tag,no tag,NA,NA,NA,NA
4119,5754,10-ha,PortoAlegre,3209,618,B,4,FF-7,2000,no tag,no tag,NA,NA,NA,NA
4091,5754,10-ha,PortoAlegre,3209,638,B,3,FF-7,2000,no tag,no tag,NA,NA,NA,NA
4093,5754,10-ha,PortoAlegre,3209,651,B,3,FF-7,2000,no tag,no tag,NA,NA,NA,NA
4121,5754,10-ha,PortoAlegre,3209,654,B,4,FF-7,2000,no tag,no tag,NA,NA,NA,NA
4094,5754,10-ha,PortoAlegre,3209,655,B,3,FF-7,2000,no tag,no tag,NA,NA,NA,NA
4095,5754,10-ha,PortoAlegre,3209,666,B,3,FF-7,2000,no tag,no tag,NA,NA,NA,NA
4096,5754,10-ha,PortoAlegre,3209,667,B,3,FF-7,2000,no tag,no tag,NA,NA,NA,NA
4515,5754,10-ha,PortoAlegre,3209,673,D,7,FF-7,2000,no tag,no tag,NA,NA,NA,NA
4691,5754,10-ha,PortoAlegre,3209,1301,E,5,FF-7,2001,no tag,no tag,NA,NA,NA,NA
4649,5754,10-ha,PortoAlegre,3209,1310,E,4,FF-7,2001,no tag,no tag,NA,NA,NA,NA
4650,5754,10-ha,PortoAlegre,3209,1311,E,4,FF-7,2001,no tag,no tag,NA,NA,NA,NA
4651,5754,10-ha,PortoAlegre,3209,1313,E,4,FF-7,2001,no tag,no tag,NA,NA,NA,NA
4364,5754,10-ha,PortoAlegre,3209,1356,C,6,FF-7,2001,no tag,no tag,NA,NA,NA,NA
4103,5754,10-ha,PortoAlegre,3209,1365,B,3,FF-7,2001,no tag,no tag,NA,NA,NA,NA
4106,5754,10-ha,PortoAlegre,3209,1372,B,3,FF-7,2001,no tag,no tag,NA,NA,NA,NA
4138,5754,10-ha,PortoAlegre,3209,1381,B,4,FF-7,2001,no tag,no tag,NA,NA,NA,NA
4139,5754,10-ha,PortoAlegre,3209,1395,B,4,FF-7,2001,no tag,no tag,NA,NA,NA,NA
4521,5754,10-ha,PortoAlegre,3209,701,D,7,FF-7,2002,no tag,no tag,NA,NA,NA,NA
4522,5754,10-ha,PortoAlegre,3209,702,D,7,FF-7,2002,no tag,no tag,NA,NA,NA,NA
4523,5754,10-ha,PortoAlegre,3209,706,D,7,FF-7,2002,no tag,no tag,NA,NA,NA,NA
4524,5754,10-ha,PortoAlegre,3209,707,D,7,FF-7,2002,no tag,no tag,NA,NA,NA,NA
4525,5754,10-ha,PortoAlegre,3209,711,D,7,FF-7,2002,no tag,no tag,NA,NA,NA,NA
4529,5754,10-ha,PortoAlegre,3209,786,D,7,FF-7,2002,no tag,no tag,NA,NA,NA,NA
4217,5754,10-ha,PortoAlegre,3209,934,B,7,FF-7,2002,no tag,no tag,NA,NA,NA,NA
4219,5754,10-ha,PortoAlegre,3209,964,B,7,FF-7,2002,no tag,no tag,NA,NA,NA,NA
4189,5754,10-ha,PortoAlegre,3209,985,B,6,FF-7,2002,no tag,no tag,NA,NA,NA,NA
4535,5754,10-ha,PortoAlegre,3209,990,D,7,FF-7,2002,no tag,no tag,NA,NA,NA,NA
4070,5754,10-ha,PortoAlegre,3209,992,B,2,FF-7,2002,no tag,no tag,NA,NA,NA,NA
4133,5754,10-ha,PortoAlegre,3209,995,B,4,FF-7,2002,no tag,no tag,NA,NA,NA,NA
4100,5754,10-ha,PortoAlegre,3209,996,B,3,FF-7,2002,no tag,no tag,NA,NA,NA,NA
4101,5754,10-ha,PortoAlegre,3209,998,B,3,FF-7,2002,no tag,no tag,NA,NA,NA,NA
4413,5754,10-ha,PortoAlegre,3209,1329,C,8,FF-7,2002,no tag,no tag,NA,NA,NA,NA
4537,5754,10-ha,PortoAlegre,3209,1331,D,7,FF-7,2002,no tag,no tag,NA,NA,NA,NA
4191,5754,10-ha,PortoAlegre,3209,1343,B,6,FF-7,2002,no tag,no tag,NA,NA,NA,NA
4224,5754,10-ha,PortoAlegre,3209,1345,B,7,FF-7,2002,no tag,no tag,NA,NA,NA,NA
4225,5754,10-ha,PortoAlegre,3209,1346,B,7,FF-7,2002,no tag,no tag,NA,NA,NA,NA
4194,5754,10-ha,PortoAlegre,3209,1363,B,6,FF-7,2002,no tag,no tag,NA,NA,NA,NA
4467,5754,10-ha,PortoAlegre,3209,10,D,4,FF-7,2003,no tag,no tag,NA,NA,NA,NA
4140,5754,10-ha,PortoAlegre,3209,24,B,5,FF-7,2003,no tag,no tag,NA,NA,NA,NA
4541,5754,10-ha,PortoAlegre,3209,61,D,8,FF-7,2003,no tag,no tag,NA,NA,NA,NA
3889,5754,10-ha,PortoAlegre,3209,810,A,5,FF-7,2003,no tag,no tag,NA,NA,NA,duplicate tag number
3890,5754,10-ha,PortoAlegre,3209,811,A,5,FF-7,2003,no tag,no tag,NA,NA,NA,duplicate tag number
4216,5754,10-ha,PortoAlegre,3209,826,B,7,FF-7,2003,no tag,no tag,NA,NA,NA,duplicate tag number
4564,5754,10-ha,PortoAlegre,3209,831,D,9,FF-7,2003,no tag,no tag,NA,NA,NA,duplicate tag number
4547,5754,10-ha,PortoAlegre,3209,832,D,8,FF-7,2003,no tag,no tag,NA,NA,NA,duplicate tag number
4531,5754,10-ha,PortoAlegre,3209,833,D,7,FF-7,2003,no tag,no tag,NA,NA,NA,duplicate tag number
4532,5754,10-ha,PortoAlegre,3209,834,D,7,FF-7,2003,no tag,no tag,NA,NA,NA,duplicate tag number
4012,5754,10-ha,PortoAlegre,3209,893,A,9,FF-7,2003,no tag,no tag,NA,NA,NA,NA
3833,5754,10-ha,PortoAlegre,3209,897,A,2,FF-7,2003,no tag,no tag,NA,NA,NA,NA
4370,5754,10-ha,PortoAlegre,3209,715,C,7,FF-7,2004,no tag,no tag,NA,NA,NA,NA
4561,5754,10-ha,PortoAlegre,3209,720,D,9,FF-7,2004,no tag,no tag,NA,NA,NA,NA
4097,5754,10-ha,PortoAlegre,3209,721,B,3,FF-7,2004,no tag,no tag,NA,NA,NA,NA
4607,5754,10-ha,PortoAlegre,3209,722,E,2,FF-7,2004,no tag,no tag,NA,NA,NA,NA
4371,5754,10-ha,PortoAlegre,3209,726,C,7,FF-7,2004,no tag,no tag,NA,NA,NA,NA
4359,5754,10-ha,PortoAlegre,3209,728,C,6,FF-7,2004,no tag,no tag,NA,NA,NA,NA
4674,5754,10-ha,PortoAlegre,3209,731,E,5,FF-7,2004,no tag,no tag,NA,NA,NA,NA
4608,5754,10-ha,PortoAlegre,3209,732,E,2,FF-7,2004,no tag,no tag,NA,NA,NA,NA
4398,5754,10-ha,PortoAlegre,3209,735,C,8,FF-7,2004,no tag,no tag,NA,NA,NA,NA
4399,5754,10-ha,PortoAlegre,3209,739,C,8,FF-7,2004,no tag,no tag,NA,NA,NA,NA
4372,5754,10-ha,PortoAlegre,3209,741,C,7,FF-7,2004,no tag,no tag,NA,NA,NA,NA
4182,5754,10-ha,PortoAlegre,3209,742,B,6,FF-7,2004,no tag,no tag,NA,NA,NA,NA
4373,5754,10-ha,PortoAlegre,3209,744,C,7,FF-7,2004,no tag,no tag,NA,NA,NA,NA
4508,5754,10-ha,PortoAlegre,3209,745,D,6,FF-7,2004,no tag,no tag,NA,NA,NA,NA
4400,5754,10-ha,PortoAlegre,3209,747,C,8,FF-7,2004,no tag,no tag,NA,NA,NA,NA
4676,5754,10-ha,PortoAlegre,3209,749,E,5,FF-7,2004,no tag,no tag,NA,NA,NA,NA
4504,5754,10-ha,PortoAlegre,3209,836,D,5,FF-7,2004,no tag,no tag,NA,NA,NA,duplicate tag number
4128,5754,10-ha,PortoAlegre,3209,842,B,4,FF-7,2004,no tag,no tag,NA,NA,NA,NA
4131,5754,10-ha,PortoAlegre,3209,845,B,5,FF-7,2004,no tag,no tag,NA,NA,NA,NA
4188,5754,10-ha,PortoAlegre,3209,849,B,6,FF-7,2004,no tag,no tag,NA,NA,NA,NA
3965,5754,10-ha,PortoAlegre,3209,852,A,8,FF-7,2004,no tag,no tag,NA,NA,NA,NA
3907,5754,10-ha,PortoAlegre,3209,853,A,6,FF-7,2004,no tag,no tag,NA,NA,NA,NA
4648,5754,10-ha,PortoAlegre,3209,994,E,4,FF-7,2004,no tag,no tag,NA,NA,NA,NA
4642,5754,10-ha,PortoAlegre,3209,708,E,4,FF-7,2005,no tag,no tag,NA,NA,NA,NA
4545,5754,10-ha,PortoAlegre,3209,750,D,8,FF-7,2005,no tag,no tag,NA,NA,NA,NA
4730,5754,10-ha,PortoAlegre,3209,752,E,7,FF-7,2005,no tag,no tag,NA,NA,NA,NA
4183,5754,10-ha,PortoAlegre,3209,755,B,6,FF-7,2005,no tag,no tag,NA,NA,NA,NA
4208,5754,10-ha,PortoAlegre,3209,757,B,7,FF-7,2005,no tag,no tag,NA,NA,NA,NA
3928,5754,10-ha,PortoAlegre,3209,758,A,7,FF-7,2005,no tag,no tag,NA,NA,NA,NA
3929,5754,10-ha,PortoAlegre,3209,759,A,7,FF-7,2005,no tag,no tag,NA,NA,NA,NA
4184,5754,10-ha,PortoAlegre,3209,761,B,6,FF-7,2005,no tag,no tag,NA,NA,NA,NA
4155,5754,10-ha,PortoAlegre,3209,766,B,5,FF-7,2005,no tag,no tag,NA,NA,NA,NA
4156,5754,10-ha,PortoAlegre,3209,767,B,5,FF-7,2005,no tag,no tag,NA,NA,NA,NA
4157,5754,10-ha,PortoAlegre,3209,768,B,5,FF-7,2005,no tag,no tag,NA,NA,NA,NA
3887,5754,10-ha,PortoAlegre,3209,769,A,5,FF-7,2005,no tag,no tag,NA,NA,NA,NA
3969,5754,10-ha,PortoAlegre,3209,867,A,8,FF-7,2005,no tag,no tag,NA,NA,NA,NA
3970,5754,10-ha,PortoAlegre,3209,868,A,8,FF-7,2005,no tag,no tag,NA,NA,NA,NA
4407,5754,10-ha,PortoAlegre,3209,896,C,8,FF-7,2005,no tag,no tag,NA,NA,NA,NA
3810,5754,10-ha,PortoAlegre,3209,1336,A,1,FF-7,2005,no tag,no tag,NA,NA,NA,NA
6003,5756,CF,EST,1501,740,E,4,CF-3,2000,no tag,no tag,NA,NA,NA,NA
5368,5756,CF,EST,1501,817,B,7,CF-3,2000,no tag,no tag,NA,NA,NA,NA
5376,5756,CF,EST,1501,918,B,7,CF-3,2001,no tag,no tag,NA,NA,NA,NA
5882,5756,CF,EST,1501,948,D,9,CF-3,2001,no tag,no tag,NA,NA,NA,NA
5678,5756,CF,EST,1501,882,D,10,CF-3,2002,no tag,no tag,NA,NA,NA,NA
6130,5756,CF,EST,1501,942,E,9,CF-3,2002,no tag,no tag,NA,NA,NA,NA
6131,5756,CF,EST,1501,943,E,9,CF-3,2002,no tag,no tag,NA,NA,NA,NA
5484,5756,CF,EST,1501,1277,C,2,CF-3,2004,no tag,no tag,NA,NA,NA,NA
5282,5756,CF,EST,1501,1283,B,4,CF-3,2004,no tag,no tag,NA,NA,NA,NA
5192,5756,CF,EST,1501,1603,B,10,CF-3,2004,no tag,no tag,NA,NA,NA,NA
5966,5756,CF,EST,1501,1613,E,2,CF-3,2004,no tag,no tag,NA,NA,NA,NA
5143,5756,CF,EST,1501,1245,A,8,CF-3,2005,no tag,no tag,NA,NA,NA,NA
5085,5756,CF,EST,1501,1601,A,6,CF-3,2005,no tag,no tag,NA,NA,NA,NA
5051,5756,CF,EST,1501,1611,A,5,CF-3,2005,no tag,no tag,NA,NA,NA,NA
5538,5756,CF,EST,1501,1615,C,5,CF-3,2005,no tag,no tag,NA,NA,NA,NA
4954,5756,CF,EST,1501,1621,A,3,CF-3,2005,no tag,no tag,NA,NA,NA,NA
5664,5756,CF,EST,1501,1632,D,1,CF-3,2005,no tag,no tag,NA,NA,NA,NA
4955,5756,CF,EST,1501,1652,A,3,CF-3,2007,no tag,no tag,NA,NA,NA,NA
5256,5756,CF,EST,1501,1674,B,3,CF-3,2007,no tag,no tag,NA,NA,NA,NA
5716,5756,CF,EST,1501,1682,D,2,CF-3,2007,no tag,no tag,NA,NA,NA,NA
5914,5756,CF,EST,1501,1683,E,1,CF-3,2007,no tag,no tag,NA,NA,NA,NA
5916,5756,CF,EST,1501,1685,E,1,CF-3,2007,no tag,no tag,NA,NA,NA,NA
5919,5756,CF,EST,1501,1701,E,1,CF-3,2007,no tag,no tag,NA,NA,NA,NA
5668,5756,CF,EST,1501,1716,D,1,CF-3,2007,no tag,no tag,NA,NA,NA,NA
5927,5756,CF,EST,1501,1800,E,1,CF-3,2007,no tag,no tag,NA,NA,NA,NA
6318,CaboFrio-CF,CF,PAL,3402,260,B,8,CF-6,2002,no tag,no tag,NA,NA,NA,NA
6320,CaboFrio-CF,CF,PAL,3402,293,B,8,CF-6,2002,no tag,no tag,NA,NA,NA,NA
6189,CaboFrio-CF,CF,PAL,3402,371,A,3,CF-6,2004,no tag,no tag,NA,NA,NA,NA
6211,CaboFrio-CF,CF,PAL,3402,12,A,8,CF-6,2005,no tag,no tag,NA,NA,NA,NA
6558,CaboFrio-CF,CF,PAL,3402,14,E,9,CF-6,2005,no tag,no tag,NA,NA,NA,NA
6515,CaboFrio-CF,CF,PAL,3402,15,E,10,CF-6,2005,no tag,no tag,NA,NA,NA,NA
6309,CaboFrio-CF,CF,PAL,3402,28,B,8,CF-6,2005,no tag,no tag,NA,NA,NA,NA
6477,CaboFrio-CF,CF,PAL,3402,30,D,7,CF-6,2005,no tag,no tag,NA,NA,NA,NA
6389,CaboFrio-CF,CF,PAL,3402,31,C,7,CF-6,2005,no tag,no tag,NA,NA,NA,NA
6458,CaboFrio-CF,CF,PAL,3402,35,D,5,CF-6,2005,no tag,no tag,NA,NA,NA,NA
6531,CaboFrio-CF,CF,PAL,3402,38,E,3,CF-6,2005,no tag,no tag,NA,NA,NA,NA
6264,CaboFrio-CF,CF,PAL,3402,40,B,2,CF-6,2005,no tag,no tag,NA,NA,NA,NA
6137,CaboFrio-CF,CF,PAL,3402,45,A,1,CF-6,2005,no tag,no tag,NA,NA,NA,NA
6700,Dimona-CF,CF,DIM,none,120,D,6,CF-4,2003,no tag,no tag,NA,NA,NA,NA
6703,Dimona-CF,CF,DIM,none,146,D,6,CF-4,2004,no tag,no tag,NA,NA,NA,NA
6712,Dimona-CF,CF,DIM,none,160,D,7,CF-4,2004,no tag,no tag,NA,NA,NA,NA
6678,Dimona-CF,CF,DIM,none,177,C,9,CF-4,2004,no tag,no tag,NA,NA,NA,NA
6673,Dimona-CF,CF,DIM,none,178,C,8,CF-4,2004,no tag,no tag,NA,NA,NA,NA
6591,Dimona-CF,CF,DIM,none,179,A,6,CF-4,2004,no tag,no tag,NA,NA,NA,NA
6740,Dimona-CF,CF,DIM,none,184,E,10,CF-4,2004,no tag,no tag,NA,NA,NA,NA
6606,Dimona-CF,CF,DIM,none,101,B,10,CF-4,2005,no tag,no tag,NA,NA,NA,NA
6600,Dimona-CF,CF,DIM,none,105,B,1,CF-4,2005,no tag,no tag,NA,NA,NA,NA
6717,Dimona-CF,CF,DIM,none,113,D,8,CF-4,2005,no tag,no tag,NA,NA,NA,NA
6707,Dimona-CF,CF,DIM,none,116,D,7,CF-4,2005,no tag,no tag,NA,NA,NA,NA
6608,Dimona-CF,CF,DIM,none,121,B,10,CF-4,2005,no tag,no tag,NA,NA,NA,NA
6644,Dimona-CF,CF,DIM,none,132,C,5,CF-4,2005,no tag,no tag,NA,NA,NA,NA
6645,Dimona-CF,CF,DIM,none,134,C,5,CF-4,2005,no tag,no tag,NA,NA,NA,NA
6694,Dimona-CF,CF,DIM,none,140,D,5,CF-4,2005,no tag,no tag,NA,NA,NA,NA
6649,Dimona-CF,CF,DIM,none,182,C,5,CF-4,2005,no tag,no tag,NA,NA,NA,NA
6826,Florestal-CF,CF,EST,1301,940,A,1,CF-1,2001,no tag,no tag,NA,NA,NA,NA
6953,Florestal-CF,CF,EST,1301,964,A,3,CF-1,2001,no tag,no tag,NA,NA,NA,NA
6831,Florestal-CF,CF,EST,1301,993,A,1,CF-1,2001,no tag,no tag,NA,NA,NA,NA
7859,Florestal-CF,CF,EST,1301,1003,D,3,CF-1,2001,no tag,no tag,NA,NA,NA,NA
8042,Florestal-CF,CF,EST,1301,1005,E,1,CF-1,2001,no tag,no tag,NA,NA,NA,NA
7799,Florestal-CF,CF,EST,1301,1010,D,2,CF-1,2001,no tag,no tag,NA,NA,NA,NA
7805,Florestal-CF,CF,EST,1301,1034,D,2,CF-1,2001,no tag,no tag,NA,NA,NA,NA
7811,Florestal-CF,CF,EST,1301,1059,D,2,CF-1,2001,no tag,no tag,NA,NA,NA,NA
8105,Florestal-CF,CF,EST,1301,1062,E,2,CF-1,2001,no tag,no tag,NA,NA,NA,NA
8106,Florestal-CF,CF,EST,1301,1088,E,2,CF-1,2001,no tag,no tag,NA,NA,NA,NA
7766,Florestal-CF,CF,EST,1301,1257,D,1,CF-1,2001,no tag,no tag,NA,NA,NA,NA
6964,Florestal-CF,CF,EST,1301,1007,A,3,CF-1,2002,no tag,no tag,NA,NA,NA,NA
8073,Florestal-CF,CF,EST,1301,1038,E,10,CF-1,2002,no tag,no tag,NA,NA,NA,NA
6833,Florestal-CF,CF,EST,1301,1049,A,1,CF-1,2002,no tag,no tag,NA,NA,NA,NA
7206,Florestal-CF,CF,EST,1301,1106,B,1,CF-1,2002,no tag,no tag,NA,NA,NA,NA
6965,Florestal-CF,CF,EST,1301,1107,A,3,CF-1,2002,no tag,no tag,NA,NA,NA,NA
6835,Florestal-CF,CF,EST,1301,1116,A,1,CF-1,2002,no tag,no tag,NA,NA,NA,NA
7207,Florestal-CF,CF,EST,1301,1129,B,1,CF-1,2002,no tag,no tag,NA,NA,NA,NA
8047,Florestal-CF,CF,EST,1301,1140,E,1,CF-1,2002,no tag,no tag,NA,NA,NA,NA
6893,Florestal-CF,CF,EST,1301,1149,A,2,CF-1,2002,no tag,no tag,NA,NA,NA,NA
8048,Florestal-CF,CF,EST,1301,1169,E,1,CF-1,2002,no tag,no tag,NA,NA,NA,NA
6840,Florestal-CF,CF,EST,1301,1170,A,1,CF-1,2002,no tag,no tag,NA,NA,NA,NA
6896,Florestal-CF,CF,EST,1301,1173,A,2,CF-1,2002,no tag,no tag,NA,NA,NA,NA
7259,Florestal-CF,CF,EST,1301,1182,B,2,CF-1,2002,no tag,no tag,NA,NA,NA,NA
6966,Florestal-CF,CF,EST,1301,1189,A,3,CF-1,2002,no tag,no tag,NA,NA,NA,NA
6967,Florestal-CF,CF,EST,1301,1197,A,3,CF-1,2002,no tag,no tag,NA,NA,NA,NA
8316,Florestal-CF,CF,EST,1301,1413,E,7,CF-1,2002,no tag,no tag,NA,NA,NA,NA
8058,Florestal-CF,CF,EST,1301,1419,E,1,CF-1,2002,no tag,no tag,NA,NA,NA,NA
8059,Florestal-CF,CF,EST,1301,1420,E,1,CF-1,2002,no tag,no tag,NA,NA,NA,NA
8061,Florestal-CF,CF,EST,1301,1423,E,1,CF-1,2002,no tag,no tag,NA,NA,NA,NA
8062,Florestal-CF,CF,EST,1301,1424,E,1,CF-1,2002,no tag,no tag,NA,NA,NA,NA
8063,Florestal-CF,CF,EST,1301,1429,E,1,CF-1,2002,no tag,no tag,NA,NA,NA,NA
8064,Florestal-CF,CF,EST,1301,1436,E,1,CF-1,2002,no tag,no tag,NA,NA,NA,NA
8274,Florestal-CF,CF,EST,1301,1440,E,6,CF-1,2002,no tag,no tag,NA,NA,NA,NA
8275,Florestal-CF,CF,EST,1301,1443,E,6,CF-1,2002,no tag,no tag,NA,NA,NA,NA
7583,Florestal-CF,CF,EST,1301,67,C,4,CF-1,2003,no tag,no tag,NA,NA,NA,NA
8196,Florestal-CF,CF,EST,1301,325,E,4,CF-1,2003,no tag,no tag,NA,NA,NA,NA
7868,Florestal-CF,CF,EST,1301,1144,D,3,CF-1,2003,no tag,no tag,NA,NA,NA,NA
8125,Florestal-CF,CF,EST,1301,1503,E,2,CF-1,2003,no tag,no tag,NA,NA,NA,NA
7186,Florestal-CF,CF,EST,1301,1511,B,1,CF-1,2003,no tag,no tag,NA,NA,NA,NA
7874,Florestal-CF,CF,EST,1301,1518,D,3,CF-1,2003,no tag,no tag,NA,NA,NA,NA
7914,Florestal-CF,CF,EST,1301,1519,D,4,CF-1,2003,no tag,no tag,NA,NA,NA,NA
7303,Florestal-CF,CF,EST,1301,1530,B,3,CF-1,2003,no tag,no tag,NA,NA,NA,NA
8227,Florestal-CF,CF,EST,1301,1535,E,4,CF-1,2003,no tag,no tag,NA,NA,NA,NA
8318,Florestal-CF,CF,EST,1301,1543,E,7,CF-1,2003,no tag,no tag,NA,NA,NA,NA
8319,Florestal-CF,CF,EST,1301,1544,E,7,CF-1,2003,no tag,no tag,NA,NA,NA,NA
8320,Florestal-CF,CF,EST,1301,1545,E,7,CF-1,2003,no tag,no tag,NA,NA,NA,NA
8321,Florestal-CF,CF,EST,1301,1546,E,7,CF-1,2003,no tag,no tag,NA,NA,NA,NA
8343,Florestal-CF,CF,EST,1301,1550,E,8,CF-1,2003,no tag,no tag,NA,NA,NA,NA
7498,Florestal-CF,CF,EST,1301,1562,B,8,CF-1,2003,no tag,no tag,NA,NA,NA,NA
8344,Florestal-CF,CF,EST,1301,1564,E,8,CF-1,2003,no tag,no tag,NA,NA,NA,NA
8345,Florestal-CF,CF,EST,1301,1565,E,8,CF-1,2003,no tag,no tag,NA,NA,NA,NA
8050,Florestal-CF,CF,EST,1301,1201,E,1,CF-1,2004,no tag,no tag,NA,NA,NA,NA
8051,Florestal-CF,CF,EST,1301,1202,E,1,CF-1,2004,no tag,no tag,NA,NA,NA,NA
8011,Florestal-CF,CF,EST,1301,1203,E,1,CF-1,2004,no tag,no tag,NA,NA,NA,NA
7820,Florestal-CF,CF,EST,1301,1204,D,2,CF-1,2004,no tag,no tag,NA,NA,NA,NA
8110,Florestal-CF,CF,EST,1301,1205,E,2,CF-1,2004,no tag,no tag,NA,NA,NA,NA
8111,Florestal-CF,CF,EST,1301,1206,E,2,CF-1,2004,no tag,no tag,NA,NA,NA,NA
7821,Florestal-CF,CF,EST,1301,1207,D,2,CF-1,2004,no tag,no tag,NA,NA,NA,NA
6897,Florestal-CF,CF,EST,1301,1209,A,2,CF-1,2004,no tag,no tag,NA,NA,NA,NA
7295,Florestal-CF,CF,EST,1301,1212,B,3,CF-1,2004,no tag,no tag,NA,NA,NA,NA
7296,Florestal-CF,CF,EST,1301,1213,B,3,CF-1,2004,no tag,no tag,NA,NA,NA,NA
7297,Florestal-CF,CF,EST,1301,1214,B,3,CF-1,2004,no tag,no tag,NA,NA,NA,NA
7298,Florestal-CF,CF,EST,1301,1215,B,3,CF-1,2004,no tag,no tag,NA,NA,NA,NA
8221,Florestal-CF,CF,EST,1301,1217,E,4,CF-1,2004,no tag,no tag,NA,NA,NA,NA
7910,Florestal-CF,CF,EST,1301,1219,D,4,CF-1,2004,no tag,no tag,NA,NA,NA,NA
7871,Florestal-CF,CF,EST,1301,1220,D,3,CF-1,2004,no tag,no tag,NA,NA,NA,NA
8112,Florestal-CF,CF,EST,1301,1227,E,2,CF-1,2004,no tag,no tag,NA,NA,NA,NA
8113,Florestal-CF,CF,EST,1301,1229,E,2,CF-1,2004,no tag,no tag,NA,NA,NA,NA
8052,Florestal-CF,CF,EST,1301,1230,E,1,CF-1,2004,no tag,no tag,NA,NA,NA,NA
7387,Florestal-CF,CF,EST,1301,1231,B,5,CF-1,2004,no tag,no tag,NA,NA,NA,NA
8053,Florestal-CF,CF,EST,1301,1233,E,1,CF-1,2004,no tag,no tag,NA,NA,NA,NA
7729,Florestal-CF,CF,EST,1301,1234,D,1,CF-1,2004,no tag,no tag,NA,NA,NA,NA
7763,Florestal-CF,CF,EST,1301,1235,D,1,CF-1,2004,no tag,no tag,NA,NA,NA,NA
7183,Florestal-CF,CF,EST,1301,1239,A,9,CF-1,2004,no tag,no tag,NA,NA,NA,NA
7714,Florestal-CF,CF,EST,1301,1252,C,7,CF-1,2004,no tag,no tag,NA,NA,NA,NA
7953,Florestal-CF,CF,EST,1301,1297,D,5,CF-1,2004,no tag,no tag,NA,NA,NA,NA
7876,Florestal-CF,CF,EST,1301,1533,D,3,CF-1,2004,no tag,no tag,NA,NA,NA,NA
7210,Florestal-CF,CF,EST,1301,1405,B,1,CF-1,2005,no tag,no tag,NA,NA,NA,NA
7822,Florestal-CF,CF,EST,1301,1406,D,2,CF-1,2005,no tag,no tag,NA,NA,NA,NA
6972,Florestal-CF,CF,EST,1301,1449,A,3,CF-1,2005,no tag,no tag,NA,NA,NA,NA
7873,Florestal-CF,CF,EST,1301,1451,D,3,CF-1,2005,no tag,no tag,NA,NA,NA,NA
8226,Florestal-CF,CF,EST,1301,1455,E,4,CF-1,2005,no tag,no tag,NA,NA,NA,NA
7060,Florestal-CF,CF,EST,1301,1465,A,5,CF-1,2005,no tag,no tag,NA,NA,NA,NA
8276,Florestal-CF,CF,EST,1301,1479,E,6,CF-1,2005,no tag,no tag,NA,NA,NA,NA
7683,Florestal-CF,CF,EST,1301,1482,C,6,CF-1,2005,no tag,no tag,NA,NA,NA,NA
7262,Florestal-CF,CF,EST,1301,1240,B,2,CF-1,2007,no tag,no tag,NA,NA,NA,NA
8178,Florestal-CF,CF,EST,1301,1279,E,3,CF-1,2007,no tag,no tag,NA,NA,NA,NA
7156,Florestal-CF,CF,EST,1301,1293,A,8,CF-1,2007,no tag,no tag,NA,NA,NA,NA
7877,Florestal-CF,CF,EST,1301,1554,D,3,CF-1,2007,no tag,no tag,NA,NA,NA,NA
7542,Florestal-CF,CF,EST,1301,1560,C,1,CF-1,2007,no tag,no tag,NA,NA,NA,NA
7346,Florestal-CF,CF,EST,1301,1571,B,4,CF-1,2007,no tag,no tag,NA,NA,NA,NA
8229,Florestal-CF,CF,EST,1301,1577,E,4,CF-1,2007,no tag,no tag,NA,NA,NA,NA
8322,Florestal-CF,CF,EST,1301,1915,E,7,CF-1,2007,no tag,no tag,NA,NA,NA,NA
7267,Florestal-CF,CF,EST,1301,1903,B,2,CF-1,2008,no tag,no tag,NA,NA,NA,NA
8602,PortoAlegre-CF,CF,PAL,none,212,E,10,CF-5,2004,no tag,no tag,NA,NA,NA,NA
8369,PortoAlegre-CF,CF,PAL,none,217,A,5,CF-5,2004,no tag,no tag,NA,NA,NA,NA
8440,PortoAlegre-CF,CF,PAL,none,225,B,5,CF-5,2004,no tag,no tag,NA,NA,NA,NA
8514,PortoAlegre-CF,CF,PAL,none,229,C,8,CF-5,2004,no tag,no tag,NA,NA,NA,NA
8585,PortoAlegre-CF,CF,PAL,none,240,D,8,CF-5,2004,no tag,no tag,NA,NA,NA,NA
8608,PortoAlegre-CF,CF,PAL,none,363,E,10,CF-5,2004,no tag,no tag,NA,NA,NA,NA
8505,PortoAlegre-CF,CF,PAL,none,234,C,7,CF-5,2006,no tag,no tag,NA,NA,NA,NA
7455,Florestal-CF,CF,EST,1301,1578,B,6,CF-1,2007,ULY,sdlg,NA,NA,NA,NA
6845,Florestal-CF,CF,EST,1301,1916,A,1,CF-1,2008,ULY,sdlg,NA,NA,NA,NA
221,2107,1-ha,DIM,2107,228,C,7,FF-1,2000,ULY,ULY,NA,NA,NA,NA
146,2107,1-ha,DIM,2107,240,B,7,FF-1,2000,ULY,ULY,NA,NA,NA,NA
58,2107,1-ha,DIM,2107,244,A,7,FF-1,2000,ULY,ULY,NA,NA,NA,NA
174,2107,1-ha,DIM,2107,246,C,10,FF-1,2000,ULY,ULY,NA,NA,NA,NA
59,2107,1-ha,DIM,2107,255,A,7,FF-1,2001,ULY,ULY,NA,NA,NA,NA
28,2107,1-ha,DIM,2107,262,A,3,FF-1,2002,ULY,ULY,NA,NA,NA,NA
247,2107,1-ha,DIM,2107,275,C,9,FF-1,2002,ULY,ULY,NA,NA,NA,NA
324,2107,1-ha,DIM,2107,304,E,5,FF-1,2004,ULY,ULY,NA,NA,NA,NA
257,2107,1-ha,DIM,2107,306,D,10,FF-1,2004,ULY,ULY,NA,NA,NA,NA
294,2107,1-ha,DIM,2107,310,D,8,FF-1,2004,ULY,ULY,NA,NA,NA,NA
304,2107,1-ha,DIM,2107,30,E,1,FF-1,2008,ULY,ULY,NA,NA,NA,NA
226,2107,1-ha,DIM,2107,35,C,8,FF-1,2008,ULY,ULY,NA,NA,NA,NA
277,2107,1-ha,DIM,2107,42,D,5,FF-1,2008,ULY,ULY,NA,NA,NA,NA
101,2107,1-ha,DIM,2107,74,B,3,FF-1,2008,ULY,ULY,NA,NA,NA,NA
102,2107,1-ha,DIM,2107,77,B,3,FF-1,2008,ULY,ULY,NA,NA,NA,NA
69,2107,1-ha,DIM,2107,111,A,9,FF-1,2008,ULY,ULY,NA,NA,NA,NA
323,2107,1-ha,DIM,2107,123,E,5,FF-1,2008,ULY,ULY,NA,NA,NA,NA
141,2107,1-ha,DIM,2107,165,B,6,FF-1,2008,ULY,ULY,NA,NA,NA,NA
71,2107,1-ha,DIM,2107,215,A,9,FF-1,2008,ULY,ULY,NA,NA,NA,NA
21,2107,1-ha,DIM,2107,218,A,10,FF-1,2008,ULY,ULY,NA,NA,NA,NA
190,2107,1-ha,DIM,2107,220,C,2,FF-1,2008,ULY,ULY,NA,NA,NA,NA
174,2107,1-ha,DIM,2107,246,C,10,FF-1,2008,ULY,ULY,NA,NA,NA,NA
126,2107,1-ha,DIM,2107,280,B,4,FF-1,2008,ULY,ULY,NA,NA,NA,NA
321,2107,1-ha,DIM,2107,303,E,4,FF-1,2008,ULY,ULY,NA,NA,NA,NA
325,2107,1-ha,DIM,2107,375,E,5,FF-1,2008,ULY,ULY,NA,NA,NA,NA
302,2107,1-ha,DIM,2107,387,D,9,FF-1,2008,ULY,ULY,NA,NA,NA,NA
303,2107,1-ha,DIM,2107,391,D,9,FF-1,2008,ULY,ULY,NA,NA,NA,NA
421,2108,1-ha,DIM,2108,209,B,2,FF-2,2000,ULY,ULY,NA,NA,NA,NA
626,2108,1-ha,DIM,2108,215,E,7,FF-2,2000,ULY,ULY,NA,NA,NA,NA
527,2108,1-ha,DIM,2108,231,D,1,FF-2,2000,ULY,ULY,NA,NA,NA,NA
543,2108,1-ha,DIM,2108,299,D,2,FF-2,2000,ULY,ULY,NA,NA,NA,NA
520,2108,1-ha,DIM,2108,64,D,1,FF-2,2001,ULY,ULY,NA,NA,NA,NA
500,2108,1-ha,DIM,2108,241,C,8,FF-2,2001,ULY,ULY,NA,NA,NA,NA
398,2108,1-ha,DIM,2108,235,A,9,FF-2,2002,ULY,ULY,NA,NA,NA,NA
381,2108,1-ha,DIM,2108,400,A,6,FF-2,2006,ULY,ULY,NA,NA,NA,NA
601,2108,1-ha,DIM,2108,294,D,9,FF-2,2007,ULY,ULY,NA,NA,NA,NA
603,2108,1-ha,DIM,2108,301,D,9,FF-2,2007,ULY,ULY,NA,NA,NA,NA
595,2108,1-ha,DIM,2108,392,D,8,FF-2,2007,ULY,ULY,NA,NA,NA,NA
518,2108,1-ha,DIM,2108,393,C,9,FF-2,2007,ULY,ULY,NA,NA,NA,NA
478,2108,1-ha,DIM,2108,4,C,4,FF-2,2008,ULY,ULY,NA,NA,NA,NA
444,2108,1-ha,DIM,2108,16,B,7,FF-2,2008,ULY,ULY,NA,NA,NA,NA
490,2108,1-ha,DIM,2108,57,C,7,FF-2,2008,ULY,ULY,NA,NA,NA,NA
393,2108,1-ha,DIM,2108,59,A,9,FF-2,2008,ULY,ULY,NA,NA,NA,NA
451,2108,1-ha,DIM,2108,70,B,8,FF-2,2008,ULY,ULY,NA,NA,NA,NA
637,2108,1-ha,DIM,2108,86,E,8,FF-2,2008,ULY,ULY,NA,NA,NA,NA
394,2108,1-ha,DIM,2108,91,A,9,FF-2,2008,ULY,ULY,NA,NA,NA,NA
605,2108,1-ha,DIM,2108,139,E,1,FF-2,2008,ULY,ULY,NA,NA,NA,NA
366,2108,1-ha,DIM,2108,141,A,4,FF-2,2008,ULY,ULY,NA,NA,NA,NA
399,2108,1-ha,DIM,2108,246,A,9,FF-2,2008,ULY,ULY,NA,NA,NA,NA
613,2108,1-ha,DIM,2108,256,E,10,FF-2,2008,ULY,ULY,NA,NA,NA,NA
445,2108,1-ha,DIM,2108,276,B,7,FF-2,2008,ULY,ULY,NA,NA,NA,NA
505,2108,1-ha,DIM,2108,309,C,8,FF-2,2008,ULY,ULY,NA,NA,NA,NA
622,2108,1-ha,DIM,2108,323,E,3,FF-2,2008,ULY,ULY,NA,NA,NA,NA
350,2108,1-ha,DIM,2108,350,A,10,FF-2,2008,ULY,ULY,NA,NA,NA,NA
593,2108,1-ha,DIM,2108,359,D,8,FF-2,2008,ULY,ULY,NA,NA,NA,NA
462,2108,1-ha,DIM,2108,396,B,8,FF-2,2008,ULY,ULY,NA,NA,NA,NA
915,2206,10-ha,DIM,2206,124,E,3,FF-5,2000,ULY,ULY,NA,NA,NA,NA
659,2206,10-ha,DIM,2206,143,A,3,FF-5,2000,ULY,ULY,NA,NA,NA,NA
755,2206,10-ha,DIM,2206,168,B,5,FF-5,2000,ULY,ULY,NA,NA,NA,NA
878,2206,10-ha,DIM,2206,192,D,3,FF-5,2000,ULY,ULY,NA,NA,NA,NA
881,2206,10-ha,DIM,2206,204,D,3,FF-5,2000,ULY,ULY,NA,NA,NA,NA
887,2206,10-ha,DIM,2206,207,D,6,FF-5,2000,ULY,ULY,NA,NA,NA,NA
935,2206,10-ha,DIM,2206,211,E,8,FF-5,2000,ULY,ULY,NA,NA,NA,NA
901,2206,10-ha,DIM,2206,213,E,10,FF-5,2000,ULY,ULY,NA,NA,NA,NA
900,2206,10-ha,DIM,2206,210,E,10,FF-5,2001,ULY,ULY,NA,NA,NA,NA
936,2206,10-ha,DIM,2206,22,E,9,FF-5,2002,ULY,ULY,NA,NA,NA,NA
676,2206,10-ha,DIM,2206,253,A,4,FF-5,2004,ULY,ULY,NA,NA,NA,NA
725,2206,10-ha,DIM,2206,270,B,10,FF-5,2004,ULY,ULY,NA,NA,NA,NA
893,2206,10-ha,DIM,2206,149,D,9,FF-5,2006,ULY,ULY,NA,NA,NA,NA
802,2206,10-ha,DIM,2206,323,B,9,FF-5,2006,ULY,ULY,NA,NA,NA,NA
803,2206,10-ha,DIM,2206,333,B,9,FF-5,2006,ULY,ULY,NA,NA,NA,NA
804,2206,10-ha,DIM,2206,335,B,9,FF-5,2006,ULY,ULY,NA,NA,NA,NA
2135,5750,CF,EST,1501,558,J,9,CF-2,2000,ULY,ULY,NA,NA,NA,NA
2137,5750,CF,EST,1501,562,J,9,CF-2,2000,ULY,ULY,NA,NA,NA,NA
1789,5750,CF,EST,1501,570,H,7,CF-2,2000,ULY,ULY,NA,NA,NA,NA
2083,5750,CF,EST,1501,578,J,8,CF-2,2000,ULY,ULY,NA,NA,NA,NA
1419,5750,CF,EST,1501,587,D,8,CF-2,2000,ULY,ULY,NA,NA,NA,NA
2058,5750,CF,EST,1501,598,J,7,CF-2,2000,ULY,ULY,NA,NA,NA,NA
1511,5750,CF,EST,1501,600,F,10,CF-2,2000,ULY,ULY,NA,NA,NA,NA
1512,5750,CF,EST,1501,601,F,10,CF-2,2000,ULY,ULY,NA,NA,NA,NA
1288,5750,CF,EST,1501,615,C,9,CF-2,2000,ULY,ULY,NA,NA,NA,NA
1572,5750,CF,EST,1501,633,F,8,CF-2,2000,ULY,ULY,NA,NA,NA,NA
2086,5750,CF,EST,1501,652,J,8,CF-2,2000,ULY,ULY,NA,NA,NA,NA
2087,5750,CF,EST,1501,654,J,8,CF-2,2000,ULY,ULY,NA,NA,NA,NA
1819,5750,CF,EST,1501,657,H,8,CF-2,2000,ULY,ULY,NA,NA,NA,NA
1125,5750,CF,EST,1501,701,B,7,CF-2,2002,ULY,ULY,NA,NA,NA,NA
1376,5750,CF,EST,1501,743,D,6,CF-2,2002,ULY,ULY,NA,NA,NA,NA
1377,5750,CF,EST,1501,759,D,6,CF-2,2002,ULY,ULY,NA,NA,NA,NA
1038,5750,CF,EST,1501,767,A,8,CF-2,2002,ULY,ULY,NA,NA,NA,NA
1998,5750,CF,EST,1501,810,J,10,CF-2,2002,ULY,ULY,NA,NA,NA,NA
2000,5750,CF,EST,1501,827,J,10,CF-2,2002,ULY,ULY,NA,NA,NA,NA
1064,5750,CF,EST,1501,828,A,9,CF-2,2002,ULY,ULY,NA,NA,NA,NA
1324,5750,CF,EST,1501,869,C,9,CF-2,2004,ULY,ULY,NA,NA,NA,NA
1689,5750,CF,EST,1501,882,G,9,CF-2,2004,ULY,ULY,NA,NA,NA,NA
1593,5750,CF,EST,1501,887,F,9,CF-2,2004,ULY,ULY,NA,NA,NA,NA
1851,5750,CF,EST,1501,901,I,10,CF-2,2004,ULY,ULY,NA,NA,NA,NA
1722,5750,CF,EST,1501,905,H,10,CF-2,2004,ULY,ULY,NA,NA,NA,NA
1326,5750,CF,EST,1501,909,C,9,CF-2,2004,ULY,ULY,NA,NA,NA,NA
2157,5750,CF,EST,1501,916,J,9,CF-2,2004,ULY,ULY,NA,NA,NA,NA
2003,5750,CF,EST,1501,918,J,10,CF-2,2004,ULY,ULY,NA,NA,NA,NA
1961,5750,CF,EST,1501,922,I,9,CF-2,2004,ULY,ULY,NA,NA,NA,NA
2004,5750,CF,EST,1501,932,J,10,CF-2,2004,ULY,ULY,NA,NA,NA,NA
2159,5750,CF,EST,1501,940,J,9,CF-2,2004,ULY,ULY,NA,NA,NA,NA
2060,5750,CF,EST,1501,997,J,7,CF-2,2004,ULY,ULY,NA,NA,NA,NA
1796,5750,CF,EST,1501,1327,H,7,CF-2,2004,ULY,ULY,NA,NA,NA,NA
1006,5750,CF,EST,1501,1336,A,7,CF-2,2004,ULY,ULY,NA,NA,NA,NA
1040,5750,CF,EST,1501,1404,A,8,CF-2,2004,ULY,ULY,NA,NA,NA,NA
1560,5750,CF,EST,1501,1416,F,7,CF-2,2004,ULY,ULY,NA,NA,NA,NA
2163,5750,CF,EST,1501,1417,J,9,CF-2,2006,ULY,ULY,NA,NA,NA,NA
1585,5750,CF,EST,1501,2061,F,8,CF-2,2007,ULY,ULY,NA,NA,NA,NA
1072,5750,CF,EST,1501,29,B,10,CF-2,2008,ULY,ULY,NA,NA,NA,NA
1670,5750,CF,EST,1501,233,G,9,CF-2,2008,ULY,ULY,NA,NA,NA,NA
1737,5750,CF,EST,1501,369,H,6,CF-2,2008,ULY,ULY,NA,NA,NA,NA
1921,5750,CF,EST,1501,424,I,8,CF-2,2008,ULY,ULY,NA,NA,NA,NA
1589,5750,CF,EST,1501,542,F,9,CF-2,2008,ULY,ULY,NA,NA,NA,NA
1820,5750,CF,EST,1501,965,H,8,CF-2,2008,ULY,ULY,NA,NA,NA,NA
1795,5750,CF,EST,1501,996,H,7,CF-2,2008,ULY,ULY,NA,NA,NA,NA
1381,5750,CF,EST,1501,1359,D,6,CF-2,2008,ULY,ULY,NA,NA,NA,NA
1801,5750,CF,EST,1501,2043,H,7,CF-2,2008,ULY,ULY,NA,NA,NA,NA
1892,5750,CF,EST,1501,2070,I,6,CF-2,2008,ULY,ULY,NA,NA,NA,NA
2164,5750,CF,EST,1501,2306,J,9,CF-2,2008,ULY,ULY,NA,NA,NA,NA
2030,5750,CF,EST,1501,2313,J,6,CF-2,2008,ULY,ULY,NA,NA,NA,NA
2034,5750,CF,EST,1501,2317,J,6,CF-2,2008,ULY,ULY,NA,NA,NA,NA
2119,5750,CF,EST,1501,2341,J,8,CF-2,2009,ULY,ULY,NA,NA,NA,NA
2521,5751,1-ha,EST,1104,216,E,5,FF-3,2000,ULY,ULY,NA,NA,NA,NA
2469,5751,1-ha,EST,1104,237,D,9,FF-3,2000,ULY,ULY,NA,NA,NA,NA
2433,5751,1-ha,EST,1104,261,D,6,FF-3,2000,ULY,ULY,NA,NA,NA,NA
2536,5751,1-ha,EST,1104,267,E,6,FF-3,2000,ULY,ULY,NA,NA,NA,NA
2498,5751,1-ha,EST,1104,241,E,10,FF-3,2002,ULY,ULY,NA,NA,NA,NA
2534,5751,1-ha,EST,1104,254,E,6,FF-3,2002,ULY,ULY,NA,NA,NA,NA
2452,5751,1-ha,EST,1104,289,D,7,FF-3,2002,ULY,ULY,NA,NA,NA,NA
2381,5751,1-ha,EST,1104,338,D,1,FF-3,2002,ULY,ULY,NA,NA,NA,NA
2399,5751,1-ha,EST,1104,247,D,3,FF-3,2004,ULY,ULY,NA,NA,NA,NA
2257,5751,1-ha,EST,1104,282,B,7,FF-3,2004,ULY,ULY,NA,NA,NA,NA
2194,5751,1-ha,EST,1104,286,A,7,FF-3,2004,ULY,ULY,NA,NA,NA,NA
2277,5751,1-ha,EST,1104,428,C,1,FF-3,2006,ULY,ULY,NA,NA,NA,NA
2383,5751,1-ha,EST,1104,429,D,1,FF-3,2006,ULY,ULY,NA,NA,NA,NA
2546,5751,1-ha,EST,1104,93,E,7,FF-3,2008,ULY,ULY,NA,NA,NA,NA
2480,5751,1-ha,EST,1104,137,E,1,FF-3,2008,ULY,ULY,NA,NA,NA,NA
2369,5751,1-ha,EST,1104,191,C,9,FF-3,2008,ULY,ULY,NA,NA,NA,NA
2433,5751,1-ha,EST,1104,261,D,6,FF-3,2008,ULY,ULY,NA,NA,NA,NA
2503,5751,1-ha,EST,1104,331,E,2,FF-3,2008,ULY,ULY,NA,NA,NA,NA
2555,5751,1-ha,EST,1104,340,E,7,FF-3,2008,ULY,ULY,NA,NA,NA,NA
2286,5751,1-ha,EST,1104,396,C,2,FF-3,2008,ULY,ULY,NA,NA,NA,NA
2988,5752,10-ha,EST,1202,411,C,5,FF-6,2000,ULY,ULY,NA,NA,NA,NA
2794,5752,10-ha,EST,1202,431,B,4,FF-6,2000,ULY,ULY,NA,NA,NA,NA
3171,5752,10-ha,EST,1202,432,D,5,FF-6,2000,ULY,ULY,NA,NA,NA,NA
3149,5752,10-ha,EST,1202,441,D,4,FF-6,2000,ULY,ULY,NA,NA,NA,NA
3102,5752,10-ha,EST,1202,445,D,1,FF-6,2000,ULY,ULY,NA,NA,NA,NA
3117,5752,10-ha,EST,1202,457,D,10,FF-6,2000,ULY,ULY,NA,NA,NA,NA
3118,5752,10-ha,EST,1202,462,D,10,FF-6,2000,ULY,ULY,NA,NA,NA,NA
2726,5752,10-ha,EST,1202,466,A,9,FF-6,2000,ULY,ULY,NA,NA,NA,NA
3085,5752,10-ha,EST,1202,468,C,9,FF-6,2000,ULY,ULY,NA,NA,NA,NA
2727,5752,10-ha,EST,1202,470,A,9,FF-6,2000,ULY,ULY,NA,NA,NA,NA
3398,5752,10-ha,EST,1202,475,E,9,FF-6,2000,ULY,ULY,NA,NA,NA,NA
2728,5752,10-ha,EST,1202,476,A,9,FF-6,2000,ULY,ULY,NA,NA,NA,NA
3346,5752,10-ha,EST,1202,477,E,5,FF-6,2000,ULY,ULY,NA,NA,NA,NA
2923,5752,10-ha,EST,1202,486,C,10,FF-6,2000,ULY,ULY,NA,NA,NA,NA
2888,5752,10-ha,EST,1202,494,B,9,FF-6,2000,ULY,ULY,NA,NA,NA,NA
3087,5752,10-ha,EST,1202,497,C,9,FF-6,2000,ULY,ULY,NA,NA,NA,NA
3120,5752,10-ha,EST,1202,498,D,10,FF-6,2000,ULY,ULY,NA,NA,NA,NA
2866,5752,10-ha,EST,1202,501,B,8,FF-6,2000,ULY,ULY,NA,NA,NA,NA
2867,5752,10-ha,EST,1202,502,B,8,FF-6,2000,ULY,ULY,NA,NA,NA,NA
2869,5752,10-ha,EST,1202,509,B,8,FF-6,2000,ULY,ULY,NA,NA,NA,NA
2870,5752,10-ha,EST,1202,510,B,8,FF-6,2000,ULY,ULY,NA,NA,NA,NA
3121,5752,10-ha,EST,1202,542,D,10,FF-6,2001,ULY,ULY,NA,NA,NA,NA
2708,5752,10-ha,EST,1202,558,A,8,FF-6,2002,ULY,ULY,NA,NA,NA,NA
3089,5752,10-ha,EST,1202,575,C,9,FF-6,2002,ULY,ULY,NA,NA,NA,NA
2583,5752,10-ha,EST,1202,577,A,1,FF-6,2002,ULY,ULY,NA,NA,NA,NA
2852,5752,10-ha,EST,1202,582,B,6,FF-6,2002,ULY,ULY,NA,NA,NA,NA
3030,5752,10-ha,EST,1202,587,C,7,FF-6,2002,ULY,ULY,NA,NA,NA,NA
2625,5752,10-ha,EST,1202,601,A,4,FF-6,2002,ULY,ULY,NA,NA,NA,NA
2626,5752,10-ha,EST,1202,603,A,4,FF-6,2002,ULY,ULY,NA,NA,NA,NA
2776,5752,10-ha,EST,1202,604,B,3,FF-6,2002,ULY,ULY,NA,NA,NA,NA
2801,5752,10-ha,EST,1202,606,B,4,FF-6,2002,ULY,ULY,NA,NA,NA,NA
2692,5752,10-ha,EST,1202,609,A,7,FF-6,2002,ULY,ULY,NA,NA,NA,NA
2629,5752,10-ha,EST,1202,615,A,4,FF-6,2002,ULY,ULY,NA,NA,NA,NA
2711,5752,10-ha,EST,1202,616,A,8,FF-6,2002,ULY,ULY,NA,NA,NA,NA
3351,5752,10-ha,EST,1202,625,E,5,FF-6,2002,ULY,ULY,NA,NA,NA,NA
2777,5752,10-ha,EST,1202,628,B,3,FF-6,2002,ULY,ULY,NA,NA,NA,NA
3032,5752,10-ha,EST,1202,638,C,7,FF-6,2002,ULY,ULY,NA,NA,NA,NA
2779,5752,10-ha,EST,1202,641,B,3,FF-6,2002,ULY,ULY,NA,NA,NA,NA
3091,5752,10-ha,EST,1202,647,C,9,FF-6,2002,ULY,ULY,NA,NA,NA,NA
2758,5752,10-ha,EST,1202,650,B,2,FF-6,2002,ULY,ULY,NA,NA,NA,NA
2902,5752,10-ha,EST,1202,579,C,1,FF-6,2004,ULY,ULY,NA,NA,NA,NA
2963,5752,10-ha,EST,1202,674,C,4,FF-6,2004,ULY,ULY,NA,NA,NA,NA
2837,5752,10-ha,EST,1202,706,B,5,FF-6,2004,ULY,ULY,NA,NA,NA,NA
2894,5752,10-ha,EST,1202,771,B,9,FF-6,2006,ULY,ULY,NA,NA,NA,NA
2675,5752,10-ha,EST,1202,777,A,6,FF-6,2006,ULY,ULY,NA,NA,NA,NA
3007,5752,10-ha,EST,1202,801,C,5,FF-6,2006,ULY,ULY,NA,NA,NA,NA
3321,5752,10-ha,EST,1202,805,E,2,FF-6,2006,ULY,ULY,NA,NA,NA,NA
3109,5752,10-ha,EST,1202,807,D,1,FF-6,2006,ULY,ULY,NA,NA,NA,NA
3110,5752,10-ha,EST,1202,808,D,1,FF-6,2006,ULY,ULY,NA,NA,NA,NA
2840,5752,10-ha,EST,1202,816,B,5,FF-6,2006,ULY,ULY,NA,NA,NA,NA
2841,5752,10-ha,EST,1202,818,B,5,FF-6,2006,ULY,ULY,NA,NA,NA,NA
2682,5752,10-ha,EST,1202,830,A,6,FF-6,2006,ULY,ULY,NA,NA,NA,NA
2967,5752,10-ha,EST,1202,846,C,4,FF-6,2006,ULY,ULY,NA,NA,NA,NA
3322,5752,10-ha,EST,1202,847,E,2,FF-6,2006,ULY,ULY,NA,NA,NA,NA
3284,5752,10-ha,EST,1202,848,E,1,FF-6,2006,ULY,ULY,NA,NA,NA,NA
3706,5753,1-ha,PAL,3114,253,E,3,FF-4,2000,ULY,ULY,NA,NA,NA,NA
3557,5753,1-ha,PAL,3114,265,C,2,FF-4,2000,ULY,ULY,NA,NA,NA,NA
3448,5753,1-ha,PAL,3114,268,A,8,FF-4,2000,ULY,ULY,NA,NA,NA,NA
3563,5753,1-ha,PAL,3114,272,C,3,FF-4,2000,ULY,ULY,NA,NA,NA,NA
3544,5753,1-ha,PAL,3114,295,C,1,FF-4,2000,ULY,ULY,NA,NA,NA,NA
3449,5753,1-ha,PAL,3114,304,A,8,FF-4,2000,ULY,ULY,NA,NA,NA,NA
3558,5753,1-ha,PAL,3114,305,C,2,FF-4,2000,ULY,ULY,NA,NA,NA,NA
3569,5753,1-ha,PAL,3114,306,C,4,FF-4,2000,ULY,ULY,NA,NA,NA,NA
3595,5753,1-ha,PAL,3114,324,C,7,FF-4,2001,ULY,ULY,NA,NA,NA,NA
3529,5753,1-ha,PAL,3114,313,B,8,FF-4,2002,ULY,ULY,NA,NA,NA,NA
3559,5753,1-ha,PAL,3114,318,C,2,FF-4,2002,ULY,ULY,NA,NA,NA,NA
3565,5753,1-ha,PAL,3114,321,C,3,FF-4,2002,ULY,ULY,NA,NA,NA,NA
3560,5753,1-ha,PAL,3114,337,C,2,FF-4,2002,ULY,ULY,NA,NA,NA,NA
3566,5753,1-ha,PAL,3114,358,C,3,FF-4,2004,ULY,ULY,NA,NA,NA,NA
3622,5753,1-ha,PAL,3114,362,D,3,FF-4,2004,ULY,ULY,NA,NA,NA,NA
3686,5753,1-ha,PAL,3114,363,E,10,FF-4,2004,ULY,ULY,NA,NA,NA,NA
3492,5753,1-ha,PAL,3114,402,B,3,FF-4,2006,ULY,ULY,NA,NA,NA,NA
3414,5753,1-ha,PAL,3114,411,A,10,FF-4,2006,ULY,ULY,NA,NA,NA,NA
3586,5753,1-ha,PAL,3114,389,C,6,FF-4,2008,ULY,ULY,NA,NA,NA,NA
3628,5753,1-ha,PAL,3114,469,D,4,FF-4,2009,ULY,ULY,NA,NA,NA,NA
3842,5754,10-ha,PortoAlegre,3209,601,A,3,FF-7,2000,ULY,ULY,NA,NA,NA,NA
4030,5754,10-ha,PortoAlegre,3209,603,B,1,FF-7,2000,ULY,ULY,NA,NA,NA,NA
4153,5754,10-ha,PortoAlegre,3209,604,B,5,FF-7,2000,ULY,ULY,NA,NA,NA,NA
4120,5754,10-ha,PortoAlegre,3209,636,B,4,FF-7,2000,ULY,ULY,NA,NA,NA,NA
4040,5754,10-ha,PortoAlegre,3209,639,B,10,FF-7,2000,ULY,ULY,NA,NA,NA,NA
3821,5754,10-ha,PortoAlegre,3209,648,A,10,FF-7,2000,ULY,ULY,NA,NA,NA,NA
4031,5754,10-ha,PortoAlegre,3209,656,B,1,FF-7,2000,ULY,ULY,NA,NA,NA,NA
4237,5754,10-ha,PortoAlegre,3209,661,B,8,FF-7,2000,ULY,ULY,NA,NA,NA,NA
4543,5754,10-ha,PortoAlegre,3209,691,D,8,FF-7,2000,ULY,ULY,NA,NA,NA,NA
4627,5754,10-ha,PortoAlegre,3209,903,E,3,FF-7,2000,ULY,ULY,NA,NA,NA,NA
4436,5754,10-ha,PortoAlegre,3209,929,C,9,FF-7,2000,ULY,ULY,NA,NA,NA,NA
4793,5754,10-ha,PortoAlegre,3209,935,E,9,FF-7,2000,ULY,ULY,NA,NA,NA,NA
4712,5754,10-ha,PortoAlegre,3209,939,E,6,FF-7,2000,ULY,ULY,NA,NA,NA,NA
4395,5754,10-ha,PortoAlegre,3209,703,C,8,FF-7,2002,ULY,ULY,NA,NA,NA,NA
4357,5754,10-ha,PortoAlegre,3209,709,C,6,FF-7,2002,ULY,ULY,NA,NA,NA,NA
4396,5754,10-ha,PortoAlegre,3209,710,C,8,FF-7,2002,ULY,ULY,NA,NA,NA,NA
4397,5754,10-ha,PortoAlegre,3209,712,C,8,FF-7,2002,ULY,ULY,NA,NA,NA,NA
4751,5754,10-ha,PortoAlegre,3209,713,E,8,FF-7,2002,ULY,ULY,NA,NA,NA,NA
4546,5754,10-ha,PortoAlegre,3209,773,D,8,FF-7,2002,ULY,ULY,NA,NA,NA,NA
4297,5754,10-ha,PortoAlegre,3209,779,C,2,FF-7,2002,ULY,ULY,NA,NA,NA,NA
4374,5754,10-ha,PortoAlegre,3209,780,C,8,FF-7,2002,ULY,ULY,NA,NA,NA,NA
4309,5754,10-ha,PortoAlegre,3209,781,C,3,FF-7,2002,ULY,ULY,NA,NA,NA,NA
4310,5754,10-ha,PortoAlegre,3209,783,C,3,FF-7,2002,ULY,ULY,NA,NA,NA,NA
4341,5754,10-ha,PortoAlegre,3209,788,C,5,FF-7,2002,ULY,ULY,NA,NA,NA,NA
4785,5754,10-ha,PortoAlegre,3209,789,E,9,FF-7,2002,ULY,ULY,NA,NA,NA,NA
4375,5754,10-ha,PortoAlegre,3209,791,C,7,FF-7,2002,ULY,ULY,NA,NA,NA,NA
4453,5754,10-ha,PortoAlegre,3209,792,D,10,FF-7,2002,ULY,ULY,NA,NA,NA,NA
4326,5754,10-ha,PortoAlegre,3209,793,C,4,FF-7,2002,ULY,ULY,NA,NA,NA,NA
4503,5754,10-ha,PortoAlegre,3209,796,D,5,FF-7,2002,ULY,ULY,NA,NA,NA,NA
4645,5754,10-ha,PortoAlegre,3209,799,E,4,FF-7,2002,ULY,ULY,NA,NA,NA,NA
3909,5754,10-ha,PortoAlegre,3209,951,A,6,FF-7,2002,ULY,ULY,NA,NA,NA,NA
3934,5754,10-ha,PortoAlegre,3209,952,A,7,FF-7,2002,ULY,ULY,NA,NA,NA,NA
3868,5754,10-ha,PortoAlegre,3209,953,A,4,FF-7,2002,ULY,ULY,NA,NA,NA,NA
3910,5754,10-ha,PortoAlegre,3209,959,A,6,FF-7,2002,ULY,ULY,NA,NA,NA,NA
4218,5754,10-ha,PortoAlegre,3209,960,B,7,FF-7,2002,ULY,ULY,NA,NA,NA,NA
3942,5754,10-ha,PortoAlegre,3209,965,A,7,FF-7,2002,ULY,ULY,NA,NA,NA,NA
4220,5754,10-ha,PortoAlegre,3209,969,B,7,FF-7,2002,ULY,ULY,NA,NA,NA,NA
3899,5754,10-ha,PortoAlegre,3209,977,A,5,FF-7,2002,ULY,ULY,NA,NA,NA,NA
3946,5754,10-ha,PortoAlegre,3209,981,A,7,FF-7,2002,ULY,ULY,NA,NA,NA,NA
4410,5754,10-ha,PortoAlegre,3209,1000,C,8,FF-7,2002,ULY,ULY,NA,NA,NA,NA
4736,5754,10-ha,PortoAlegre,3209,1327,E,7,FF-7,2002,ULY,ULY,NA,NA,NA,NA
4438,5754,10-ha,PortoAlegre,3209,1328,C,9,FF-7,2002,ULY,ULY,NA,NA,NA,NA
4737,5754,10-ha,PortoAlegre,3209,1335,E,7,FF-7,2002,ULY,ULY,NA,NA,NA,NA
4102,5754,10-ha,PortoAlegre,3209,1337,B,3,FF-7,2002,ULY,ULY,NA,NA,NA,NA
4071,5754,10-ha,PortoAlegre,3209,1342,B,2,FF-7,2002,ULY,ULY,NA,NA,NA,NA
4306,5754,10-ha,PortoAlegre,3209,608,C,3,FF-7,2003,ULY,ULY,NA,NA,NA,NA
4544,5754,10-ha,PortoAlegre,3209,696,D,8,FF-7,2003,ULY,ULY,NA,NA,NA,NA
3961,5754,10-ha,PortoAlegre,3209,807,A,8,FF-7,2003,ULY,ULY,NA,NA,NA,NA
3906,5754,10-ha,PortoAlegre,3209,809,A,6,FF-7,2003,ULY,ULY,NA,NA,NA,NA
3891,5754,10-ha,PortoAlegre,3209,813,A,5,FF-7,2003,ULY,ULY,NA,NA,NA,duplicate tag number
4311,5754,10-ha,PortoAlegre,3209,815,C,3,FF-7,2003,ULY,ULY,NA,NA,NA,NA
4312,5754,10-ha,PortoAlegre,3209,816,C,3,FF-7,2003,ULY,ULY,NA,NA,NA,duplicate tag number
4210,5754,10-ha,PortoAlegre,3209,818,B,7,FF-7,2003,ULY,ULY,NA,NA,NA,NA
4211,5754,10-ha,PortoAlegre,3209,819,B,7,FF-7,2003,ULY,ULY,NA,NA,NA,duplicate tag number
4212,5754,10-ha,PortoAlegre,3209,820,B,7,FF-7,2003,ULY,ULY,NA,NA,NA,NA
4215,5754,10-ha,PortoAlegre,3209,825,B,7,FF-7,2003,ULY,ULY,NA,NA,NA,NA
4041,5754,10-ha,PortoAlegre,3209,828,B,10,FF-7,2003,ULY,ULY,NA,NA,NA,duplicate tag number
4378,5754,10-ha,PortoAlegre,3209,829,C,7,FF-7,2003,ULY,ULY,NA,NA,NA,duplicate tag number
3897,5754,10-ha,PortoAlegre,3209,895,A,5,FF-7,2003,ULY,ULY,NA,NA,NA,NA
3931,5754,10-ha,PortoAlegre,3209,898,A,7,FF-7,2003,ULY,ULY,NA,NA,NA,NA
4783,5754,10-ha,PortoAlegre,3209,730,E,9,FF-7,2004,ULY,ULY,NA,NA,NA,NA
4007,5754,10-ha,PortoAlegre,3209,850,A,9,FF-7,2004,ULY,ULY,NA,NA,NA,NA
3866,5754,10-ha,PortoAlegre,3209,855,A,4,FF-7,2004,ULY,ULY,NA,NA,NA,NA
3908,5754,10-ha,PortoAlegre,3209,857,A,6,FF-7,2004,ULY,ULY,NA,NA,NA,NA
3966,5754,10-ha,PortoAlegre,3209,858,A,8,FF-7,2004,ULY,ULY,NA,NA,NA,duplicate tag number
3968,5754,10-ha,PortoAlegre,3209,860,A,8,FF-7,2004,ULY,ULY,NA,NA,NA,duplicate tag number
4006,5754,10-ha,PortoAlegre,3209,813,A,9,FF-7,2006,ULY,ULY,NA,NA,NA,duplicate tag number
5430,5756,CF,EST,1501,360,C,1,CF-3,2000,ULY,ULY,NA,NA,NA,NA
5204,5756,CF,EST,1501,546,B,2,CF-3,2000,ULY,ULY,NA,NA,NA,NA
4925,5756,CF,EST,1501,593,A,3,CF-3,2000,ULY,ULY,NA,NA,NA,NA
5327,5756,CF,EST,1501,770,B,6,CF-3,2000,ULY,ULY,NA,NA,NA,NA
5765,5756,CF,EST,1501,791,D,5,CF-3,2000,ULY,ULY,NA,NA,NA,NA
6046,5756,CF,EST,1501,805,E,6,CF-3,2000,ULY,ULY,NA,NA,NA,NA
5746,5756,CF,EST,1501,807,D,4,CF-3,2000,ULY,ULY,NA,NA,NA,NA
4991,5756,CF,EST,1501,831,A,4,CF-3,2000,ULY,ULY,NA,NA,NA,NA
5279,5756,CF,EST,1501,834,B,4,CF-3,2000,ULY,ULY,NA,NA,NA,NA
5039,5756,CF,EST,1501,837,A,5,CF-3,2000,ULY,ULY,NA,NA,NA,NA
5103,5756,CF,EST,1501,846,A,7,CF-3,2000,ULY,ULY,NA,NA,NA,NA
5371,5756,CF,EST,1501,850,B,7,CF-3,2000,ULY,ULY,NA,NA,NA,NA
5372,5756,CF,EST,1501,857,B,7,CF-3,2000,ULY,ULY,NA,NA,NA,NA
5374,5756,CF,EST,1501,872,B,7,CF-3,2000,ULY,ULY,NA,NA,NA,NA
5405,5756,CF,EST,1501,888,B,8,CF-3,2002,ULY,ULY,NA,NA,NA,NA
5856,5756,CF,EST,1501,965,D,8,CF-3,2002,ULY,ULY,NA,NA,NA,NA
5141,5756,CF,EST,1501,968,A,8,CF-3,2002,ULY,ULY,NA,NA,NA,NA
5379,5756,CF,EST,1501,976,B,7,CF-3,2002,ULY,ULY,NA,NA,NA,NA
5045,5756,CF,EST,1501,981,A,5,CF-3,2002,ULY,ULY,NA,NA,NA,NA
6089,5756,CF,EST,1501,994,E,7,CF-3,2002,ULY,ULY,NA,NA,NA,NA
5341,5756,CF,EST,1501,995,B,6,CF-3,2002,ULY,ULY,NA,NA,NA,NA
5380,5756,CF,EST,1501,997,B,7,CF-3,2002,ULY,ULY,NA,NA,NA,NA
5818,5756,CF,EST,1501,1000,D,7,CF-3,2002,ULY,ULY,NA,NA,NA,NA
6114,5756,CF,EST,1501,1202,E,8,CF-3,2002,ULY,ULY,NA,NA,NA,NA
5081,5756,CF,EST,1501,1215,A,6,CF-3,2002,ULY,ULY,NA,NA,NA,NA
5343,5756,CF,EST,1501,1220,B,6,CF-3,2002,ULY,ULY,NA,NA,NA,NA
5963,5756,CF,EST,1501,1221,E,2,CF-3,2002,ULY,ULY,NA,NA,NA,NA
5964,5756,CF,EST,1501,1222,E,2,CF-3,2002,ULY,ULY,NA,NA,NA,NA
5448,5756,CF,EST,1501,1246,C,1,CF-3,2002,ULY,ULY,NA,NA,NA,NA
6134,5756,CF,EST,1501,1256,E,9,CF-3,2003,ULY,ULY,NA,NA,NA,NA
6115,5756,CF,EST,1501,1257,E,8,CF-3,2003,ULY,ULY,NA,NA,NA,NA
5145,5756,CF,EST,1501,1261,A,8,CF-3,2003,ULY,ULY,NA,NA,NA,NA
5146,5756,CF,EST,1501,1262,A,8,CF-3,2003,ULY,ULY,NA,NA,NA,NA
5147,5756,CF,EST,1501,1263,A,8,CF-3,2003,ULY,ULY,NA,NA,NA,NA
5112,5756,CF,EST,1501,1264,A,7,CF-3,2003,ULY,ULY,NA,NA,NA,NA
5385,5756,CF,EST,1501,1265,B,7,CF-3,2003,ULY,ULY,NA,NA,NA,NA
5386,5756,CF,EST,1501,1266,B,7,CF-3,2003,ULY,ULY,NA,NA,NA,NA
5211,5756,CF,EST,1501,1276,B,2,CF-3,2003,ULY,ULY,NA,NA,NA,NA
5568,5756,CF,EST,1501,1282,C,7,CF-3,2004,ULY,ULY,NA,NA,NA,NA
5599,5756,CF,EST,1501,1285,C,8,CF-3,2004,ULY,ULY,NA,NA,NA,NA
5684,5756,CF,EST,1501,1608,D,10,CF-3,2004,ULY,ULY,NA,NA,NA,NA
5346,5756,CF,EST,1501,1617,B,6,CF-3,2004,ULY,ULY,NA,NA,NA,NA
5967,5756,CF,EST,1501,1686,E,2,CF-3,2004,ULY,ULY,NA,NA,NA,NA
5413,5756,CF,EST,1501,1655,B,8,CF-3,2006,ULY,ULY,NA,NA,NA,NA
5605,5756,CF,EST,1501,116,C,9,CF-3,2008,ULY,ULY,NA,NA,NA,NA
5428,5756,CF,EST,1501,198,C,1,CF-3,2008,ULY,ULY,NA,NA,NA,NA
5055,5756,CF,EST,1501,265,A,6,CF-3,2008,ULY,ULY,NA,NA,NA,NA
5608,5756,CF,EST,1501,447,C,9,CF-3,2008,ULY,ULY,NA,NA,NA,NA
5555,5756,CF,EST,1501,451,C,7,CF-3,2008,ULY,ULY,NA,NA,NA,NA
5981,5756,CF,EST,1501,597,E,3,CF-3,2008,ULY,ULY,NA,NA,NA,NA
5372,5756,CF,EST,1501,857,B,7,CF-3,2008,ULY,ULY,NA,NA,NA,NA
5147,5756,CF,EST,1501,1263,A,8,CF-3,2008,ULY,ULY,NA,NA,NA,NA
5349,5756,CF,EST,1501,1696,B,6,CF-3,2008,ULY,ULY,NA,NA,NA,NA
5718,5756,CF,EST,1501,1721,D,2,CF-3,2008,ULY,ULY,NA,NA,NA,NA
4902,5756,CF,EST,1501,1732,A,2,CF-3,2008,ULY,ULY,NA,NA,NA,NA
5824,5756,CF,EST,1501,1777,D,7,CF-3,2008,ULY,ULY,NA,NA,NA,NA
5623,5756,CF,EST,1501,1779,C,9,CF-3,2008,ULY,ULY,NA,NA,NA,NA
5053,5756,CF,EST,1501,1789,A,5,CF-3,2008,ULY,ULY,NA,NA,NA,NA
5879,5756,CF,EST,1501,816,D,9,CF-3,2009,ULY,ULY,NA,NA,NA,duplicate tag number
6194,CaboFrio-CF,CF,PAL,3402,245,A,5,CF-6,2001,ULY,ULY,NA,NA,NA,NA
6397,CaboFrio-CF,CF,PAL,3402,208,C,7,CF-6,2002,ULY,ULY,NA,NA,NA,NA
6164,CaboFrio-CF,CF,PAL,3402,212,A,10,CF-6,2002,ULY,ULY,NA,NA,NA,NA
6229,CaboFrio-CF,CF,PAL,3402,216,A,9,CF-6,2002,ULY,ULY,NA,NA,NA,NA
6165,CaboFrio-CF,CF,PAL,3402,217,A,10,CF-6,2002,ULY,ULY,NA,NA,NA,NA
6398,CaboFrio-CF,CF,PAL,3402,227,C,7,CF-6,2002,ULY,ULY,NA,NA,NA,NA
6303,CaboFrio-CF,CF,PAL,3402,230,B,7,CF-6,2002,ULY,ULY,NA,NA,NA,NA
6238,CaboFrio-CF,CF,PAL,3402,235,B,1,CF-6,2002,ULY,ULY,NA,NA,NA,NA
6193,CaboFrio-CF,CF,PAL,3402,241,A,5,CF-6,2002,ULY,ULY,NA,NA,NA,NA
6224,CaboFrio-CF,CF,PAL,3402,242,A,8,CF-6,2002,ULY,ULY,NA,NA,NA,NA
6436,CaboFrio-CF,CF,PAL,3402,248,D,2,CF-6,2002,ULY,ULY,NA,NA,NA,NA
6168,CaboFrio-CF,CF,PAL,3402,257,A,10,CF-6,2002,ULY,ULY,NA,NA,NA,NA
6524,CaboFrio-CF,CF,PAL,3402,259,E,2,CF-6,2002,ULY,ULY,NA,NA,NA,NA
6230,CaboFrio-CF,CF,PAL,3402,262,A,9,CF-6,2002,ULY,ULY,NA,NA,NA,NA
6421,CaboFrio-CF,CF,PAL,3402,265,D,1,CF-6,2002,ULY,ULY,NA,NA,NA,NA
6400,CaboFrio-CF,CF,PAL,3402,266,C,7,CF-6,2002,ULY,ULY,NA,NA,NA,NA
6412,CaboFrio-CF,CF,PAL,3402,269,C,8,CF-6,2002,ULY,ULY,NA,NA,NA,NA
6413,CaboFrio-CF,CF,PAL,3402,277,C,8,CF-6,2002,ULY,ULY,NA,NA,NA,NA
6262,CaboFrio-CF,CF,PAL,3402,278,B,10,CF-6,2002,ULY,ULY,NA,NA,NA,NA
6401,CaboFrio-CF,CF,PAL,3402,280,C,7,CF-6,2002,ULY,ULY,NA,NA,NA,NA
6471,CaboFrio-CF,CF,PAL,3402,282,D,6,CF-6,2002,ULY,ULY,NA,NA,NA,NA
6196,CaboFrio-CF,CF,PAL,3402,290,A,5,CF-6,2002,ULY,ULY,NA,NA,NA,NA
6323,CaboFrio-CF,CF,PAL,3402,337,B,8,CF-6,2002,ULY,ULY,NA,NA,NA,NA
6528,CaboFrio-CF,CF,PAL,3402,2116,E,2,CF-6,2007,ULY,ULY,NA,NA,NA,NA
6474,CaboFrio-CF,CF,PAL,3402,378,D,6,CF-6,2008,ULY,ULY,NA,NA,NA,NA
6635,Dimona-CF,CF,DIM,none,147,C,4,CF-4,2001,ULY,ULY,NA,NA,NA,NA
6597,Dimona-CF,CF,DIM,none,151,A,8,CF-4,2001,ULY,ULY,NA,NA,NA,NA
6613,Dimona-CF,CF,DIM,none,152,B,4,CF-4,2001,ULY,ULY,NA,NA,NA,NA
6704,Dimona-CF,CF,DIM,none,149,D,6,CF-4,2002,ULY,ULY,NA,NA,NA,NA
6743,Dimona-CF,CF,DIM,none,168,E,3,CF-4,2002,ULY,ULY,NA,NA,NA,NA
6647,Dimona-CF,CF,DIM,none,166,C,5,CF-4,2006,ULY,ULY,NA,NA,NA,NA
6772,Dimona-CF,CF,DIM,none,89,E,8,CF-4,2008,ULY,ULY,NA,NA,NA,NA
7557,Florestal-CF,CF,EST,1301,699,C,2,CF-1,2000,ULY,ULY,NA,NA,NA,NA
7436,Florestal-CF,CF,EST,1301,735,B,6,CF-1,2000,ULY,ULY,NA,NA,NA,NA
7329,Florestal-CF,CF,EST,1301,749,B,4,CF-1,2000,ULY,ULY,NA,NA,NA,NA
6790,Florestal-CF,CF,EST,1301,761,A,1,CF-1,2000,ULY,ULY,NA,NA,NA,NA
7150,Florestal-CF,CF,EST,1301,801,A,8,CF-1,2000,ULY,ULY,NA,NA,NA,NA
7121,Florestal-CF,CF,EST,1301,814,A,7,CF-1,2000,ULY,ULY,NA,NA,NA,NA
7195,Florestal-CF,CF,EST,1301,827,B,1,CF-1,2000,ULY,ULY,NA,NA,NA,NA
7609,Florestal-CF,CF,EST,1301,833,C,4,CF-1,2000,ULY,ULY,NA,NA,NA,NA
7438,Florestal-CF,CF,EST,1301,838,B,6,CF-1,2000,ULY,ULY,NA,NA,NA,NA
7439,Florestal-CF,CF,EST,1301,839,B,6,CF-1,2000,ULY,ULY,NA,NA,NA,NA
8306,Florestal-CF,CF,EST,1301,845,E,7,CF-1,2000,ULY,ULY,NA,NA,NA,NA
7441,Florestal-CF,CF,EST,1301,846,B,6,CF-1,2000,ULY,ULY,NA,NA,NA,NA
7442,Florestal-CF,CF,EST,1301,848,B,6,CF-1,2000,ULY,ULY,NA,NA,NA,NA
8307,Florestal-CF,CF,EST,1301,849,E,7,CF-1,2000,ULY,ULY,NA,NA,NA,NA
7381,Florestal-CF,CF,EST,1301,856,B,5,CF-1,2000,ULY,ULY,NA,NA,NA,NA
8101,Florestal-CF,CF,EST,1301,887,E,2,CF-1,2000,ULY,ULY,NA,NA,NA,NA
7637,Florestal-CF,CF,EST,1301,888,C,5,CF-1,2000,ULY,ULY,NA,NA,NA,NA
8103,Florestal-CF,CF,EST,1301,913,E,2,CF-1,2000,ULY,ULY,NA,NA,NA,NA
7639,Florestal-CF,CF,EST,1301,914,C,5,CF-1,2000,ULY,ULY,NA,NA,NA,NA
7640,Florestal-CF,CF,EST,1301,917,C,5,CF-1,2000,ULY,ULY,NA,NA,NA,NA
7574,Florestal-CF,CF,EST,1301,919,C,3,CF-1,2000,ULY,ULY,NA,NA,NA,NA
8174,Florestal-CF,CF,EST,1301,926,E,3,CF-1,2000,ULY,ULY,NA,NA,NA,NA
6819,Florestal-CF,CF,EST,1301,896,A,1,CF-1,2001,ULY,ULY,NA,NA,NA,NA
7002,Florestal-CF,CF,EST,1301,906,A,4,CF-1,2001,ULY,ULY,NA,NA,NA,NA
6883,Florestal-CF,CF,EST,1301,939,A,2,CF-1,2001,ULY,ULY,NA,NA,NA,NA
7004,Florestal-CF,CF,EST,1301,943,A,4,CF-1,2001,ULY,ULY,NA,NA,NA,NA
6885,Florestal-CF,CF,EST,1301,946,A,2,CF-1,2001,ULY,ULY,NA,NA,NA,NA
6951,Florestal-CF,CF,EST,1301,957,A,3,CF-1,2001,ULY,ULY,NA,NA,NA,NA
8337,Florestal-CF,CF,EST,1301,999,E,8,CF-1,2001,ULY,ULY,NA,NA,NA,NA
8074,Florestal-CF,CF,EST,1301,1063,E,10,CF-1,2001,ULY,ULY,NA,NA,NA,NA
7244,Florestal-CF,CF,EST,1301,1068,B,2,CF-1,2001,ULY,ULY,NA,NA,NA,NA
8310,Florestal-CF,CF,EST,1301,1081,E,7,CF-1,2001,ULY,ULY,NA,NA,NA,NA
7641,Florestal-CF,CF,EST,1301,1082,C,5,CF-1,2001,ULY,ULY,NA,NA,NA,NA
7440,Florestal-CF,CF,EST,1301,844,B,6,CF-1,2002,ULY,ULY,NA,NA,NA,NA
7558,Florestal-CF,CF,EST,1301,1071,C,2,CF-1,2002,ULY,ULY,NA,NA,NA,NA
7864,Florestal-CF,CF,EST,1301,1102,D,3,CF-1,2002,ULY,ULY,NA,NA,NA,NA
8338,Florestal-CF,CF,EST,1301,1104,E,8,CF-1,2002,ULY,ULY,NA,NA,NA,NA
6891,Florestal-CF,CF,EST,1301,1109,A,2,CF-1,2002,ULY,ULY,NA,NA,NA,NA
7495,Florestal-CF,CF,EST,1301,1115,B,8,CF-1,2002,ULY,ULY,NA,NA,NA,NA
8339,Florestal-CF,CF,EST,1301,1119,E,8,CF-1,2002,ULY,ULY,NA,NA,NA,NA
7255,Florestal-CF,CF,EST,1301,1123,B,2,CF-1,2002,ULY,ULY,NA,NA,NA,NA
7289,Florestal-CF,CF,EST,1301,1125,B,3,CF-1,2002,ULY,ULY,NA,NA,NA,NA
7560,Florestal-CF,CF,EST,1301,1137,C,2,CF-1,2002,ULY,ULY,NA,NA,NA,NA
7153,Florestal-CF,CF,EST,1301,1138,A,8,CF-1,2002,ULY,ULY,NA,NA,NA,NA
7972,Florestal-CF,CF,EST,1301,1142,D,6,CF-1,2002,ULY,ULY,NA,NA,NA,NA
7292,Florestal-CF,CF,EST,1301,1143,B,3,CF-1,2002,ULY,ULY,NA,NA,NA,NA
8340,Florestal-CF,CF,EST,1301,1146,E,8,CF-1,2002,ULY,ULY,NA,NA,NA,NA
6837,Florestal-CF,CF,EST,1301,1148,A,1,CF-1,2002,ULY,ULY,NA,NA,NA,NA
6838,Florestal-CF,CF,EST,1301,1158,A,1,CF-1,2002,ULY,ULY,NA,NA,NA,NA
7017,Florestal-CF,CF,EST,1301,1162,A,4,CF-1,2002,ULY,ULY,NA,NA,NA,NA
7220,Florestal-CF,CF,EST,1301,1164,B,10,CF-1,2002,ULY,ULY,NA,NA,NA,NA
7759,Florestal-CF,CF,EST,1301,1165,D,1,CF-1,2002,ULY,ULY,NA,NA,NA,NA
6895,Florestal-CF,CF,EST,1301,1167,A,2,CF-1,2002,ULY,ULY,NA,NA,NA,NA
8353,Florestal-CF,CF,EST,1301,1168,E,9,CF-1,2002,ULY,ULY,NA,NA,NA,NA
7760,Florestal-CF,CF,EST,1301,1172,D,1,CF-1,2002,ULY,ULY,NA,NA,NA,NA
8248,Florestal-CF,CF,EST,1301,1179,E,5,CF-1,2002,ULY,ULY,NA,NA,NA,NA
7019,Florestal-CF,CF,EST,1301,1180,A,4,CF-1,2002,ULY,ULY,NA,NA,NA,NA
7870,Florestal-CF,CF,EST,1301,1187,D,3,CF-1,2002,ULY,ULY,NA,NA,NA,NA
8054,Florestal-CF,CF,EST,1301,1403,E,1,CF-1,2002,ULY,ULY,NA,NA,NA,NA
8060,Florestal-CF,CF,EST,1301,1421,E,1,CF-1,2002,ULY,ULY,NA,NA,NA,NA
8013,Florestal-CF,CF,EST,1301,1425,E,1,CF-1,2002,ULY,ULY,NA,NA,NA,NA
6968,Florestal-CF,CF,EST,1301,1210,A,3,CF-1,2004,ULY,ULY,NA,NA,NA,NA
8273,Florestal-CF,CF,EST,1301,1226,E,6,CF-1,2004,ULY,ULY,NA,NA,NA,NA
7097,Florestal-CF,CF,EST,1301,1249,A,6,CF-1,2004,ULY,ULY,NA,NA,NA,NA
7155,Florestal-CF,CF,EST,1301,1253,A,8,CF-1,2004,ULY,ULY,NA,NA,NA,NA
6854,Florestal-CF,CF,EST,1301,1255,A,10,CF-1,2004,ULY,ULY,NA,NA,NA,NA
6899,Florestal-CF,CF,EST,1301,1263,A,2,CF-1,2006,ULY,ULY,NA,NA,NA,NA
7300,Florestal-CF,CF,EST,1301,1266,B,3,CF-1,2006,ULY,ULY,NA,NA,NA,NA
7452,Florestal-CF,CF,EST,1301,1496,B,6,CF-1,2006,ULY,ULY,NA,NA,NA,NA
7481,Florestal-CF,CF,EST,1301,1499,B,7,CF-1,2006,ULY,ULY,NA,NA,NA,NA
7489,Florestal-CF,CF,EST,1301,264,B,8,CF-1,2008,ULY,ULY,NA,NA,NA,NA
7375,Florestal-CF,CF,EST,1301,674,B,5,CF-1,2008,ULY,ULY,NA,NA,NA,NA
8332,Florestal-CF,CF,EST,1301,778,E,8,CF-1,2008,ULY,ULY,NA,NA,NA,NA
7440,Florestal-CF,CF,EST,1301,844,B,6,CF-1,2008,ULY,ULY,NA,NA,NA,NA
6954,Florestal-CF,CF,EST,1301,972,A,3,CF-1,2008,ULY,ULY,NA,NA,NA,NA
8061,Florestal-CF,CF,EST,1301,1423,E,1,CF-1,2008,ULY,ULY,NA,NA,NA,NA
8375,PortoAlegre-CF,CF,PAL,none,289,A,6,CF-5,2001,ULY,ULY,NA,NA,NA,NA
8467,PortoAlegre-CF,CF,PAL,none,12,C,1,CF-5,2002,ULY,ULY,NA,NA,NA,NA
8374,PortoAlegre-CF,CF,PAL,none,103,A,6,CF-5,2002,ULY,ULY,NA,NA,NA,NA
8652,PortoAlegre-CF,CF,PAL,none,110,E,8,CF-5,2002,ULY,ULY,NA,NA,NA,NA
8595,PortoAlegre-CF,CF,PAL,none,162,E,1,CF-5,2002,ULY,ULY,NA,NA,NA,NA
8398,PortoAlegre-CF,CF,PAL,none,166,B,1,CF-5,2002,ULY,ULY,NA,NA,NA,NA
8656,PortoAlegre-CF,CF,PAL,none,201,E,9,CF-5,2002,ULY,ULY,NA,NA,NA,NA
8647,PortoAlegre-CF,CF,PAL,none,202,E,7,CF-5,2002,ULY,ULY,NA,NA,NA,NA
8465,PortoAlegre-CF,CF,PAL,none,264,B,9,CF-5,2002,ULY,ULY,NA,NA,NA,NA
8649,PortoAlegre-CF,CF,PAL,none,278,E,7,CF-5,2002,ULY,ULY,NA,NA,NA,NA
8587,PortoAlegre-CF,CF,PAL,none,280,D,8,CF-5,2002,ULY,ULY,NA,NA,NA,NA
8521,PortoAlegre-CF,CF,PAL,none,283,C,9,CF-5,2002,ULY,ULY,NA,NA,NA,NA
8590,PortoAlegre-CF,CF,PAL,none,299,D,9,CF-5,2002,ULY,ULY,NA,NA,NA,NA
8648,PortoAlegre-CF,CF,PAL,none,207,E,7,CF-5,2003,ULY,ULY,NA,NA,NA,NA
8535,PortoAlegre-CF,CF,PAL,none,270,D,10,CF-5,2003,ULY,ULY,NA,NA,NA,NA
8603,PortoAlegre-CF,CF,PAL,none,215,E,10,CF-5,2004,ULY,ULY,NA,NA,NA,NA
8604,PortoAlegre-CF,CF,PAL,none,219,E,10,CF-5,2004,ULY,ULY,NA,NA,NA,NA
8605,PortoAlegre-CF,CF,PAL,none,226,E,10,CF-5,2004,ULY,ULY,NA,NA,NA,NA
8606,PortoAlegre-CF,CF,PAL,none,236,E,10,CF-5,2004,ULY,ULY,NA,NA,NA,NA
8637,PortoAlegre-CF,CF,PAL,none,239,E,5,CF-5,2006,ULY,ULY,NA,NA,NA,NA
8658,PortoAlegre-CF,CF,PAL,none,273,E,9,CF-5,2006,ULY,ULY,NA,NA,NA,NA
8495,PortoAlegre-CF,CF,PAL,none,33,C,4,CF-5,2008,ULY,ULY,NA,NA,NA,NA
8496,PortoAlegre-CF,CF,PAL,none,37,C,4,CF-5,2008,ULY,ULY,NA,NA,NA,NA
8639,PortoAlegre-CF,CF,PAL,none,355,E,5,CF-5,2008,ULY,ULY,NA,NA,NA,NA
7961,Florestal-CF,CF,EST,1301,378,D,6,CF-1,2007,ULY,NA,NA,NA,NA,NA
