plant_id,plot,habitat,ranch,bdffp_reserve_no,tag_number,row,column,plot_id,year,code,duplicate_tag,adult_no_tag,recorded_sdlg,treefall_status,condition,census_status,subplot
221,2107,1-ha,DIM,2107,228,C,7,FF-1,2000,ULY,NA,TRUE,FALSE,NA,NA,measured,C7
146,2107,1-ha,DIM,2107,240,B,7,FF-1,2000,ULY,NA,TRUE,FALSE,NA,NA,measured,B7
58,2107,1-ha,DIM,2107,244,A,7,FF-1,2000,ULY,NA,TRUE,FALSE,NA,NA,measured,A7
174,2107,1-ha,DIM,2107,246,C,10,FF-1,2000,ULY,NA,TRUE,FALSE,NA,NA,measured,C10
59,2107,1-ha,DIM,2107,255,A,7,FF-1,2001,ULY,NA,TRUE,FALSE,NA,NA,measured,A7
28,2107,1-ha,DIM,2107,262,A,3,FF-1,2002,ULY,NA,TRUE,FALSE,NA,NA,measured,A3
247,2107,1-ha,DIM,2107,275,C,9,FF-1,2002,ULY,NA,TRUE,FALSE,NA,NA,measured,C9
324,2107,1-ha,DIM,2107,304,E,5,FF-1,2004,ULY,NA,TRUE,FALSE,NA,NA,measured,E5
257,2107,1-ha,DIM,2107,306,D,10,FF-1,2004,ULY,NA,TRUE,FALSE,NA,NA,measured,D10
294,2107,1-ha,DIM,2107,310,D,8,FF-1,2004,ULY,NA,TRUE,FALSE,NA,NA,measured,D8
304,2107,1-ha,DIM,2107,30,E,1,FF-1,2008,ULY,NA,TRUE,FALSE,NA,NA,measured,E1
226,2107,1-ha,DIM,2107,35,C,8,FF-1,2008,ULY,NA,TRUE,FALSE,NA,NA,measured,C8
277,2107,1-ha,DIM,2107,42,D,5,FF-1,2008,ULY,NA,TRUE,FALSE,NA,NA,measured,D5
101,2107,1-ha,DIM,2107,74,B,3,FF-1,2008,ULY,NA,TRUE,FALSE,NA,NA,measured,B3
102,2107,1-ha,DIM,2107,77,B,3,FF-1,2008,ULY,NA,TRUE,FALSE,NA,NA,measured,B3
69,2107,1-ha,DIM,2107,111,A,9,FF-1,2008,ULY,NA,TRUE,FALSE,NA,NA,measured,A9
323,2107,1-ha,DIM,2107,123,E,5,FF-1,2008,ULY,NA,TRUE,FALSE,NA,NA,measured,E5
141,2107,1-ha,DIM,2107,165,B,6,FF-1,2008,ULY,NA,TRUE,FALSE,NA,NA,measured,B6
71,2107,1-ha,DIM,2107,215,A,9,FF-1,2008,ULY,NA,TRUE,FALSE,NA,NA,measured,A9
21,2107,1-ha,DIM,2107,218,A,10,FF-1,2008,ULY,NA,TRUE,FALSE,NA,NA,measured,A10
190,2107,1-ha,DIM,2107,220,C,2,FF-1,2008,ULY,NA,TRUE,FALSE,NA,NA,measured,C2
174,2107,1-ha,DIM,2107,246,C,10,FF-1,2008,ULY,NA,TRUE,FALSE,NA,NA,measured,C10
126,2107,1-ha,DIM,2107,280,B,4,FF-1,2008,ULY,NA,TRUE,FALSE,NA,NA,measured,B4
321,2107,1-ha,DIM,2107,303,E,4,FF-1,2008,ULY,NA,TRUE,FALSE,NA,NA,measured,E4
325,2107,1-ha,DIM,2107,375,E,5,FF-1,2008,ULY,NA,TRUE,FALSE,NA,NA,measured,E5
302,2107,1-ha,DIM,2107,387,D,9,FF-1,2008,ULY,NA,TRUE,FALSE,NA,NA,measured,D9
303,2107,1-ha,DIM,2107,391,D,9,FF-1,2008,ULY,NA,TRUE,FALSE,NA,NA,measured,D9
421,2108,1-ha,DIM,2108,209,B,2,FF-2,2000,ULY,NA,TRUE,FALSE,NA,NA,measured,B2
626,2108,1-ha,DIM,2108,215,E,7,FF-2,2000,ULY,NA,TRUE,FALSE,NA,NA,measured,E7
527,2108,1-ha,DIM,2108,231,D,1,FF-2,2000,ULY,NA,TRUE,FALSE,NA,NA,measured,D1
543,2108,1-ha,DIM,2108,299,D,2,FF-2,2000,ULY,NA,TRUE,FALSE,NA,NA,measured,D2
520,2108,1-ha,DIM,2108,64,D,1,FF-2,2001,ULY,NA,TRUE,FALSE,NA,NA,measured,D1
500,2108,1-ha,DIM,2108,241,C,8,FF-2,2001,ULY,NA,TRUE,FALSE,NA,NA,measured,C8
398,2108,1-ha,DIM,2108,235,A,9,FF-2,2002,ULY,NA,TRUE,FALSE,NA,NA,measured,A9
381,2108,1-ha,DIM,2108,400,A,6,FF-2,2006,ULY,NA,TRUE,FALSE,NA,NA,measured,A6
601,2108,1-ha,DIM,2108,294,D,9,FF-2,2007,ULY,NA,TRUE,FALSE,NA,NA,measured,D9
603,2108,1-ha,DIM,2108,301,D,9,FF-2,2007,ULY,NA,TRUE,FALSE,NA,NA,measured,D9
595,2108,1-ha,DIM,2108,392,D,8,FF-2,2007,ULY,NA,TRUE,FALSE,NA,NA,measured,D8
518,2108,1-ha,DIM,2108,393,C,9,FF-2,2007,ULY,NA,TRUE,FALSE,NA,NA,measured,C9
478,2108,1-ha,DIM,2108,4,C,4,FF-2,2008,ULY,NA,TRUE,FALSE,NA,NA,measured,C4
444,2108,1-ha,DIM,2108,16,B,7,FF-2,2008,ULY,NA,TRUE,FALSE,NA,NA,measured,B7
490,2108,1-ha,DIM,2108,57,C,7,FF-2,2008,ULY,NA,TRUE,FALSE,NA,NA,measured,C7
393,2108,1-ha,DIM,2108,59,A,9,FF-2,2008,ULY,NA,TRUE,FALSE,NA,NA,measured,A9
451,2108,1-ha,DIM,2108,70,B,8,FF-2,2008,ULY,NA,TRUE,FALSE,NA,NA,measured,B8
637,2108,1-ha,DIM,2108,86,E,8,FF-2,2008,ULY,NA,TRUE,FALSE,NA,NA,measured,E8
394,2108,1-ha,DIM,2108,91,A,9,FF-2,2008,ULY,NA,TRUE,FALSE,NA,NA,measured,A9
605,2108,1-ha,DIM,2108,139,E,1,FF-2,2008,ULY,NA,TRUE,FALSE,NA,NA,measured,E1
366,2108,1-ha,DIM,2108,141,A,4,FF-2,2008,ULY,NA,TRUE,FALSE,NA,NA,measured,A4
399,2108,1-ha,DIM,2108,246,A,9,FF-2,2008,ULY,NA,TRUE,FALSE,NA,NA,measured,A9
613,2108,1-ha,DIM,2108,256,E,10,FF-2,2008,ULY,NA,TRUE,FALSE,NA,NA,measured,E10
445,2108,1-ha,DIM,2108,276,B,7,FF-2,2008,ULY,NA,TRUE,FALSE,NA,NA,measured,B7
505,2108,1-ha,DIM,2108,309,C,8,FF-2,2008,ULY,NA,TRUE,FALSE,NA,NA,measured,C8
622,2108,1-ha,DIM,2108,323,E,3,FF-2,2008,ULY,NA,TRUE,FALSE,NA,NA,measured,E3
350,2108,1-ha,DIM,2108,350,A,10,FF-2,2008,ULY,NA,TRUE,FALSE,NA,NA,measured,A10
593,2108,1-ha,DIM,2108,359,D,8,FF-2,2008,ULY,NA,TRUE,FALSE,NA,NA,measured,D8
462,2108,1-ha,DIM,2108,396,B,8,FF-2,2008,ULY,NA,TRUE,FALSE,NA,NA,measured,B8
915,2206,10-ha,DIM,2206,124,E,3,FF-5,2000,ULY,NA,TRUE,FALSE,NA,NA,measured,E3
659,2206,10-ha,DIM,2206,143,A,3,FF-5,2000,ULY,NA,TRUE,FALSE,NA,NA,measured,A3
755,2206,10-ha,DIM,2206,168,B,5,FF-5,2000,ULY,NA,TRUE,FALSE,NA,NA,measured,B5
878,2206,10-ha,DIM,2206,192,D,3,FF-5,2000,ULY,NA,TRUE,FALSE,NA,NA,measured,D3
881,2206,10-ha,DIM,2206,204,D,3,FF-5,2000,ULY,NA,TRUE,FALSE,NA,NA,measured,D3
887,2206,10-ha,DIM,2206,207,D,6,FF-5,2000,ULY,NA,TRUE,FALSE,NA,NA,measured,D6
935,2206,10-ha,DIM,2206,211,E,8,FF-5,2000,ULY,NA,TRUE,FALSE,NA,NA,measured,E8
901,2206,10-ha,DIM,2206,213,E,10,FF-5,2000,ULY,NA,TRUE,FALSE,NA,NA,measured,E10
900,2206,10-ha,DIM,2206,210,E,10,FF-5,2001,ULY,NA,TRUE,FALSE,NA,NA,measured,E10
936,2206,10-ha,DIM,2206,22,E,9,FF-5,2002,ULY,NA,TRUE,FALSE,NA,NA,measured,E9
676,2206,10-ha,DIM,2206,253,A,4,FF-5,2004,ULY,NA,TRUE,FALSE,NA,NA,measured,A4
725,2206,10-ha,DIM,2206,270,B,10,FF-5,2004,ULY,NA,TRUE,FALSE,NA,NA,measured,B10
893,2206,10-ha,DIM,2206,149,D,9,FF-5,2006,ULY,NA,TRUE,FALSE,NA,NA,measured,D9
802,2206,10-ha,DIM,2206,323,B,9,FF-5,2006,ULY,NA,TRUE,FALSE,NA,NA,measured,B9
803,2206,10-ha,DIM,2206,333,B,9,FF-5,2006,ULY,NA,TRUE,FALSE,NA,NA,measured,B9
804,2206,10-ha,DIM,2206,335,B,9,FF-5,2006,ULY,NA,TRUE,FALSE,NA,NA,measured,B9
2135,5750,CF,EST,1501,558,J,9,CF-2,2000,ULY,NA,TRUE,FALSE,NA,NA,measured,J9
2137,5750,CF,EST,1501,562,J,9,CF-2,2000,ULY,NA,TRUE,FALSE,NA,NA,measured,J9
1789,5750,CF,EST,1501,570,H,7,CF-2,2000,ULY,NA,TRUE,FALSE,NA,NA,measured,H7
2083,5750,CF,EST,1501,578,J,8,CF-2,2000,ULY,NA,TRUE,FALSE,NA,NA,measured,J8
1419,5750,CF,EST,1501,587,D,8,CF-2,2000,ULY,NA,TRUE,FALSE,NA,NA,measured,D8
2058,5750,CF,EST,1501,598,J,7,CF-2,2000,ULY,NA,TRUE,FALSE,NA,NA,measured,J7
1511,5750,CF,EST,1501,600,F,10,CF-2,2000,ULY,NA,TRUE,FALSE,NA,NA,measured,F10
1512,5750,CF,EST,1501,601,F,10,CF-2,2000,ULY,NA,TRUE,FALSE,NA,NA,measured,F10
1288,5750,CF,EST,1501,615,C,9,CF-2,2000,ULY,NA,TRUE,FALSE,NA,NA,measured,C9
1572,5750,CF,EST,1501,633,F,8,CF-2,2000,ULY,NA,TRUE,FALSE,NA,NA,measured,F8
2086,5750,CF,EST,1501,652,J,8,CF-2,2000,ULY,NA,TRUE,FALSE,NA,NA,measured,J8
2087,5750,CF,EST,1501,654,J,8,CF-2,2000,ULY,NA,TRUE,FALSE,NA,NA,measured,J8
1819,5750,CF,EST,1501,657,H,8,CF-2,2000,ULY,NA,TRUE,FALSE,NA,NA,measured,H8
1125,5750,CF,EST,1501,701,B,7,CF-2,2002,ULY,NA,TRUE,FALSE,NA,NA,measured,B7
1376,5750,CF,EST,1501,743,D,6,CF-2,2002,ULY,NA,TRUE,FALSE,NA,NA,measured,D6
1377,5750,CF,EST,1501,759,D,6,CF-2,2002,ULY,NA,TRUE,FALSE,NA,NA,measured,D6
1038,5750,CF,EST,1501,767,A,8,CF-2,2002,ULY,NA,TRUE,FALSE,NA,NA,measured,A8
1998,5750,CF,EST,1501,810,J,10,CF-2,2002,ULY,NA,TRUE,FALSE,NA,NA,measured,J10
2000,5750,CF,EST,1501,827,J,10,CF-2,2002,ULY,NA,TRUE,FALSE,NA,NA,measured,J10
1064,5750,CF,EST,1501,828,A,9,CF-2,2002,ULY,NA,TRUE,FALSE,NA,NA,measured,A9
1324,5750,CF,EST,1501,869,C,9,CF-2,2004,ULY,NA,TRUE,FALSE,NA,NA,measured,C9
1689,5750,CF,EST,1501,882,G,9,CF-2,2004,ULY,NA,TRUE,FALSE,NA,NA,measured,G9
1593,5750,CF,EST,1501,887,F,9,CF-2,2004,ULY,NA,TRUE,FALSE,NA,NA,measured,F9
1851,5750,CF,EST,1501,901,I,10,CF-2,2004,ULY,NA,TRUE,FALSE,NA,NA,measured,I10
1722,5750,CF,EST,1501,905,H,10,CF-2,2004,ULY,NA,TRUE,FALSE,NA,NA,measured,H10
1326,5750,CF,EST,1501,909,C,9,CF-2,2004,ULY,NA,TRUE,FALSE,NA,NA,measured,C9
2157,5750,CF,EST,1501,916,J,9,CF-2,2004,ULY,NA,TRUE,FALSE,NA,NA,measured,J9
2003,5750,CF,EST,1501,918,J,10,CF-2,2004,ULY,NA,TRUE,FALSE,NA,NA,measured,J10
1961,5750,CF,EST,1501,922,I,9,CF-2,2004,ULY,NA,TRUE,FALSE,NA,NA,measured,I9
2004,5750,CF,EST,1501,932,J,10,CF-2,2004,ULY,NA,TRUE,FALSE,NA,NA,measured,J10
2159,5750,CF,EST,1501,940,J,9,CF-2,2004,ULY,NA,TRUE,FALSE,NA,NA,measured,J9
2060,5750,CF,EST,1501,997,J,7,CF-2,2004,ULY,NA,TRUE,FALSE,NA,NA,measured,J7
1796,5750,CF,EST,1501,1327,H,7,CF-2,2004,ULY,NA,TRUE,FALSE,NA,NA,measured,H7
1006,5750,CF,EST,1501,1336,A,7,CF-2,2004,ULY,NA,TRUE,FALSE,NA,NA,measured,A7
1040,5750,CF,EST,1501,1404,A,8,CF-2,2004,ULY,NA,TRUE,FALSE,NA,NA,measured,A8
1560,5750,CF,EST,1501,1416,F,7,CF-2,2004,ULY,NA,TRUE,FALSE,NA,NA,measured,F7
2163,5750,CF,EST,1501,1417,J,9,CF-2,2006,ULY,NA,TRUE,FALSE,NA,NA,measured,J9
1585,5750,CF,EST,1501,2061,F,8,CF-2,2007,ULY,NA,TRUE,FALSE,NA,NA,measured,F8
1072,5750,CF,EST,1501,29,B,10,CF-2,2008,ULY,NA,TRUE,FALSE,NA,NA,measured,B10
1670,5750,CF,EST,1501,233,G,9,CF-2,2008,ULY,NA,TRUE,FALSE,NA,NA,measured,G9
1737,5750,CF,EST,1501,369,H,6,CF-2,2008,ULY,NA,TRUE,FALSE,NA,NA,measured,H6
1921,5750,CF,EST,1501,424,I,8,CF-2,2008,ULY,NA,TRUE,FALSE,NA,NA,measured,I8
1589,5750,CF,EST,1501,542,F,9,CF-2,2008,ULY,NA,TRUE,FALSE,NA,NA,measured,F9
1820,5750,CF,EST,1501,965,H,8,CF-2,2008,ULY,NA,TRUE,FALSE,NA,NA,measured,H8
1795,5750,CF,EST,1501,996,H,7,CF-2,2008,ULY,NA,TRUE,FALSE,NA,NA,measured,H7
1381,5750,CF,EST,1501,1359,D,6,CF-2,2008,ULY,NA,TRUE,FALSE,NA,NA,measured,D6
1801,5750,CF,EST,1501,2043,H,7,CF-2,2008,ULY,NA,TRUE,FALSE,NA,NA,measured,H7
1892,5750,CF,EST,1501,2070,I,6,CF-2,2008,ULY,NA,TRUE,FALSE,NA,NA,measured,I6
2164,5750,CF,EST,1501,2306,J,9,CF-2,2008,ULY,NA,TRUE,FALSE,NA,NA,measured,J9
2030,5750,CF,EST,1501,2313,J,6,CF-2,2008,ULY,NA,TRUE,FALSE,NA,NA,measured,J6
2034,5750,CF,EST,1501,2317,J,6,CF-2,2008,ULY,NA,TRUE,FALSE,NA,NA,measured,J6
2119,5750,CF,EST,1501,2341,J,8,CF-2,2009,ULY,NA,TRUE,FALSE,NA,NA,measured,J8
2521,5751,1-ha,EST,1104,216,E,5,FF-3,2000,ULY,NA,TRUE,FALSE,NA,NA,measured,E5
2469,5751,1-ha,EST,1104,237,D,9,FF-3,2000,ULY,NA,TRUE,FALSE,NA,NA,measured,D9
2433,5751,1-ha,EST,1104,261,D,6,FF-3,2000,ULY,NA,TRUE,FALSE,NA,NA,measured,D6
2536,5751,1-ha,EST,1104,267,E,6,FF-3,2000,ULY,NA,TRUE,FALSE,NA,NA,measured,E6
2498,5751,1-ha,EST,1104,241,E,10,FF-3,2002,ULY,NA,TRUE,FALSE,NA,NA,measured,E10
2534,5751,1-ha,EST,1104,254,E,6,FF-3,2002,ULY,NA,TRUE,FALSE,NA,NA,measured,E6
2452,5751,1-ha,EST,1104,289,D,7,FF-3,2002,ULY,NA,TRUE,FALSE,NA,NA,measured,D7
2381,5751,1-ha,EST,1104,338,D,1,FF-3,2002,ULY,NA,TRUE,FALSE,NA,NA,measured,D1
2399,5751,1-ha,EST,1104,247,D,3,FF-3,2004,ULY,NA,TRUE,FALSE,NA,NA,measured,D3
2257,5751,1-ha,EST,1104,282,B,7,FF-3,2004,ULY,NA,TRUE,FALSE,NA,NA,measured,B7
2194,5751,1-ha,EST,1104,286,A,7,FF-3,2004,ULY,NA,TRUE,FALSE,NA,NA,measured,A7
2277,5751,1-ha,EST,1104,428,C,1,FF-3,2006,ULY,NA,TRUE,FALSE,NA,NA,measured,C1
2383,5751,1-ha,EST,1104,429,D,1,FF-3,2006,ULY,NA,TRUE,FALSE,NA,NA,measured,D1
2546,5751,1-ha,EST,1104,93,E,7,FF-3,2008,ULY,NA,TRUE,FALSE,NA,NA,measured,E7
2480,5751,1-ha,EST,1104,137,E,1,FF-3,2008,ULY,NA,TRUE,FALSE,NA,NA,measured,E1
2369,5751,1-ha,EST,1104,191,C,9,FF-3,2008,ULY,NA,TRUE,FALSE,NA,NA,measured,C9
2433,5751,1-ha,EST,1104,261,D,6,FF-3,2008,ULY,NA,TRUE,FALSE,NA,NA,measured,D6
2503,5751,1-ha,EST,1104,331,E,2,FF-3,2008,ULY,NA,TRUE,FALSE,NA,NA,measured,E2
2555,5751,1-ha,EST,1104,340,E,7,FF-3,2008,ULY,NA,TRUE,FALSE,NA,NA,measured,E7
2286,5751,1-ha,EST,1104,396,C,2,FF-3,2008,ULY,NA,TRUE,FALSE,NA,NA,measured,C2
2988,5752,10-ha,EST,1202,411,C,5,FF-6,2000,ULY,NA,TRUE,FALSE,NA,NA,measured,C5
2794,5752,10-ha,EST,1202,431,B,4,FF-6,2000,ULY,NA,TRUE,FALSE,NA,NA,measured,B4
3171,5752,10-ha,EST,1202,432,D,5,FF-6,2000,ULY,NA,TRUE,FALSE,NA,NA,measured,D5
3149,5752,10-ha,EST,1202,441,D,4,FF-6,2000,ULY,NA,TRUE,FALSE,NA,NA,measured,D4
3102,5752,10-ha,EST,1202,445,D,1,FF-6,2000,ULY,NA,TRUE,FALSE,NA,NA,measured,D1
3117,5752,10-ha,EST,1202,457,D,10,FF-6,2000,ULY,NA,TRUE,FALSE,NA,NA,measured,D10
3118,5752,10-ha,EST,1202,462,D,10,FF-6,2000,ULY,NA,TRUE,FALSE,NA,NA,measured,D10
2726,5752,10-ha,EST,1202,466,A,9,FF-6,2000,ULY,NA,TRUE,FALSE,NA,NA,measured,A9
3085,5752,10-ha,EST,1202,468,C,9,FF-6,2000,ULY,NA,TRUE,FALSE,NA,NA,measured,C9
2727,5752,10-ha,EST,1202,470,A,9,FF-6,2000,ULY,NA,TRUE,FALSE,NA,NA,measured,A9
3398,5752,10-ha,EST,1202,475,E,9,FF-6,2000,ULY,NA,TRUE,FALSE,NA,NA,measured,E9
2728,5752,10-ha,EST,1202,476,A,9,FF-6,2000,ULY,NA,TRUE,FALSE,NA,NA,measured,A9
3346,5752,10-ha,EST,1202,477,E,5,FF-6,2000,ULY,NA,TRUE,FALSE,NA,NA,measured,E5
2923,5752,10-ha,EST,1202,486,C,10,FF-6,2000,ULY,NA,TRUE,FALSE,NA,NA,measured,C10
2888,5752,10-ha,EST,1202,494,B,9,FF-6,2000,ULY,NA,TRUE,FALSE,NA,NA,measured,B9
3087,5752,10-ha,EST,1202,497,C,9,FF-6,2000,ULY,NA,TRUE,FALSE,NA,NA,measured,C9
3120,5752,10-ha,EST,1202,498,D,10,FF-6,2000,ULY,NA,TRUE,FALSE,NA,NA,measured,D10
2866,5752,10-ha,EST,1202,501,B,8,FF-6,2000,ULY,NA,TRUE,FALSE,NA,NA,measured,B8
2867,5752,10-ha,EST,1202,502,B,8,FF-6,2000,ULY,NA,TRUE,FALSE,NA,NA,measured,B8
2869,5752,10-ha,EST,1202,509,B,8,FF-6,2000,ULY,NA,TRUE,FALSE,NA,NA,measured,B8
2870,5752,10-ha,EST,1202,510,B,8,FF-6,2000,ULY,NA,TRUE,FALSE,NA,NA,measured,B8
3121,5752,10-ha,EST,1202,542,D,10,FF-6,2001,ULY,NA,TRUE,FALSE,NA,NA,measured,D10
2708,5752,10-ha,EST,1202,558,A,8,FF-6,2002,ULY,NA,TRUE,FALSE,NA,NA,measured,A8
3089,5752,10-ha,EST,1202,575,C,9,FF-6,2002,ULY,NA,TRUE,FALSE,NA,NA,measured,C9
2583,5752,10-ha,EST,1202,577,A,1,FF-6,2002,ULY,NA,TRUE,FALSE,NA,NA,measured,A1
2852,5752,10-ha,EST,1202,582,B,6,FF-6,2002,ULY,NA,TRUE,FALSE,NA,NA,measured,B6
3030,5752,10-ha,EST,1202,587,C,7,FF-6,2002,ULY,NA,TRUE,FALSE,NA,NA,measured,C7
2625,5752,10-ha,EST,1202,601,A,4,FF-6,2002,ULY,NA,TRUE,FALSE,NA,NA,measured,A4
2626,5752,10-ha,EST,1202,603,A,4,FF-6,2002,ULY,NA,TRUE,FALSE,NA,NA,measured,A4
2776,5752,10-ha,EST,1202,604,B,3,FF-6,2002,ULY,NA,TRUE,FALSE,NA,NA,measured,B3
2801,5752,10-ha,EST,1202,606,B,4,FF-6,2002,ULY,NA,TRUE,FALSE,NA,NA,measured,B4
2692,5752,10-ha,EST,1202,609,A,7,FF-6,2002,ULY,NA,TRUE,FALSE,NA,NA,measured,A7
2629,5752,10-ha,EST,1202,615,A,4,FF-6,2002,ULY,NA,TRUE,FALSE,NA,NA,measured,A4
2711,5752,10-ha,EST,1202,616,A,8,FF-6,2002,ULY,NA,TRUE,FALSE,NA,NA,measured,A8
3351,5752,10-ha,EST,1202,625,E,5,FF-6,2002,ULY,NA,TRUE,FALSE,NA,NA,measured,E5
2777,5752,10-ha,EST,1202,628,B,3,FF-6,2002,ULY,NA,TRUE,FALSE,NA,NA,measured,B3
3032,5752,10-ha,EST,1202,638,C,7,FF-6,2002,ULY,NA,TRUE,FALSE,NA,NA,measured,C7
2779,5752,10-ha,EST,1202,641,B,3,FF-6,2002,ULY,NA,TRUE,FALSE,NA,NA,measured,B3
3091,5752,10-ha,EST,1202,647,C,9,FF-6,2002,ULY,NA,TRUE,FALSE,NA,NA,measured,C9
2758,5752,10-ha,EST,1202,650,B,2,FF-6,2002,ULY,NA,TRUE,FALSE,NA,NA,measured,B2
2902,5752,10-ha,EST,1202,579,C,1,FF-6,2004,ULY,NA,TRUE,FALSE,NA,NA,measured,C1
2963,5752,10-ha,EST,1202,674,C,4,FF-6,2004,ULY,NA,TRUE,FALSE,NA,NA,measured,C4
2837,5752,10-ha,EST,1202,706,B,5,FF-6,2004,ULY,NA,TRUE,FALSE,NA,NA,measured,B5
2894,5752,10-ha,EST,1202,771,B,9,FF-6,2006,ULY,NA,TRUE,FALSE,NA,NA,measured,B9
2675,5752,10-ha,EST,1202,777,A,6,FF-6,2006,ULY,NA,TRUE,FALSE,NA,NA,measured,A6
3007,5752,10-ha,EST,1202,801,C,5,FF-6,2006,ULY,NA,TRUE,FALSE,NA,NA,measured,C5
3321,5752,10-ha,EST,1202,805,E,2,FF-6,2006,ULY,NA,TRUE,FALSE,NA,NA,measured,E2
3109,5752,10-ha,EST,1202,807,D,1,FF-6,2006,ULY,NA,TRUE,FALSE,NA,NA,measured,D1
3110,5752,10-ha,EST,1202,808,D,1,FF-6,2006,ULY,NA,TRUE,FALSE,NA,NA,measured,D1
2840,5752,10-ha,EST,1202,816,B,5,FF-6,2006,ULY,NA,TRUE,FALSE,NA,NA,measured,B5
2841,5752,10-ha,EST,1202,818,B,5,FF-6,2006,ULY,NA,TRUE,FALSE,NA,NA,measured,B5
2682,5752,10-ha,EST,1202,830,A,6,FF-6,2006,ULY,NA,TRUE,FALSE,NA,NA,measured,A6
2967,5752,10-ha,EST,1202,846,C,4,FF-6,2006,ULY,NA,TRUE,FALSE,NA,NA,measured,C4
3322,5752,10-ha,EST,1202,847,E,2,FF-6,2006,ULY,NA,TRUE,FALSE,NA,NA,measured,E2
3284,5752,10-ha,EST,1202,848,E,1,FF-6,2006,ULY,NA,TRUE,FALSE,NA,NA,measured,E1
3706,5753,1-ha,PAL,3114,253,E,3,FF-4,2000,ULY,NA,TRUE,FALSE,NA,NA,measured,E3
3557,5753,1-ha,PAL,3114,265,C,2,FF-4,2000,ULY,NA,TRUE,FALSE,NA,NA,measured,C2
3448,5753,1-ha,PAL,3114,268,A,8,FF-4,2000,ULY,NA,TRUE,FALSE,NA,NA,measured,A8
3563,5753,1-ha,PAL,3114,272,C,3,FF-4,2000,ULY,NA,TRUE,FALSE,NA,NA,measured,C3
3544,5753,1-ha,PAL,3114,295,C,1,FF-4,2000,ULY,NA,TRUE,FALSE,NA,NA,measured,C1
3449,5753,1-ha,PAL,3114,304,A,8,FF-4,2000,ULY,NA,TRUE,FALSE,NA,NA,measured,A8
3558,5753,1-ha,PAL,3114,305,C,2,FF-4,2000,ULY,NA,TRUE,FALSE,NA,NA,measured,C2
3569,5753,1-ha,PAL,3114,306,C,4,FF-4,2000,ULY,NA,TRUE,FALSE,NA,NA,measured,C4
3595,5753,1-ha,PAL,3114,324,C,7,FF-4,2001,ULY,NA,TRUE,FALSE,NA,NA,measured,C7
3529,5753,1-ha,PAL,3114,313,B,8,FF-4,2002,ULY,NA,TRUE,FALSE,NA,NA,measured,B8
3564,5753,1-ha,PAL,3114,315,C,3,FF-4,2002,ULY,NA,TRUE,FALSE,NA,NA,measured,C3
3559,5753,1-ha,PAL,3114,318,C,2,FF-4,2002,ULY,NA,TRUE,FALSE,NA,NA,measured,C2
3560,5753,1-ha,PAL,3114,337,C,2,FF-4,2002,ULY,NA,TRUE,FALSE,NA,NA,measured,C2
3460,5753,1-ha,PAL,3114,273,A,9,FF-4,2003,ULY,NA,TRUE,FALSE,NA,NA,measured,A9
3566,5753,1-ha,PAL,3114,358,C,3,FF-4,2004,ULY,NA,TRUE,FALSE,NA,NA,measured,C3
3622,5753,1-ha,PAL,3114,362,D,3,FF-4,2004,ULY,NA,TRUE,FALSE,NA,NA,measured,D3
3686,5753,1-ha,PAL,3114,363,E,10,FF-4,2004,ULY,NA,TRUE,FALSE,NA,NA,measured,E10
3492,5753,1-ha,PAL,3114,402,B,3,FF-4,2006,ULY,NA,TRUE,FALSE,NA,NA,measured,B3
3414,5753,1-ha,PAL,3114,411,A,10,FF-4,2006,ULY,NA,TRUE,FALSE,NA,NA,measured,A10
3586,5753,1-ha,PAL,3114,389,C,6,FF-4,2008,ULY,NA,TRUE,FALSE,NA,NA,measured,C6
3628,5753,1-ha,PAL,3114,469,D,4,FF-4,2009,ULY,NA,TRUE,FALSE,NA,NA,measured,D4
3842,5754,10-ha,PortoAlegre,3209,601,A,3,FF-7,2000,ULY,NA,TRUE,FALSE,NA,NA,measured,A3
4030,5754,10-ha,PortoAlegre,3209,603,B,1,FF-7,2000,ULY,NA,TRUE,FALSE,NA,NA,measured,B1
4153,5754,10-ha,PortoAlegre,3209,604,B,5,FF-7,2000,ULY,NA,TRUE,FALSE,NA,NA,measured,B5
4120,5754,10-ha,PortoAlegre,3209,636,B,4,FF-7,2000,ULY,NA,TRUE,FALSE,NA,NA,measured,B4
4040,5754,10-ha,PortoAlegre,3209,639,B,10,FF-7,2000,ULY,NA,TRUE,FALSE,NA,NA,measured,B10
3821,5754,10-ha,PortoAlegre,3209,648,A,10,FF-7,2000,ULY,NA,TRUE,FALSE,NA,NA,measured,A10
4031,5754,10-ha,PortoAlegre,3209,656,B,1,FF-7,2000,ULY,NA,TRUE,FALSE,NA,NA,measured,B1
4237,5754,10-ha,PortoAlegre,3209,661,B,8,FF-7,2000,ULY,NA,TRUE,FALSE,NA,NA,measured,B8
4543,5754,10-ha,PortoAlegre,3209,691,D,8,FF-7,2000,ULY,NA,TRUE,FALSE,NA,NA,measured,D8
4627,5754,10-ha,PortoAlegre,3209,903,E,3,FF-7,2000,ULY,NA,TRUE,FALSE,NA,NA,measured,E3
4436,5754,10-ha,PortoAlegre,3209,929,C,9,FF-7,2000,ULY,NA,TRUE,FALSE,NA,NA,measured,C9
4793,5754,10-ha,PortoAlegre,3209,935,E,9,FF-7,2000,ULY,NA,TRUE,FALSE,NA,NA,measured,E9
4712,5754,10-ha,PortoAlegre,3209,939,E,6,FF-7,2000,ULY,NA,TRUE,FALSE,NA,NA,measured,E6
4395,5754,10-ha,PortoAlegre,3209,703,C,8,FF-7,2002,ULY,NA,TRUE,FALSE,NA,NA,measured,C8
4357,5754,10-ha,PortoAlegre,3209,709,C,6,FF-7,2002,ULY,NA,TRUE,FALSE,NA,NA,measured,C6
4396,5754,10-ha,PortoAlegre,3209,710,C,8,FF-7,2002,ULY,NA,TRUE,FALSE,NA,NA,measured,C8
4397,5754,10-ha,PortoAlegre,3209,712,C,8,FF-7,2002,ULY,NA,TRUE,FALSE,NA,NA,measured,C8
4751,5754,10-ha,PortoAlegre,3209,713,E,8,FF-7,2002,ULY,NA,TRUE,FALSE,NA,NA,measured,E8
4546,5754,10-ha,PortoAlegre,3209,773,D,8,FF-7,2002,ULY,NA,TRUE,FALSE,NA,NA,measured,D8
4297,5754,10-ha,PortoAlegre,3209,779,C,2,FF-7,2002,ULY,NA,TRUE,FALSE,NA,NA,measured,C2
4374,5754,10-ha,PortoAlegre,3209,780,C,8,FF-7,2002,ULY,NA,TRUE,FALSE,NA,NA,measured,C8
4309,5754,10-ha,PortoAlegre,3209,781,C,3,FF-7,2002,ULY,NA,TRUE,FALSE,NA,NA,measured,C3
4310,5754,10-ha,PortoAlegre,3209,783,C,3,FF-7,2002,ULY,NA,TRUE,FALSE,NA,NA,measured,C3
4341,5754,10-ha,PortoAlegre,3209,788,C,5,FF-7,2002,ULY,NA,TRUE,FALSE,NA,NA,measured,C5
4785,5754,10-ha,PortoAlegre,3209,789,E,9,FF-7,2002,ULY,NA,TRUE,FALSE,NA,NA,measured,E9
4375,5754,10-ha,PortoAlegre,3209,791,C,7,FF-7,2002,ULY,NA,TRUE,FALSE,NA,NA,measured,C7
4453,5754,10-ha,PortoAlegre,3209,792,D,10,FF-7,2002,ULY,NA,TRUE,FALSE,NA,NA,measured,D10
4326,5754,10-ha,PortoAlegre,3209,793,C,4,FF-7,2002,ULY,NA,TRUE,FALSE,NA,NA,measured,C4
4503,5754,10-ha,PortoAlegre,3209,796,D,5,FF-7,2002,ULY,NA,TRUE,FALSE,NA,NA,measured,D5
4645,5754,10-ha,PortoAlegre,3209,799,E,4,FF-7,2002,ULY,NA,TRUE,FALSE,NA,NA,measured,E4
3909,5754,10-ha,PortoAlegre,3209,951,A,6,FF-7,2002,ULY,NA,TRUE,FALSE,NA,NA,measured,A6
3934,5754,10-ha,PortoAlegre,3209,952,A,7,FF-7,2002,ULY,NA,TRUE,FALSE,NA,NA,measured,A7
3868,5754,10-ha,PortoAlegre,3209,953,A,4,FF-7,2002,ULY,NA,TRUE,FALSE,NA,NA,measured,A4
3910,5754,10-ha,PortoAlegre,3209,959,A,6,FF-7,2002,ULY,NA,TRUE,FALSE,NA,NA,measured,A6
4218,5754,10-ha,PortoAlegre,3209,960,B,7,FF-7,2002,ULY,NA,TRUE,FALSE,NA,NA,measured,B7
3942,5754,10-ha,PortoAlegre,3209,965,A,7,FF-7,2002,ULY,NA,TRUE,FALSE,NA,NA,measured,A7
4220,5754,10-ha,PortoAlegre,3209,969,B,7,FF-7,2002,ULY,NA,TRUE,FALSE,NA,NA,measured,B7
3899,5754,10-ha,PortoAlegre,3209,977,A,5,FF-7,2002,ULY,NA,TRUE,FALSE,NA,NA,measured,A5
3946,5754,10-ha,PortoAlegre,3209,981,A,7,FF-7,2002,ULY,NA,TRUE,FALSE,NA,NA,measured,A7
4410,5754,10-ha,PortoAlegre,3209,1000,C,8,FF-7,2002,ULY,NA,TRUE,FALSE,NA,NA,measured,C8
4736,5754,10-ha,PortoAlegre,3209,1327,E,7,FF-7,2002,ULY,NA,TRUE,FALSE,NA,NA,measured,E7
4438,5754,10-ha,PortoAlegre,3209,1328,C,9,FF-7,2002,ULY,NA,TRUE,FALSE,NA,NA,measured,C9
4737,5754,10-ha,PortoAlegre,3209,1335,E,7,FF-7,2002,ULY,NA,TRUE,FALSE,NA,NA,measured,E7
4102,5754,10-ha,PortoAlegre,3209,1337,B,3,FF-7,2002,ULY,NA,TRUE,FALSE,NA,NA,measured,B3
4071,5754,10-ha,PortoAlegre,3209,1342,B,2,FF-7,2002,ULY,NA,TRUE,FALSE,NA,NA,measured,B2
4306,5754,10-ha,PortoAlegre,3209,608,C,3,FF-7,2003,ULY,NA,TRUE,FALSE,NA,NA,measured,C3
4544,5754,10-ha,PortoAlegre,3209,696,D,8,FF-7,2003,ULY,NA,TRUE,FALSE,NA,NA,measured,D8
3961,5754,10-ha,PortoAlegre,3209,807,A,8,FF-7,2003,ULY,NA,TRUE,FALSE,NA,NA,measured,A8
3906,5754,10-ha,PortoAlegre,3209,809,A,6,FF-7,2003,ULY,NA,TRUE,FALSE,NA,NA,measured,A6
3891,5754,10-ha,PortoAlegre,3209,813,A,5,FF-7,2003,ULY,duplicate tag number,TRUE,FALSE,NA,NA,measured,A5
4311,5754,10-ha,PortoAlegre,3209,815,C,3,FF-7,2003,ULY,NA,TRUE,FALSE,NA,NA,measured,C3
4312,5754,10-ha,PortoAlegre,3209,816,C,3,FF-7,2003,ULY,duplicate tag number,TRUE,FALSE,NA,NA,measured,C3
4210,5754,10-ha,PortoAlegre,3209,818,B,7,FF-7,2003,ULY,NA,TRUE,FALSE,NA,NA,measured,B7
4211,5754,10-ha,PortoAlegre,3209,819,B,7,FF-7,2003,ULY,duplicate tag number,TRUE,FALSE,NA,NA,measured,B7
4212,5754,10-ha,PortoAlegre,3209,820,B,7,FF-7,2003,ULY,NA,TRUE,FALSE,NA,NA,measured,B7
4215,5754,10-ha,PortoAlegre,3209,825,B,7,FF-7,2003,ULY,NA,TRUE,FALSE,NA,NA,measured,B7
4041,5754,10-ha,PortoAlegre,3209,828,B,10,FF-7,2003,ULY,duplicate tag number,TRUE,FALSE,NA,NA,measured,B10
4378,5754,10-ha,PortoAlegre,3209,829,C,7,FF-7,2003,ULY,duplicate tag number,TRUE,FALSE,NA,NA,measured,C7
3897,5754,10-ha,PortoAlegre,3209,895,A,5,FF-7,2003,ULY,NA,TRUE,FALSE,NA,NA,measured,A5
3931,5754,10-ha,PortoAlegre,3209,898,A,7,FF-7,2003,ULY,NA,TRUE,FALSE,NA,NA,measured,A7
4783,5754,10-ha,PortoAlegre,3209,730,E,9,FF-7,2004,ULY,NA,TRUE,FALSE,NA,NA,measured,E9
4007,5754,10-ha,PortoAlegre,3209,850,A,9,FF-7,2004,ULY,NA,TRUE,FALSE,NA,NA,measured,A9
3866,5754,10-ha,PortoAlegre,3209,855,A,4,FF-7,2004,ULY,NA,TRUE,FALSE,NA,NA,measured,A4
3908,5754,10-ha,PortoAlegre,3209,857,A,6,FF-7,2004,ULY,NA,TRUE,FALSE,NA,NA,measured,A6
3966,5754,10-ha,PortoAlegre,3209,858,A,8,FF-7,2004,ULY,duplicate tag number,TRUE,FALSE,NA,NA,measured,A8
3968,5754,10-ha,PortoAlegre,3209,860,A,8,FF-7,2004,ULY,duplicate tag number,TRUE,FALSE,NA,NA,measured,A8
4006,5754,10-ha,PortoAlegre,3209,813,A,9,FF-7,2006,ULY,duplicate tag number,TRUE,FALSE,NA,NA,measured,A9
5430,5756,CF,EST,1501,360,C,1,CF-3,2000,ULY,NA,TRUE,FALSE,NA,NA,measured,C1
5204,5756,CF,EST,1501,546,B,2,CF-3,2000,ULY,NA,TRUE,FALSE,NA,NA,measured,B2
4925,5756,CF,EST,1501,593,A,3,CF-3,2000,ULY,NA,TRUE,FALSE,NA,NA,measured,A3
5327,5756,CF,EST,1501,770,B,6,CF-3,2000,ULY,NA,TRUE,FALSE,NA,NA,measured,B6
5765,5756,CF,EST,1501,791,D,5,CF-3,2000,ULY,NA,TRUE,FALSE,NA,NA,measured,D5
6046,5756,CF,EST,1501,805,E,6,CF-3,2000,ULY,NA,TRUE,FALSE,NA,NA,measured,E6
5746,5756,CF,EST,1501,807,D,4,CF-3,2000,ULY,NA,TRUE,FALSE,NA,NA,measured,D4
4991,5756,CF,EST,1501,831,A,4,CF-3,2000,ULY,NA,TRUE,FALSE,NA,NA,measured,A4
5279,5756,CF,EST,1501,834,B,4,CF-3,2000,ULY,NA,TRUE,FALSE,NA,NA,measured,B4
5039,5756,CF,EST,1501,837,A,5,CF-3,2000,ULY,NA,TRUE,FALSE,NA,NA,measured,A5
5103,5756,CF,EST,1501,846,A,7,CF-3,2000,ULY,NA,TRUE,FALSE,NA,NA,measured,A7
5371,5756,CF,EST,1501,850,B,7,CF-3,2000,ULY,NA,TRUE,FALSE,NA,NA,measured,B7
5372,5756,CF,EST,1501,857,B,7,CF-3,2000,ULY,NA,TRUE,FALSE,NA,NA,measured,B7
5374,5756,CF,EST,1501,872,B,7,CF-3,2000,ULY,NA,TRUE,FALSE,NA,NA,measured,B7
5405,5756,CF,EST,1501,888,B,8,CF-3,2002,ULY,NA,TRUE,FALSE,NA,NA,measured,B8
5856,5756,CF,EST,1501,965,D,8,CF-3,2002,ULY,NA,TRUE,FALSE,NA,NA,measured,D8
5141,5756,CF,EST,1501,968,A,8,CF-3,2002,ULY,NA,TRUE,FALSE,NA,NA,measured,A8
5379,5756,CF,EST,1501,976,B,7,CF-3,2002,ULY,NA,TRUE,FALSE,NA,NA,measured,B7
5045,5756,CF,EST,1501,981,A,5,CF-3,2002,ULY,NA,TRUE,FALSE,NA,NA,measured,A5
6089,5756,CF,EST,1501,994,E,7,CF-3,2002,ULY,NA,TRUE,FALSE,NA,NA,measured,E7
5341,5756,CF,EST,1501,995,B,6,CF-3,2002,ULY,NA,TRUE,FALSE,NA,NA,measured,B6
5380,5756,CF,EST,1501,997,B,7,CF-3,2002,ULY,NA,TRUE,FALSE,NA,NA,measured,B7
5818,5756,CF,EST,1501,1000,D,7,CF-3,2002,ULY,NA,TRUE,FALSE,NA,NA,measured,D7
6114,5756,CF,EST,1501,1202,E,8,CF-3,2002,ULY,NA,TRUE,FALSE,NA,NA,measured,E8
5081,5756,CF,EST,1501,1215,A,6,CF-3,2002,ULY,NA,TRUE,FALSE,NA,NA,measured,A6
5343,5756,CF,EST,1501,1220,B,6,CF-3,2002,ULY,NA,TRUE,FALSE,NA,NA,measured,B6
5963,5756,CF,EST,1501,1221,E,2,CF-3,2002,ULY,NA,TRUE,FALSE,NA,NA,measured,E2
5964,5756,CF,EST,1501,1222,E,2,CF-3,2002,ULY,NA,TRUE,FALSE,NA,NA,measured,E2
5448,5756,CF,EST,1501,1246,C,1,CF-3,2002,ULY,NA,TRUE,FALSE,NA,NA,measured,C1
6134,5756,CF,EST,1501,1256,E,9,CF-3,2003,ULY,NA,TRUE,FALSE,NA,NA,measured,E9
6115,5756,CF,EST,1501,1257,E,8,CF-3,2003,ULY,NA,TRUE,FALSE,NA,NA,measured,E8
5145,5756,CF,EST,1501,1261,A,8,CF-3,2003,ULY,NA,TRUE,FALSE,NA,NA,measured,A8
5146,5756,CF,EST,1501,1262,A,8,CF-3,2003,ULY,NA,TRUE,FALSE,NA,NA,measured,A8
5147,5756,CF,EST,1501,1263,A,8,CF-3,2003,ULY,NA,TRUE,FALSE,NA,NA,measured,A8
5112,5756,CF,EST,1501,1264,A,7,CF-3,2003,ULY,NA,TRUE,FALSE,NA,NA,measured,A7
5385,5756,CF,EST,1501,1265,B,7,CF-3,2003,ULY,NA,TRUE,FALSE,NA,NA,measured,B7
5386,5756,CF,EST,1501,1266,B,7,CF-3,2003,ULY,NA,TRUE,FALSE,NA,NA,measured,B7
5211,5756,CF,EST,1501,1276,B,2,CF-3,2003,ULY,NA,TRUE,FALSE,NA,NA,measured,B2
5568,5756,CF,EST,1501,1282,C,7,CF-3,2004,ULY,NA,TRUE,FALSE,NA,NA,measured,C7
5599,5756,CF,EST,1501,1285,C,8,CF-3,2004,ULY,NA,TRUE,FALSE,NA,NA,measured,C8
5684,5756,CF,EST,1501,1608,D,10,CF-3,2004,ULY,NA,TRUE,FALSE,NA,NA,measured,D10
5346,5756,CF,EST,1501,1617,B,6,CF-3,2004,ULY,NA,TRUE,FALSE,NA,NA,measured,B6
5967,5756,CF,EST,1501,1686,E,2,CF-3,2004,ULY,NA,TRUE,FALSE,NA,NA,measured,E2
5413,5756,CF,EST,1501,1655,B,8,CF-3,2006,ULY,NA,TRUE,FALSE,NA,NA,measured,B8
5605,5756,CF,EST,1501,116,C,9,CF-3,2008,ULY,NA,TRUE,FALSE,NA,NA,measured,C9
5428,5756,CF,EST,1501,198,C,1,CF-3,2008,ULY,NA,TRUE,FALSE,NA,NA,measured,C1
5055,5756,CF,EST,1501,265,A,6,CF-3,2008,ULY,NA,TRUE,FALSE,NA,NA,measured,A6
5608,5756,CF,EST,1501,447,C,9,CF-3,2008,ULY,NA,TRUE,FALSE,NA,NA,measured,C9
5555,5756,CF,EST,1501,451,C,7,CF-3,2008,ULY,NA,TRUE,FALSE,NA,NA,measured,C7
5981,5756,CF,EST,1501,597,E,3,CF-3,2008,ULY,NA,TRUE,FALSE,NA,NA,measured,E3
5372,5756,CF,EST,1501,857,B,7,CF-3,2008,ULY,NA,TRUE,FALSE,NA,NA,measured,B7
5147,5756,CF,EST,1501,1263,A,8,CF-3,2008,ULY,NA,TRUE,FALSE,NA,NA,measured,A8
5349,5756,CF,EST,1501,1696,B,6,CF-3,2008,ULY,NA,TRUE,FALSE,NA,NA,measured,B6
5718,5756,CF,EST,1501,1721,D,2,CF-3,2008,ULY,NA,TRUE,FALSE,NA,NA,measured,D2
4902,5756,CF,EST,1501,1732,A,2,CF-3,2008,ULY,NA,TRUE,FALSE,NA,NA,measured,A2
5824,5756,CF,EST,1501,1777,D,7,CF-3,2008,ULY,NA,TRUE,FALSE,NA,NA,measured,D7
5623,5756,CF,EST,1501,1779,C,9,CF-3,2008,ULY,NA,TRUE,FALSE,NA,NA,measured,C9
5053,5756,CF,EST,1501,1789,A,5,CF-3,2008,ULY,NA,TRUE,FALSE,NA,NA,measured,A5
5879,5756,CF,EST,1501,816,D,9,CF-3,2009,ULY,duplicate tag number,TRUE,FALSE,NA,NA,measured,D9
6194,CaboFrio-CF,CF,PAL,3402,245,A,5,CF-6,2001,ULY,NA,TRUE,FALSE,NA,NA,measured,A5
6397,CaboFrio-CF,CF,PAL,3402,208,C,7,CF-6,2002,ULY,NA,TRUE,FALSE,NA,NA,measured,C7
6164,CaboFrio-CF,CF,PAL,3402,212,A,10,CF-6,2002,ULY,NA,TRUE,FALSE,NA,NA,measured,A10
6229,CaboFrio-CF,CF,PAL,3402,216,A,9,CF-6,2002,ULY,NA,TRUE,FALSE,NA,NA,measured,A9
6165,CaboFrio-CF,CF,PAL,3402,217,A,10,CF-6,2002,ULY,NA,TRUE,FALSE,NA,NA,measured,A10
6398,CaboFrio-CF,CF,PAL,3402,227,C,7,CF-6,2002,ULY,NA,TRUE,FALSE,NA,NA,measured,C7
6303,CaboFrio-CF,CF,PAL,3402,230,B,7,CF-6,2002,ULY,NA,TRUE,FALSE,NA,NA,measured,B7
6238,CaboFrio-CF,CF,PAL,3402,235,B,1,CF-6,2002,ULY,NA,TRUE,FALSE,NA,NA,measured,B1
6193,CaboFrio-CF,CF,PAL,3402,241,A,5,CF-6,2002,ULY,NA,TRUE,FALSE,NA,NA,measured,A5
6224,CaboFrio-CF,CF,PAL,3402,242,A,8,CF-6,2002,ULY,NA,TRUE,FALSE,NA,NA,measured,A8
6436,CaboFrio-CF,CF,PAL,3402,248,D,2,CF-6,2002,ULY,NA,TRUE,FALSE,NA,NA,measured,D2
6168,CaboFrio-CF,CF,PAL,3402,257,A,10,CF-6,2002,ULY,NA,TRUE,FALSE,NA,NA,measured,A10
6524,CaboFrio-CF,CF,PAL,3402,259,E,2,CF-6,2002,ULY,NA,TRUE,FALSE,NA,NA,measured,E2
6230,CaboFrio-CF,CF,PAL,3402,262,A,9,CF-6,2002,ULY,NA,TRUE,FALSE,NA,NA,measured,A9
6421,CaboFrio-CF,CF,PAL,3402,265,D,1,CF-6,2002,ULY,NA,TRUE,FALSE,NA,NA,measured,D1
6400,CaboFrio-CF,CF,PAL,3402,266,C,7,CF-6,2002,ULY,NA,TRUE,FALSE,NA,NA,measured,C7
6412,CaboFrio-CF,CF,PAL,3402,269,C,8,CF-6,2002,ULY,NA,TRUE,FALSE,NA,NA,measured,C8
6413,CaboFrio-CF,CF,PAL,3402,277,C,8,CF-6,2002,ULY,NA,TRUE,FALSE,NA,NA,measured,C8
6262,CaboFrio-CF,CF,PAL,3402,278,B,10,CF-6,2002,ULY,NA,TRUE,FALSE,NA,NA,measured,B10
6401,CaboFrio-CF,CF,PAL,3402,280,C,7,CF-6,2002,ULY,NA,TRUE,FALSE,NA,NA,measured,C7
6471,CaboFrio-CF,CF,PAL,3402,282,D,6,CF-6,2002,ULY,NA,TRUE,FALSE,NA,NA,measured,D6
6196,CaboFrio-CF,CF,PAL,3402,290,A,5,CF-6,2002,ULY,NA,TRUE,FALSE,NA,NA,measured,A5
6323,CaboFrio-CF,CF,PAL,3402,337,B,8,CF-6,2002,ULY,NA,TRUE,FALSE,NA,NA,measured,B8
6528,CaboFrio-CF,CF,PAL,3402,2116,E,2,CF-6,2007,ULY,NA,TRUE,FALSE,NA,NA,measured,E2
6474,CaboFrio-CF,CF,PAL,3402,378,D,6,CF-6,2008,ULY,NA,TRUE,FALSE,NA,NA,measured,D6
6635,Dimona-CF,CF,DIM,none,147,C,4,CF-4,2001,ULY,NA,TRUE,FALSE,NA,NA,measured,C4
6597,Dimona-CF,CF,DIM,none,151,A,8,CF-4,2001,ULY,NA,TRUE,FALSE,NA,NA,measured,A8
6613,Dimona-CF,CF,DIM,none,152,B,4,CF-4,2001,ULY,NA,TRUE,FALSE,NA,NA,measured,B4
6704,Dimona-CF,CF,DIM,none,149,D,6,CF-4,2002,ULY,NA,TRUE,FALSE,NA,NA,measured,D6
6743,Dimona-CF,CF,DIM,none,168,E,3,CF-4,2002,ULY,NA,TRUE,FALSE,NA,NA,measured,E3
6647,Dimona-CF,CF,DIM,none,166,C,5,CF-4,2006,ULY,NA,TRUE,FALSE,NA,NA,measured,C5
6772,Dimona-CF,CF,DIM,none,89,E,8,CF-4,2008,ULY,NA,TRUE,FALSE,NA,NA,measured,E8
7557,Florestal-CF,CF,EST,1301,699,C,2,CF-1,2000,ULY,NA,TRUE,FALSE,NA,NA,measured,C2
7436,Florestal-CF,CF,EST,1301,735,B,6,CF-1,2000,ULY,NA,TRUE,FALSE,NA,NA,measured,B6
7329,Florestal-CF,CF,EST,1301,749,B,4,CF-1,2000,ULY,NA,TRUE,FALSE,NA,NA,measured,B4
6790,Florestal-CF,CF,EST,1301,761,A,1,CF-1,2000,ULY,NA,TRUE,FALSE,NA,NA,measured,A1
7150,Florestal-CF,CF,EST,1301,801,A,8,CF-1,2000,ULY,NA,TRUE,FALSE,NA,NA,measured,A8
7121,Florestal-CF,CF,EST,1301,814,A,7,CF-1,2000,ULY,NA,TRUE,FALSE,NA,NA,measured,A7
7195,Florestal-CF,CF,EST,1301,827,B,1,CF-1,2000,ULY,NA,TRUE,FALSE,NA,NA,measured,B1
7609,Florestal-CF,CF,EST,1301,833,C,4,CF-1,2000,ULY,NA,TRUE,FALSE,NA,NA,measured,C4
7438,Florestal-CF,CF,EST,1301,838,B,6,CF-1,2000,ULY,NA,TRUE,FALSE,NA,NA,measured,B6
7439,Florestal-CF,CF,EST,1301,839,B,6,CF-1,2000,ULY,NA,TRUE,FALSE,NA,NA,measured,B6
8306,Florestal-CF,CF,EST,1301,845,E,7,CF-1,2000,ULY,NA,TRUE,FALSE,NA,NA,measured,E7
7441,Florestal-CF,CF,EST,1301,846,B,6,CF-1,2000,ULY,NA,TRUE,FALSE,NA,NA,measured,B6
7442,Florestal-CF,CF,EST,1301,848,B,6,CF-1,2000,ULY,NA,TRUE,FALSE,NA,NA,measured,B6
8307,Florestal-CF,CF,EST,1301,849,E,7,CF-1,2000,ULY,NA,TRUE,FALSE,NA,NA,measured,E7
7381,Florestal-CF,CF,EST,1301,856,B,5,CF-1,2000,ULY,NA,TRUE,FALSE,NA,NA,measured,B5
8101,Florestal-CF,CF,EST,1301,887,E,2,CF-1,2000,ULY,NA,TRUE,FALSE,NA,NA,measured,E2
7637,Florestal-CF,CF,EST,1301,888,C,5,CF-1,2000,ULY,NA,TRUE,FALSE,NA,NA,measured,C5
8103,Florestal-CF,CF,EST,1301,913,E,2,CF-1,2000,ULY,NA,TRUE,FALSE,NA,NA,measured,E2
7639,Florestal-CF,CF,EST,1301,914,C,5,CF-1,2000,ULY,NA,TRUE,FALSE,NA,NA,measured,C5
7640,Florestal-CF,CF,EST,1301,917,C,5,CF-1,2000,ULY,NA,TRUE,FALSE,NA,NA,measured,C5
7574,Florestal-CF,CF,EST,1301,919,C,3,CF-1,2000,ULY,NA,TRUE,FALSE,NA,NA,measured,C3
8174,Florestal-CF,CF,EST,1301,926,E,3,CF-1,2000,ULY,NA,TRUE,FALSE,NA,NA,measured,E3
6819,Florestal-CF,CF,EST,1301,896,A,1,CF-1,2001,ULY,NA,TRUE,FALSE,NA,NA,measured,A1
7002,Florestal-CF,CF,EST,1301,906,A,4,CF-1,2001,ULY,NA,TRUE,FALSE,NA,NA,measured,A4
6883,Florestal-CF,CF,EST,1301,939,A,2,CF-1,2001,ULY,NA,TRUE,FALSE,NA,NA,measured,A2
7004,Florestal-CF,CF,EST,1301,943,A,4,CF-1,2001,ULY,NA,TRUE,FALSE,NA,NA,measured,A4
6885,Florestal-CF,CF,EST,1301,946,A,2,CF-1,2001,ULY,NA,TRUE,FALSE,NA,NA,measured,A2
6951,Florestal-CF,CF,EST,1301,957,A,3,CF-1,2001,ULY,NA,TRUE,FALSE,NA,NA,measured,A3
8337,Florestal-CF,CF,EST,1301,999,E,8,CF-1,2001,ULY,NA,TRUE,FALSE,NA,NA,measured,E8
8074,Florestal-CF,CF,EST,1301,1063,E,10,CF-1,2001,ULY,NA,TRUE,FALSE,NA,NA,measured,E10
7244,Florestal-CF,CF,EST,1301,1068,B,2,CF-1,2001,ULY,NA,TRUE,FALSE,NA,NA,measured,B2
8310,Florestal-CF,CF,EST,1301,1081,E,7,CF-1,2001,ULY,NA,TRUE,FALSE,NA,NA,measured,E7
7641,Florestal-CF,CF,EST,1301,1082,C,5,CF-1,2001,ULY,NA,TRUE,FALSE,NA,NA,measured,C5
7440,Florestal-CF,CF,EST,1301,844,B,6,CF-1,2002,ULY,NA,TRUE,FALSE,NA,NA,measured,B6
7558,Florestal-CF,CF,EST,1301,1071,C,2,CF-1,2002,ULY,NA,TRUE,FALSE,NA,NA,measured,C2
7864,Florestal-CF,CF,EST,1301,1102,D,3,CF-1,2002,ULY,NA,TRUE,FALSE,NA,NA,measured,D3
8338,Florestal-CF,CF,EST,1301,1104,E,8,CF-1,2002,ULY,NA,TRUE,FALSE,NA,NA,measured,E8
6891,Florestal-CF,CF,EST,1301,1109,A,2,CF-1,2002,ULY,NA,TRUE,FALSE,NA,NA,measured,A2
7495,Florestal-CF,CF,EST,1301,1115,B,8,CF-1,2002,ULY,NA,TRUE,FALSE,NA,NA,measured,B8
8339,Florestal-CF,CF,EST,1301,1119,E,8,CF-1,2002,ULY,NA,TRUE,FALSE,NA,NA,measured,E8
7255,Florestal-CF,CF,EST,1301,1123,B,2,CF-1,2002,ULY,NA,TRUE,FALSE,NA,NA,measured,B2
7289,Florestal-CF,CF,EST,1301,1125,B,3,CF-1,2002,ULY,NA,TRUE,FALSE,NA,NA,measured,B3
7560,Florestal-CF,CF,EST,1301,1137,C,2,CF-1,2002,ULY,NA,TRUE,FALSE,NA,NA,measured,C2
7153,Florestal-CF,CF,EST,1301,1138,A,8,CF-1,2002,ULY,NA,TRUE,FALSE,NA,NA,measured,A8
7972,Florestal-CF,CF,EST,1301,1142,D,6,CF-1,2002,ULY,NA,TRUE,FALSE,NA,NA,measured,D6
7292,Florestal-CF,CF,EST,1301,1143,B,3,CF-1,2002,ULY,NA,TRUE,FALSE,NA,NA,measured,B3
8340,Florestal-CF,CF,EST,1301,1146,E,8,CF-1,2002,ULY,NA,TRUE,FALSE,NA,NA,measured,E8
6837,Florestal-CF,CF,EST,1301,1148,A,1,CF-1,2002,ULY,NA,TRUE,FALSE,NA,NA,measured,A1
6838,Florestal-CF,CF,EST,1301,1158,A,1,CF-1,2002,ULY,NA,TRUE,FALSE,NA,NA,measured,A1
7017,Florestal-CF,CF,EST,1301,1162,A,4,CF-1,2002,ULY,NA,TRUE,FALSE,NA,NA,measured,A4
7220,Florestal-CF,CF,EST,1301,1164,B,10,CF-1,2002,ULY,NA,TRUE,FALSE,NA,NA,measured,B10
7759,Florestal-CF,CF,EST,1301,1165,D,1,CF-1,2002,ULY,NA,TRUE,FALSE,NA,NA,measured,D1
6895,Florestal-CF,CF,EST,1301,1167,A,2,CF-1,2002,ULY,NA,TRUE,FALSE,NA,NA,measured,A2
8353,Florestal-CF,CF,EST,1301,1168,E,9,CF-1,2002,ULY,NA,TRUE,FALSE,NA,NA,measured,E9
7760,Florestal-CF,CF,EST,1301,1172,D,1,CF-1,2002,ULY,NA,TRUE,FALSE,NA,NA,measured,D1
8248,Florestal-CF,CF,EST,1301,1179,E,5,CF-1,2002,ULY,NA,TRUE,FALSE,NA,NA,measured,E5
7019,Florestal-CF,CF,EST,1301,1180,A,4,CF-1,2002,ULY,NA,TRUE,FALSE,NA,NA,measured,A4
7870,Florestal-CF,CF,EST,1301,1187,D,3,CF-1,2002,ULY,NA,TRUE,FALSE,NA,NA,measured,D3
8054,Florestal-CF,CF,EST,1301,1403,E,1,CF-1,2002,ULY,NA,TRUE,FALSE,NA,NA,measured,E1
8060,Florestal-CF,CF,EST,1301,1421,E,1,CF-1,2002,ULY,NA,TRUE,FALSE,NA,NA,measured,E1
8013,Florestal-CF,CF,EST,1301,1425,E,1,CF-1,2002,ULY,NA,TRUE,FALSE,NA,NA,measured,E1
6968,Florestal-CF,CF,EST,1301,1210,A,3,CF-1,2004,ULY,NA,TRUE,FALSE,NA,NA,measured,A3
8273,Florestal-CF,CF,EST,1301,1226,E,6,CF-1,2004,ULY,NA,TRUE,FALSE,NA,NA,measured,E6
7097,Florestal-CF,CF,EST,1301,1249,A,6,CF-1,2004,ULY,NA,TRUE,FALSE,NA,NA,measured,A6
7155,Florestal-CF,CF,EST,1301,1253,A,8,CF-1,2004,ULY,NA,TRUE,FALSE,NA,NA,measured,A8
6854,Florestal-CF,CF,EST,1301,1255,A,10,CF-1,2004,ULY,NA,TRUE,FALSE,NA,NA,measured,A10
6899,Florestal-CF,CF,EST,1301,1263,A,2,CF-1,2006,ULY,NA,TRUE,FALSE,NA,NA,measured,A2
7300,Florestal-CF,CF,EST,1301,1266,B,3,CF-1,2006,ULY,NA,TRUE,FALSE,NA,NA,measured,B3
7452,Florestal-CF,CF,EST,1301,1496,B,6,CF-1,2006,ULY,NA,TRUE,FALSE,NA,NA,measured,B6
7481,Florestal-CF,CF,EST,1301,1499,B,7,CF-1,2006,ULY,NA,TRUE,FALSE,NA,NA,measured,B7
7961,Florestal-CF,CF,EST,1301,378,D,6,CF-1,2007,ULY,NA,TRUE,FALSE,NA,NA,measured,D6
7455,Florestal-CF,CF,EST,1301,1578,B,6,CF-1,2007,ULY,NA,TRUE,FALSE,NA,NA,measured,B6
7489,Florestal-CF,CF,EST,1301,264,B,8,CF-1,2008,ULY,NA,TRUE,FALSE,NA,NA,measured,B8
7375,Florestal-CF,CF,EST,1301,674,B,5,CF-1,2008,ULY,NA,TRUE,FALSE,NA,NA,measured,B5
8332,Florestal-CF,CF,EST,1301,778,E,8,CF-1,2008,ULY,NA,TRUE,FALSE,NA,NA,measured,E8
7440,Florestal-CF,CF,EST,1301,844,B,6,CF-1,2008,ULY,NA,TRUE,FALSE,NA,NA,measured,B6
6954,Florestal-CF,CF,EST,1301,972,A,3,CF-1,2008,ULY,NA,TRUE,FALSE,NA,NA,measured,A3
8061,Florestal-CF,CF,EST,1301,1423,E,1,CF-1,2008,ULY,NA,TRUE,FALSE,NA,NA,measured,E1
6845,Florestal-CF,CF,EST,1301,1916,A,1,CF-1,2008,ULY,NA,TRUE,FALSE,NA,NA,measured,A1
8375,PortoAlegre-CF,CF,PAL,none,289,A,6,CF-5,2001,ULY,NA,TRUE,FALSE,NA,NA,measured,A6
8467,PortoAlegre-CF,CF,PAL,none,12,C,1,CF-5,2002,ULY,NA,TRUE,FALSE,NA,NA,measured,C1
8374,PortoAlegre-CF,CF,PAL,none,103,A,6,CF-5,2002,ULY,NA,TRUE,FALSE,NA,NA,measured,A6
8652,PortoAlegre-CF,CF,PAL,none,110,E,8,CF-5,2002,ULY,NA,TRUE,FALSE,NA,NA,measured,E8
8595,PortoAlegre-CF,CF,PAL,none,162,E,1,CF-5,2002,ULY,NA,TRUE,FALSE,NA,NA,measured,E1
8398,PortoAlegre-CF,CF,PAL,none,166,B,1,CF-5,2002,ULY,NA,TRUE,FALSE,NA,NA,measured,B1
8656,PortoAlegre-CF,CF,PAL,none,201,E,9,CF-5,2002,ULY,NA,TRUE,FALSE,NA,NA,measured,E9
8647,PortoAlegre-CF,CF,PAL,none,202,E,7,CF-5,2002,ULY,NA,TRUE,FALSE,NA,NA,measured,E7
8465,PortoAlegre-CF,CF,PAL,none,264,B,9,CF-5,2002,ULY,NA,TRUE,FALSE,NA,NA,measured,B9
8649,PortoAlegre-CF,CF,PAL,none,278,E,7,CF-5,2002,ULY,NA,TRUE,FALSE,NA,NA,measured,E7
8587,PortoAlegre-CF,CF,PAL,none,280,D,8,CF-5,2002,ULY,NA,TRUE,FALSE,NA,NA,measured,D8
8521,PortoAlegre-CF,CF,PAL,none,283,C,9,CF-5,2002,ULY,NA,TRUE,FALSE,NA,NA,measured,C9
8590,PortoAlegre-CF,CF,PAL,none,299,D,9,CF-5,2002,ULY,NA,TRUE,FALSE,NA,NA,measured,D9
8648,PortoAlegre-CF,CF,PAL,none,207,E,7,CF-5,2003,ULY,NA,TRUE,FALSE,NA,NA,measured,E7
8535,PortoAlegre-CF,CF,PAL,none,270,D,10,CF-5,2003,ULY,NA,TRUE,FALSE,NA,NA,measured,D10
8603,PortoAlegre-CF,CF,PAL,none,215,E,10,CF-5,2004,ULY,NA,TRUE,FALSE,NA,NA,measured,E10
8604,PortoAlegre-CF,CF,PAL,none,219,E,10,CF-5,2004,ULY,NA,TRUE,FALSE,NA,NA,measured,E10
8605,PortoAlegre-CF,CF,PAL,none,226,E,10,CF-5,2004,ULY,NA,TRUE,FALSE,NA,NA,measured,E10
8606,PortoAlegre-CF,CF,PAL,none,236,E,10,CF-5,2004,ULY,NA,TRUE,FALSE,NA,NA,measured,E10
8637,PortoAlegre-CF,CF,PAL,none,239,E,5,CF-5,2006,ULY,NA,TRUE,FALSE,NA,NA,measured,E5
8658,PortoAlegre-CF,CF,PAL,none,273,E,9,CF-5,2006,ULY,NA,TRUE,FALSE,NA,NA,measured,E9
8495,PortoAlegre-CF,CF,PAL,none,33,C,4,CF-5,2008,ULY,NA,TRUE,FALSE,NA,NA,measured,C4
8496,PortoAlegre-CF,CF,PAL,none,37,C,4,CF-5,2008,ULY,NA,TRUE,FALSE,NA,NA,measured,C4
8639,PortoAlegre-CF,CF,PAL,none,355,E,5,CF-5,2008,ULY,NA,TRUE,FALSE,NA,NA,measured,E5
312,2107,1-ha,DIM,2107,318,E,1,FF-1,2008,ULY,NA,TRUE,FALSE,NA,NA,measured,E1
74,2107,1-ha,DIM,2107,383,A,9,FF-1,2008,ULY,NA,TRUE,FALSE,NA,NA,measured,A9
258,2107,1-ha,DIM,2107,386,D,10,FF-1,2008,ULY,NA,TRUE,FALSE,NA,NA,measured,D10
91,2107,1-ha,DIM,2107,399,B,10,FF-1,2008,ULY,NA,TRUE,FALSE,NA,NA,measured,B10
92,2107,1-ha,DIM,2107,400,B,10,FF-1,2008,ULY,NA,TRUE,FALSE,NA,NA,measured,B10
619,2108,1-ha,DIM,2108,338,E,10,FF-2,2008,ULY,NA,TRUE,FALSE,NA,NA,measured,E10
405,2108,1-ha,DIM,2108,361,B,1,FF-2,2008,ULY,NA,TRUE,FALSE,NA,NA,measured,B1
1383,5750,CF,EST,1501,2028,D,6,CF-2,2008,ULY,NA,TRUE,FALSE,NA,NA,measured,D6
1041,5750,CF,EST,1501,2032,A,8,CF-2,2008,ULY,NA,TRUE,FALSE,NA,NA,measured,A8
1042,5750,CF,EST,1501,2034,A,8,CF-2,2008,ULY,NA,TRUE,FALSE,NA,NA,measured,A8
1883,5750,CF,EST,1501,2042,I,6,CF-2,2008,ULY,NA,TRUE,FALSE,NA,NA,measured,I6
1219,5750,CF,EST,1501,2051,C,6,CF-2,2008,ULY,NA,TRUE,FALSE,NA,NA,measured,C6
2025,5750,CF,EST,1501,2308,J,6,CF-2,2008,ULY,NA,TRUE,FALSE,NA,NA,measured,J6
2026,5750,CF,EST,1501,2309,J,6,CF-2,2008,ULY,NA,TRUE,FALSE,NA,NA,measured,J6
2485,5751,1-ha,EST,1104,373,E,1,FF-3,2008,ULY,NA,TRUE,FALSE,NA,NA,measured,E1
2541,5751,1-ha,EST,1104,394,E,6,FF-3,2008,ULY,NA,TRUE,FALSE,NA,NA,measured,E6
5968,5756,CF,EST,1501,1688,E,2,CF-3,2008,ULY,NA,TRUE,FALSE,NA,NA,measured,E2
5917,5756,CF,EST,1501,1690,E,1,CF-3,2008,ULY,NA,TRUE,FALSE,NA,NA,measured,E1
5918,5756,CF,EST,1501,1691,E,1,CF-3,2008,ULY,NA,TRUE,FALSE,NA,NA,measured,E1
5969,5756,CF,EST,1501,1693,E,2,CF-3,2008,ULY,NA,TRUE,FALSE,NA,NA,measured,E2
5970,5756,CF,EST,1501,1694,E,2,CF-3,2008,ULY,NA,TRUE,FALSE,NA,NA,measured,E2
5971,5756,CF,EST,1501,1699,E,2,CF-3,2008,ULY,NA,TRUE,FALSE,NA,NA,measured,E2
5921,5756,CF,EST,1501,1709,E,1,CF-3,2008,ULY,NA,TRUE,FALSE,NA,NA,measured,E1
5923,5756,CF,EST,1501,1722,E,1,CF-3,2008,ULY,NA,TRUE,FALSE,NA,NA,measured,E1
5924,5756,CF,EST,1501,1723,E,1,CF-3,2008,ULY,NA,TRUE,FALSE,NA,NA,measured,E1
5925,5756,CF,EST,1501,1724,E,1,CF-3,2008,ULY,NA,TRUE,FALSE,NA,NA,measured,E1
5926,5756,CF,EST,1501,1725,E,1,CF-3,2008,ULY,NA,TRUE,FALSE,NA,NA,measured,E1
6102,5756,CF,EST,1501,1750,E,7,CF-3,2008,ULY,NA,TRUE,FALSE,NA,NA,measured,E7
5990,5756,CF,EST,1501,1755,E,3,CF-3,2008,ULY,NA,TRUE,FALSE,NA,NA,measured,E3
6103,5756,CF,EST,1501,1756,E,7,CF-3,2008,ULY,NA,TRUE,FALSE,NA,NA,measured,E7
6104,5756,CF,EST,1501,1757,E,7,CF-3,2008,ULY,NA,TRUE,FALSE,NA,NA,measured,E7
5938,5756,CF,EST,1501,1758,E,10,CF-3,2008,ULY,NA,TRUE,FALSE,NA,NA,measured,E10
5939,5756,CF,EST,1501,1759,E,10,CF-3,2008,ULY,NA,TRUE,FALSE,NA,NA,measured,E10
6061,5756,CF,EST,1501,1766,E,6,CF-3,2008,ULY,NA,TRUE,FALSE,NA,NA,measured,E6
6062,5756,CF,EST,1501,1767,E,6,CF-3,2008,ULY,NA,TRUE,FALSE,NA,NA,measured,E6
6063,5756,CF,EST,1501,1768,E,6,CF-3,2008,ULY,NA,TRUE,FALSE,NA,NA,measured,E6
6064,5756,CF,EST,1501,1769,E,6,CF-3,2008,ULY,NA,TRUE,FALSE,NA,NA,measured,E6
6065,5756,CF,EST,1501,1770,E,6,CF-3,2008,ULY,NA,TRUE,FALSE,NA,NA,measured,E6
6105,5756,CF,EST,1501,1771,E,7,CF-3,2008,ULY,NA,TRUE,FALSE,NA,NA,measured,E7
6066,5756,CF,EST,1501,1775,E,6,CF-3,2008,ULY,NA,TRUE,FALSE,NA,NA,measured,E6
5940,5756,CF,EST,1501,1780,E,10,CF-3,2008,ULY,NA,TRUE,FALSE,NA,NA,measured,E10
5991,5756,CF,EST,1501,1794,E,3,CF-3,2008,ULY,NA,TRUE,FALSE,NA,NA,measured,E3
5941,5756,CF,EST,1501,2201,E,10,CF-3,2008,ULY,NA,TRUE,FALSE,NA,NA,measured,E10
5942,5756,CF,EST,1501,2202,E,10,CF-3,2008,ULY,NA,TRUE,FALSE,NA,NA,measured,E10
5943,5756,CF,EST,1501,2203,E,10,CF-3,2008,ULY,NA,TRUE,FALSE,NA,NA,measured,E10
5944,5756,CF,EST,1501,2204,E,10,CF-3,2008,ULY,NA,TRUE,FALSE,NA,NA,measured,E10
5945,5756,CF,EST,1501,2205,E,10,CF-3,2008,ULY,NA,TRUE,FALSE,NA,NA,measured,E10
5685,5756,CF,EST,1501,2206,D,10,CF-3,2008,ULY,NA,TRUE,FALSE,NA,NA,measured,D10
5686,5756,CF,EST,1501,2207,D,10,CF-3,2008,ULY,NA,TRUE,FALSE,NA,NA,measured,D10
5456,5756,CF,EST,1501,2231,C,10,CF-3,2008,ULY,NA,TRUE,FALSE,NA,NA,measured,C10
6006,5756,CF,EST,1501,2214,E,4,CF-3,2009,ULY,NA,TRUE,FALSE,NA,NA,measured,E4
6136,5756,CF,EST,1501,2228,E,9,CF-3,2009,ULY,NA,TRUE,FALSE,NA,NA,measured,E9
5193,5756,CF,EST,1501,2232,B,10,CF-3,2009,ULY,NA,TRUE,FALSE,NA,NA,measured,B10
5194,5756,CF,EST,1501,2238,B,10,CF-3,2009,ULY,NA,TRUE,FALSE,NA,NA,measured,B10
5457,5756,CF,EST,1501,2239,C,10,CF-3,2009,ULY,NA,TRUE,FALSE,NA,NA,measured,C10
4839,5756,CF,EST,1501,2241,A,10,CF-3,2009,ULY,NA,TRUE,FALSE,NA,NA,measured,A10
5458,5756,CF,EST,1501,2244,C,10,CF-3,2009,ULY,NA,TRUE,FALSE,NA,NA,measured,C10
6069,5756,CF,EST,1501,2288,E,6,CF-3,2009,ULY,NA,TRUE,FALSE,NA,NA,measured,E6
6116,5756,CF,EST,1501,2292,E,8,CF-3,2009,ULY,NA,TRUE,FALSE,NA,NA,measured,E8
6343,CaboFrio-CF,CF,PAL,3402,2108,C,1,CF-6,2008,ULY,NA,TRUE,FALSE,NA,NA,measured,C1
6426,CaboFrio-CF,CF,PAL,3402,2110,D,1,CF-6,2008,ULY,NA,TRUE,FALSE,NA,NA,measured,D1
6248,CaboFrio-CF,CF,PAL,3402,2112,B,1,CF-6,2008,ULY,NA,TRUE,FALSE,NA,NA,measured,B1
6249,CaboFrio-CF,CF,PAL,3402,2113,B,1,CF-6,2008,ULY,NA,TRUE,FALSE,NA,NA,measured,B1
6250,CaboFrio-CF,CF,PAL,3402,2117,B,1,CF-6,2008,ULY,NA,TRUE,FALSE,NA,NA,measured,B1
6428,CaboFrio-CF,CF,PAL,3402,2125,D,1,CF-6,2008,ULY,NA,TRUE,FALSE,NA,NA,measured,D1
6151,CaboFrio-CF,CF,PAL,3402,2126,A,1,CF-6,2008,ULY,NA,TRUE,FALSE,NA,NA,measured,A1
6152,CaboFrio-CF,CF,PAL,3402,2127,A,1,CF-6,2008,ULY,NA,TRUE,FALSE,NA,NA,measured,A1
6153,CaboFrio-CF,CF,PAL,3402,2128,A,1,CF-6,2008,ULY,NA,TRUE,FALSE,NA,NA,measured,A1
6192,CaboFrio-CF,CF,PAL,3402,2136,A,4,CF-6,2009,ULY,NA,TRUE,FALSE,NA,NA,measured,A4
7025,Florestal-CF,CF,EST,1301,1585,A,4,CF-1,2008,ULY,NA,TRUE,FALSE,NA,NA,measured,A4
6912,Florestal-CF,CF,EST,1301,1588,A,2,CF-1,2008,ULY,NA,TRUE,FALSE,NA,NA,measured,A2
6977,Florestal-CF,CF,EST,1301,1590,A,3,CF-1,2008,ULY,NA,TRUE,FALSE,NA,NA,measured,A3
7070,Florestal-CF,CF,EST,1301,1932,A,5,CF-1,2008,ULY,NA,TRUE,FALSE,NA,NA,measured,A5
7168,Florestal-CF,CF,EST,1301,1955,A,8,CF-1,2008,ULY,NA,TRUE,FALSE,NA,NA,measured,A8
7169,Florestal-CF,CF,EST,1301,1956,A,8,CF-1,2008,ULY,NA,TRUE,FALSE,NA,NA,measured,A8
8479,PortoAlegre-CF,CF,PAL,none,350,C,10,CF-5,2008,ULY,NA,TRUE,FALSE,NA,NA,measured,C10
8625,PortoAlegre-CF,CF,PAL,none,245,E,3,CF-5,2009,ULY,NA,TRUE,FALSE,NA,NA,measured,E3
8626,PortoAlegre-CF,CF,PAL,none,250,E,3,CF-5,2009,ULY,NA,TRUE,FALSE,NA,NA,measured,E3
8616,PortoAlegre-CF,CF,PAL,none,251,E,2,CF-5,2009,ULY,NA,TRUE,FALSE,NA,NA,measured,E2
8597,PortoAlegre-CF,CF,PAL,none,271,E,1,CF-5,2009,ULY,NA,TRUE,FALSE,NA,NA,measured,E1
8617,PortoAlegre-CF,CF,PAL,none,285,E,2,CF-5,2009,ULY,NA,TRUE,FALSE,NA,NA,measured,E2
8627,PortoAlegre-CF,CF,PAL,none,306,E,3,CF-5,2009,ULY,NA,TRUE,FALSE,NA,NA,measured,E3
8628,PortoAlegre-CF,CF,PAL,none,322,E,3,CF-5,2009,ULY,NA,TRUE,FALSE,NA,NA,measured,E3
8599,PortoAlegre-CF,CF,PAL,none,346,E,1,CF-5,2009,ULY,NA,TRUE,FALSE,NA,NA,measured,E1
8620,PortoAlegre-CF,CF,PAL,none,347,E,2,CF-5,2009,ULY,NA,TRUE,FALSE,NA,NA,measured,E2
252,2107,1-ha,DIM,2107,225,D,10,FF-1,2000,no tag,NA,TRUE,FALSE,NA,NA,measured,D10
203,2107,1-ha,DIM,2107,279,C,5,FF-1,2004,no tag,NA,TRUE,FALSE,NA,NA,measured,C5
133,2107,1-ha,DIM,2107,286,B,5,FF-1,2004,no tag,NA,TRUE,FALSE,NA,NA,measured,B5
161,2107,1-ha,DIM,2107,316,B,9,FF-1,2004,no tag,NA,TRUE,FALSE,NA,NA,measured,B9
629,2108,1-ha,DIM,2108,245,E,7,FF-2,2004,no tag,NA,TRUE,FALSE,NA,NA,measured,E7
507,2108,1-ha,DIM,2108,311,C,8,FF-2,2004,no tag,NA,TRUE,FALSE,NA,NA,measured,C8
440,2108,1-ha,DIM,2108,320,B,5,FF-2,2004,no tag,NA,TRUE,FALSE,NA,NA,measured,B5
550,2108,1-ha,DIM,2108,324,D,3,FF-2,2004,no tag,NA,TRUE,FALSE,NA,NA,measured,D3
493,2108,1-ha,DIM,2108,248,C,7,FF-2,2005,no tag,NA,TRUE,FALSE,NA,NA,measured,C7
610,2108,1-ha,DIM,2108,253,E,10,FF-2,2005,no tag,NA,TRUE,FALSE,NA,NA,measured,E10
613,2108,1-ha,DIM,2108,256,E,10,FF-2,2005,no tag,NA,TRUE,FALSE,NA,NA,measured,E10
614,2108,1-ha,DIM,2108,257,E,10,FF-2,2005,no tag,NA,TRUE,FALSE,NA,NA,measured,E10
615,2108,1-ha,DIM,2108,258,E,10,FF-2,2005,no tag,NA,TRUE,FALSE,NA,NA,measured,E10
616,2108,1-ha,DIM,2108,259,E,10,FF-2,2005,no tag,NA,TRUE,FALSE,NA,NA,measured,E10
621,2108,1-ha,DIM,2108,264,E,3,FF-2,2005,no tag,NA,TRUE,FALSE,NA,NA,measured,E3
547,2108,1-ha,DIM,2108,265,D,3,FF-2,2005,no tag,NA,TRUE,FALSE,NA,NA,measured,D3
548,2108,1-ha,DIM,2108,266,D,3,FF-2,2005,no tag,NA,TRUE,FALSE,NA,NA,measured,D3
477,2108,1-ha,DIM,2108,267,C,3,FF-2,2005,no tag,NA,TRUE,FALSE,NA,NA,measured,C3
548,2108,1-ha,DIM,2108,266,D,3,FF-2,2009,no tag,NA,TRUE,FALSE,NA,NA,measured,D3
688,2206,10-ha,DIM,2206,193,A,6,FF-5,2003,no tag,NA,TRUE,FALSE,NA,NA,measured,A6
941,2206,10-ha,DIM,2206,215,E,9,FF-5,2003,no tag,NA,TRUE,FALSE,NA,NA,measured,E9
942,2206,10-ha,DIM,2206,242,E,9,FF-5,2003,no tag,NA,TRUE,FALSE,NA,NA,measured,E9
762,2206,10-ha,DIM,2206,173,B,6,FF-5,2004,no tag,NA,TRUE,FALSE,NA,NA,measured,B6
738,2206,10-ha,DIM,2206,205,B,3,FF-5,2004,no tag,NA,TRUE,FALSE,NA,NA,measured,B3
745,2206,10-ha,DIM,2206,224,B,4,FF-5,2004,no tag,NA,TRUE,FALSE,NA,NA,measured,B4
758,2206,10-ha,DIM,2206,250,B,5,FF-5,2004,no tag,NA,TRUE,FALSE,NA,NA,measured,B5
674,2206,10-ha,DIM,2206,251,A,4,FF-5,2004,no tag,NA,TRUE,FALSE,NA,NA,measured,A4
717,2206,10-ha,DIM,2206,187,B,10,FF-5,2005,no tag,NA,TRUE,FALSE,NA,NA,measured,B10
907,2206,10-ha,DIM,2206,220,E,2,FF-5,2005,no tag,NA,TRUE,FALSE,NA,NA,measured,E2
872,2206,10-ha,DIM,2206,221,D,2,FF-5,2005,no tag,NA,TRUE,FALSE,NA,NA,measured,D2
721,2206,10-ha,DIM,2206,232,B,10,FF-5,2005,no tag,NA,TRUE,FALSE,NA,NA,measured,B10
723,2206,10-ha,DIM,2206,234,B,10,FF-5,2005,no tag,NA,TRUE,FALSE,NA,NA,measured,B10
857,2206,10-ha,DIM,2206,239,D,10,FF-5,2005,no tag,NA,TRUE,FALSE,NA,NA,measured,D10
851,2206,10-ha,DIM,2206,243,C,9,FF-5,2005,no tag,NA,TRUE,FALSE,NA,NA,measured,C9
791,2206,10-ha,DIM,2206,247,B,9,FF-5,2005,no tag,NA,TRUE,FALSE,NA,NA,measured,B9
772,2206,10-ha,DIM,2206,248,B,8,FF-5,2005,no tag,NA,TRUE,FALSE,NA,NA,measured,B8
697,2206,10-ha,DIM,2206,249,A,8,FF-5,2005,no tag,NA,TRUE,FALSE,NA,NA,measured,A8
707,2206,10-ha,DIM,2206,274,A,9,FF-5,2005,no tag,NA,TRUE,FALSE,NA,NA,measured,A9
682,2206,10-ha,DIM,2206,276,A,5,FF-5,2005,no tag,NA,TRUE,FALSE,NA,NA,measured,A5
760,2206,10-ha,DIM,2206,285,B,5,FF-5,2005,no tag,NA,TRUE,FALSE,NA,NA,measured,B5
839,2206,10-ha,DIM,2206,298,C,4,FF-5,2005,no tag,NA,TRUE,FALSE,NA,NA,measured,C4
1236,5750,CF,EST,1501,716,C,7,CF-2,2001,no tag,NA,TRUE,FALSE,NA,NA,measured,C7
2096,5750,CF,EST,1501,725,J,8,CF-2,2002,no tag,NA,TRUE,FALSE,NA,NA,measured,J8
1454,5750,CF,EST,1501,735,E,6,CF-2,2002,no tag,NA,TRUE,FALSE,NA,NA,measured,E6
1691,5750,CF,EST,1501,946,G,9,CF-2,2004,no tag,NA,TRUE,FALSE,NA,NA,measured,G9
1836,5750,CF,EST,1501,958,H,9,CF-2,2004,no tag,NA,TRUE,FALSE,NA,NA,measured,H9
1487,5750,CF,EST,1501,967,E,8,CF-2,2004,no tag,NA,TRUE,FALSE,NA,NA,measured,E8
1240,5750,CF,EST,1501,970,C,7,CF-2,2004,no tag,NA,TRUE,FALSE,NA,NA,measured,C7
1270,5750,CF,EST,1501,1303,C,8,CF-2,2004,no tag,NA,TRUE,FALSE,NA,NA,measured,C8
1654,5750,CF,EST,1501,1310,G,8,CF-2,2004,no tag,NA,TRUE,FALSE,NA,NA,measured,G8
1489,5750,CF,EST,1501,1319,E,8,CF-2,2004,no tag,NA,TRUE,FALSE,NA,NA,measured,E8
2171,5750,CF,EST,1501,1323,J,8,CF-2,2004,no tag,NA,TRUE,FALSE,NA,NA,measured,J8
2103,5750,CF,EST,1501,1326,J,8,CF-2,2004,no tag,NA,TRUE,FALSE,NA,NA,measured,J8
1873,5750,CF,EST,1501,1365,I,6,CF-2,2004,no tag,NA,TRUE,FALSE,NA,NA,measured,I6
1457,5750,CF,EST,1501,1368,E,6,CF-2,2004,no tag,NA,TRUE,FALSE,NA,NA,measured,E6
1008,5750,CF,EST,1501,1342,A,7,CF-2,2005,no tag,NA,TRUE,FALSE,NA,NA,measured,A7
1129,5750,CF,EST,1501,1343,B,7,CF-2,2005,no tag,NA,TRUE,FALSE,NA,NA,measured,B7
1088,5750,CF,EST,1501,1345,B,10,CF-2,2005,no tag,NA,TRUE,FALSE,NA,NA,measured,B10
1381,5750,CF,EST,1501,1359,D,6,CF-2,2005,no tag,NA,TRUE,FALSE,NA,NA,measured,D6
1456,5750,CF,EST,1501,1360,E,6,CF-2,2005,no tag,NA,TRUE,FALSE,NA,NA,measured,E6
1490,5750,CF,EST,1501,1361,E,8,CF-2,2005,no tag,NA,TRUE,FALSE,NA,NA,measured,E8
1558,5750,CF,EST,1501,1364,F,7,CF-2,2005,no tag,NA,TRUE,FALSE,NA,NA,measured,F7
1693,5750,CF,EST,1501,1374,G,9,CF-2,2005,no tag,NA,TRUE,FALSE,NA,NA,measured,G9
1696,5750,CF,EST,1501,1377,G,9,CF-2,2005,no tag,NA,TRUE,FALSE,NA,NA,measured,G9
1837,5750,CF,EST,1501,1379,H,9,CF-2,2005,no tag,NA,TRUE,FALSE,NA,NA,measured,H9
1824,5750,CF,EST,1501,1381,H,8,CF-2,2005,no tag,NA,TRUE,FALSE,NA,NA,measured,H8
2160,5750,CF,EST,1501,1385,J,9,CF-2,2005,no tag,NA,TRUE,FALSE,NA,NA,measured,J9
1964,5750,CF,EST,1501,1390,I,9,CF-2,2005,no tag,NA,TRUE,FALSE,NA,NA,measured,I9
2006,5750,CF,EST,1501,1393,J,10,CF-2,2005,no tag,NA,TRUE,FALSE,NA,NA,measured,J10
1699,5750,CF,EST,1501,2005,G,9,CF-2,2007,no tag,NA,TRUE,FALSE,NA,NA,measured,G9
1700,5750,CF,EST,1501,2009,G,9,CF-2,2007,no tag,NA,TRUE,FALSE,NA,NA,measured,G9
1701,5750,CF,EST,1501,2010,G,9,CF-2,2007,no tag,NA,TRUE,FALSE,NA,NA,measured,G9
1702,5750,CF,EST,1501,2014,G,9,CF-2,2007,no tag,NA,TRUE,FALSE,NA,NA,measured,G9
1856,5750,CF,EST,1501,2021,I,10,CF-2,2007,no tag,NA,TRUE,FALSE,NA,NA,measured,I10
2550,5751,1-ha,EST,1104,263,E,7,FF-3,2000,no tag,NA,TRUE,FALSE,NA,NA,measured,E7
2339,5751,1-ha,EST,1104,304,C,7,FF-3,2002,no tag,NA,TRUE,FALSE,NA,NA,measured,C7
2318,5751,1-ha,EST,1104,352,C,5,FF-3,2002,no tag,NA,TRUE,FALSE,NA,NA,measured,C5
2213,5751,1-ha,EST,1104,253,A,8,FF-3,2004,no tag,NA,TRUE,FALSE,NA,NA,measured,A8
2215,5751,1-ha,EST,1104,256,A,8,FF-3,2004,no tag,NA,TRUE,FALSE,NA,NA,measured,A8
2323,5751,1-ha,EST,1104,356,C,6,FF-3,2004,no tag,NA,TRUE,FALSE,NA,NA,measured,C6
2221,5751,1-ha,EST,1104,357,A,8,FF-3,2004,no tag,NA,TRUE,FALSE,NA,NA,measured,A8
2382,5751,1-ha,EST,1104,399,D,1,FF-3,2004,no tag,NA,TRUE,FALSE,NA,NA,measured,D1
2503,5751,1-ha,EST,1104,331,E,2,FF-3,2005,no tag,NA,TRUE,FALSE,NA,NA,measured,E2
2348,5751,1-ha,EST,1104,342,C,8,FF-3,2005,no tag,NA,TRUE,FALSE,NA,NA,measured,C8
2486,5751,1-ha,EST,1104,386,E,1,FF-3,2008,no tag,NA,TRUE,FALSE,NA,NA,measured,E1
2487,5751,1-ha,EST,1104,387,E,1,FF-3,2008,no tag,NA,TRUE,FALSE,NA,NA,measured,E1
2829,5752,10-ha,EST,1202,433,B,5,FF-6,2000,no tag,NA,TRUE,FALSE,NA,NA,measured,B5
3232,5752,10-ha,EST,1202,521,D,7,FF-6,2000,no tag,NA,TRUE,FALSE,NA,NA,measured,D7
3256,5752,10-ha,EST,1202,397,D,9,FF-6,2001,no tag,NA,TRUE,FALSE,NA,NA,measured,D9
2851,5752,10-ha,EST,1202,532,B,6,FF-6,2001,no tag,NA,TRUE,FALSE,NA,NA,measured,B6
2941,5752,10-ha,EST,1202,546,C,3,FF-6,2001,no tag,NA,TRUE,FALSE,NA,NA,measured,C3
2729,5752,10-ha,EST,1202,550,A,9,FF-6,2001,no tag,NA,TRUE,FALSE,NA,NA,measured,A9
2827,5752,10-ha,EST,1202,290,B,5,FF-6,2002,no tag,NA,TRUE,FALSE,NA,NA,measured,B5
2731,5752,10-ha,EST,1202,634,A,9,FF-6,2002,no tag,NA,TRUE,FALSE,NA,NA,measured,A9
2624,5752,10-ha,EST,1202,591,A,4,FF-6,2003,no tag,NA,TRUE,FALSE,NA,NA,measured,A4
3238,5752,10-ha,EST,1202,607,D,7,FF-6,2003,no tag,NA,TRUE,FALSE,NA,NA,measured,D7
3239,5752,10-ha,EST,1202,648,D,7,FF-6,2003,no tag,NA,TRUE,FALSE,NA,NA,measured,D7
3240,5752,10-ha,EST,1202,677,D,7,FF-6,2003,no tag,NA,TRUE,FALSE,NA,NA,measured,D7
2584,5752,10-ha,EST,1202,605,A,1,FF-6,2004,no tag,NA,TRUE,FALSE,NA,NA,measured,A1
3105,5752,10-ha,EST,1202,617,D,1,FF-6,2004,no tag,NA,TRUE,FALSE,NA,NA,measured,D1
2761,5752,10-ha,EST,1202,670,B,2,FF-6,2004,no tag,NA,TRUE,FALSE,NA,NA,measured,B2
2808,5752,10-ha,EST,1202,673,B,4,FF-6,2004,no tag,NA,TRUE,FALSE,NA,NA,measured,B4
2964,5752,10-ha,EST,1202,675,C,4,FF-6,2004,no tag,NA,TRUE,FALSE,NA,NA,measured,C4
3129,5752,10-ha,EST,1202,676,D,2,FF-6,2004,no tag,NA,TRUE,FALSE,NA,NA,measured,D2
3312,5752,10-ha,EST,1202,688,E,2,FF-6,2004,no tag,NA,TRUE,FALSE,NA,NA,measured,E2
3003,5752,10-ha,EST,1202,708,C,5,FF-6,2004,no tag,NA,TRUE,FALSE,NA,NA,measured,C5
3004,5752,10-ha,EST,1202,709,C,5,FF-6,2004,no tag,NA,TRUE,FALSE,NA,NA,measured,C5
2857,5752,10-ha,EST,1202,717,B,6,FF-6,2004,no tag,NA,TRUE,FALSE,NA,NA,measured,B6
3251,5752,10-ha,EST,1202,723,D,8,FF-6,2004,no tag,NA,TRUE,FALSE,NA,NA,measured,D8
3059,5752,10-ha,EST,1202,724,C,8,FF-6,2004,no tag,NA,TRUE,FALSE,NA,NA,measured,C8
2892,5752,10-ha,EST,1202,726,B,9,FF-6,2004,no tag,NA,TRUE,FALSE,NA,NA,measured,B9
2732,5752,10-ha,EST,1202,728,A,9,FF-6,2004,no tag,NA,TRUE,FALSE,NA,NA,measured,A9
3183,5752,10-ha,EST,1202,735,D,5,FF-6,2004,no tag,NA,TRUE,FALSE,NA,NA,measured,D5
3122,5752,10-ha,EST,1202,698,D,10,FF-6,2005,no tag,NA,TRUE,FALSE,NA,NA,measured,D10
3179,5752,10-ha,EST,1202,712,D,5,FF-6,2005,no tag,NA,TRUE,FALSE,NA,NA,measured,D5
2713,5752,10-ha,EST,1202,744,A,8,FF-6,2005,no tag,NA,TRUE,FALSE,NA,NA,measured,A8
2810,5752,10-ha,EST,1202,748,B,4,FF-6,2005,no tag,NA,TRUE,FALSE,NA,NA,measured,B4
2811,5752,10-ha,EST,1202,749,B,4,FF-6,2005,no tag,NA,TRUE,FALSE,NA,NA,measured,B4
2812,5752,10-ha,EST,1202,750,B,4,FF-6,2005,no tag,NA,TRUE,FALSE,NA,NA,measured,B4
2813,5752,10-ha,EST,1202,751,B,4,FF-6,2005,no tag,NA,TRUE,FALSE,NA,NA,measured,B4
2816,5752,10-ha,EST,1202,754,B,4,FF-6,2005,no tag,NA,TRUE,FALSE,NA,NA,measured,B4
2817,5752,10-ha,EST,1202,755,B,4,FF-6,2005,no tag,NA,TRUE,FALSE,NA,NA,measured,B4
2604,5752,10-ha,EST,1202,794,A,2,FF-6,2005,no tag,NA,TRUE,FALSE,NA,NA,measured,A2
2605,5752,10-ha,EST,1202,795,A,2,FF-6,2005,no tag,NA,TRUE,FALSE,NA,NA,measured,A2
2615,5752,10-ha,EST,1202,797,A,3,FF-6,2005,no tag,NA,TRUE,FALSE,NA,NA,measured,A3
3562,5753,1-ha,PAL,3114,267,C,3,FF-4,2000,no tag,NA,TRUE,FALSE,NA,NA,measured,C3
3794,5753,1-ha,PAL,3114,329,E,9,FF-4,2000,no tag,NA,TRUE,FALSE,NA,NA,measured,E9
3553,5753,1-ha,PAL,3114,336,C,10,FF-4,2000,no tag,NA,TRUE,FALSE,NA,NA,measured,C10
3791,5753,1-ha,PAL,3114,308,E,9,FF-4,2001,no tag,NA,TRUE,FALSE,NA,NA,measured,E9
3792,5753,1-ha,PAL,3114,317,E,9,FF-4,2001,no tag,NA,TRUE,FALSE,NA,NA,measured,E9
3796,5753,1-ha,PAL,3114,332,E,9,FF-4,2001,no tag,NA,TRUE,FALSE,NA,NA,measured,E9
3481,5753,1-ha,PAL,3114,340,B,2,FF-4,2001,no tag,NA,TRUE,FALSE,NA,NA,measured,B2
3798,5753,1-ha,PAL,3114,344,E,9,FF-4,2001,no tag,NA,TRUE,FALSE,NA,NA,measured,E9
3499,5753,1-ha,PAL,3114,348,B,4,FF-4,2005,no tag,NA,TRUE,FALSE,NA,NA,measured,B4
4118,5754,10-ha,PortoAlegre,3209,606,B,4,FF-7,2000,no tag,NA,TRUE,FALSE,NA,NA,measured,B4
4089,5754,10-ha,PortoAlegre,3209,610,B,3,FF-7,2000,no tag,NA,TRUE,FALSE,NA,NA,measured,B3
4090,5754,10-ha,PortoAlegre,3209,614,B,3,FF-7,2000,no tag,NA,TRUE,FALSE,NA,NA,measured,B3
4119,5754,10-ha,PortoAlegre,3209,618,B,4,FF-7,2000,no tag,NA,TRUE,FALSE,NA,NA,measured,B4
4091,5754,10-ha,PortoAlegre,3209,638,B,3,FF-7,2000,no tag,NA,TRUE,FALSE,NA,NA,measured,B3
4093,5754,10-ha,PortoAlegre,3209,651,B,3,FF-7,2000,no tag,NA,TRUE,FALSE,NA,NA,measured,B3
4121,5754,10-ha,PortoAlegre,3209,654,B,4,FF-7,2000,no tag,NA,TRUE,FALSE,NA,NA,measured,B4
4094,5754,10-ha,PortoAlegre,3209,655,B,3,FF-7,2000,no tag,NA,TRUE,FALSE,NA,NA,measured,B3
4095,5754,10-ha,PortoAlegre,3209,666,B,3,FF-7,2000,no tag,NA,TRUE,FALSE,NA,NA,measured,B3
4096,5754,10-ha,PortoAlegre,3209,667,B,3,FF-7,2000,no tag,NA,TRUE,FALSE,NA,NA,measured,B3
4515,5754,10-ha,PortoAlegre,3209,673,D,7,FF-7,2000,no tag,NA,TRUE,FALSE,NA,NA,measured,D7
4691,5754,10-ha,PortoAlegre,3209,1301,E,5,FF-7,2001,no tag,NA,TRUE,FALSE,NA,NA,measured,E5
4649,5754,10-ha,PortoAlegre,3209,1310,E,4,FF-7,2001,no tag,NA,TRUE,FALSE,NA,NA,measured,E4
4650,5754,10-ha,PortoAlegre,3209,1311,E,4,FF-7,2001,no tag,NA,TRUE,FALSE,NA,NA,measured,E4
4651,5754,10-ha,PortoAlegre,3209,1313,E,4,FF-7,2001,no tag,NA,TRUE,FALSE,NA,NA,measured,E4
4364,5754,10-ha,PortoAlegre,3209,1356,C,6,FF-7,2001,no tag,NA,TRUE,FALSE,NA,NA,measured,C6
4103,5754,10-ha,PortoAlegre,3209,1365,B,3,FF-7,2001,no tag,NA,TRUE,FALSE,NA,NA,measured,B3
4106,5754,10-ha,PortoAlegre,3209,1372,B,3,FF-7,2001,no tag,NA,TRUE,FALSE,NA,NA,measured,B3
4138,5754,10-ha,PortoAlegre,3209,1381,B,4,FF-7,2001,no tag,NA,TRUE,FALSE,NA,NA,measured,B4
4139,5754,10-ha,PortoAlegre,3209,1395,B,4,FF-7,2001,no tag,NA,TRUE,FALSE,NA,NA,measured,B4
4521,5754,10-ha,PortoAlegre,3209,701,D,7,FF-7,2002,no tag,NA,TRUE,FALSE,NA,NA,measured,D7
4522,5754,10-ha,PortoAlegre,3209,702,D,7,FF-7,2002,no tag,NA,TRUE,FALSE,NA,NA,measured,D7
4523,5754,10-ha,PortoAlegre,3209,706,D,7,FF-7,2002,no tag,NA,TRUE,FALSE,NA,NA,measured,D7
4524,5754,10-ha,PortoAlegre,3209,707,D,7,FF-7,2002,no tag,NA,TRUE,FALSE,NA,NA,measured,D7
4525,5754,10-ha,PortoAlegre,3209,711,D,7,FF-7,2002,no tag,NA,TRUE,FALSE,NA,NA,measured,D7
4529,5754,10-ha,PortoAlegre,3209,786,D,7,FF-7,2002,no tag,NA,TRUE,FALSE,NA,NA,measured,D7
4217,5754,10-ha,PortoAlegre,3209,934,B,7,FF-7,2002,no tag,NA,TRUE,FALSE,NA,NA,measured,B7
4219,5754,10-ha,PortoAlegre,3209,964,B,7,FF-7,2002,no tag,NA,TRUE,FALSE,NA,NA,measured,B7
4189,5754,10-ha,PortoAlegre,3209,985,B,6,FF-7,2002,no tag,NA,TRUE,FALSE,NA,NA,measured,B6
4535,5754,10-ha,PortoAlegre,3209,990,D,7,FF-7,2002,no tag,NA,TRUE,FALSE,NA,NA,measured,D7
4070,5754,10-ha,PortoAlegre,3209,992,B,2,FF-7,2002,no tag,NA,TRUE,FALSE,NA,NA,measured,B2
4133,5754,10-ha,PortoAlegre,3209,995,B,4,FF-7,2002,no tag,NA,TRUE,FALSE,NA,NA,measured,B4
4100,5754,10-ha,PortoAlegre,3209,996,B,3,FF-7,2002,no tag,NA,TRUE,FALSE,NA,NA,measured,B3
4101,5754,10-ha,PortoAlegre,3209,998,B,3,FF-7,2002,no tag,NA,TRUE,FALSE,NA,NA,measured,B3
4413,5754,10-ha,PortoAlegre,3209,1329,C,8,FF-7,2002,no tag,NA,TRUE,FALSE,NA,NA,measured,C8
4537,5754,10-ha,PortoAlegre,3209,1331,D,7,FF-7,2002,no tag,NA,TRUE,FALSE,NA,NA,measured,D7
4191,5754,10-ha,PortoAlegre,3209,1343,B,6,FF-7,2002,no tag,NA,TRUE,FALSE,NA,NA,measured,B6
4224,5754,10-ha,PortoAlegre,3209,1345,B,7,FF-7,2002,no tag,NA,TRUE,FALSE,NA,NA,measured,B7
4225,5754,10-ha,PortoAlegre,3209,1346,B,7,FF-7,2002,no tag,NA,TRUE,FALSE,NA,NA,measured,B7
4194,5754,10-ha,PortoAlegre,3209,1363,B,6,FF-7,2002,no tag,NA,TRUE,FALSE,NA,NA,measured,B6
4467,5754,10-ha,PortoAlegre,3209,10,D,4,FF-7,2003,no tag,NA,TRUE,FALSE,NA,NA,measured,D4
4140,5754,10-ha,PortoAlegre,3209,24,B,5,FF-7,2003,no tag,NA,TRUE,FALSE,NA,NA,measured,B5
4541,5754,10-ha,PortoAlegre,3209,61,D,8,FF-7,2003,no tag,NA,TRUE,FALSE,NA,NA,measured,D8
3889,5754,10-ha,PortoAlegre,3209,810,A,5,FF-7,2003,no tag,duplicate tag number,TRUE,FALSE,NA,NA,measured,A5
3890,5754,10-ha,PortoAlegre,3209,811,A,5,FF-7,2003,no tag,duplicate tag number,TRUE,FALSE,NA,NA,measured,A5
4216,5754,10-ha,PortoAlegre,3209,826,B,7,FF-7,2003,no tag,duplicate tag number,TRUE,FALSE,NA,NA,measured,B7
4564,5754,10-ha,PortoAlegre,3209,831,D,9,FF-7,2003,no tag,duplicate tag number,TRUE,FALSE,NA,NA,measured,D9
4547,5754,10-ha,PortoAlegre,3209,832,D,8,FF-7,2003,no tag,duplicate tag number,TRUE,FALSE,NA,NA,measured,D8
4531,5754,10-ha,PortoAlegre,3209,833,D,7,FF-7,2003,no tag,duplicate tag number,TRUE,FALSE,NA,NA,measured,D7
4532,5754,10-ha,PortoAlegre,3209,834,D,7,FF-7,2003,no tag,duplicate tag number,TRUE,FALSE,NA,NA,measured,D7
4012,5754,10-ha,PortoAlegre,3209,893,A,9,FF-7,2003,no tag,NA,TRUE,FALSE,NA,NA,measured,A9
3833,5754,10-ha,PortoAlegre,3209,897,A,2,FF-7,2003,no tag,NA,TRUE,FALSE,NA,NA,measured,A2
4370,5754,10-ha,PortoAlegre,3209,715,C,7,FF-7,2004,no tag,NA,TRUE,FALSE,NA,NA,measured,C7
4561,5754,10-ha,PortoAlegre,3209,720,D,9,FF-7,2004,no tag,NA,TRUE,FALSE,NA,NA,measured,D9
4097,5754,10-ha,PortoAlegre,3209,721,B,3,FF-7,2004,no tag,NA,TRUE,FALSE,NA,NA,measured,B3
4607,5754,10-ha,PortoAlegre,3209,722,E,2,FF-7,2004,no tag,NA,TRUE,FALSE,NA,NA,measured,E2
4371,5754,10-ha,PortoAlegre,3209,726,C,7,FF-7,2004,no tag,NA,TRUE,FALSE,NA,NA,measured,C7
4359,5754,10-ha,PortoAlegre,3209,728,C,6,FF-7,2004,no tag,NA,TRUE,FALSE,NA,NA,measured,C6
4674,5754,10-ha,PortoAlegre,3209,731,E,5,FF-7,2004,no tag,NA,TRUE,FALSE,NA,NA,measured,E5
4608,5754,10-ha,PortoAlegre,3209,732,E,2,FF-7,2004,no tag,NA,TRUE,FALSE,NA,NA,measured,E2
4398,5754,10-ha,PortoAlegre,3209,735,C,8,FF-7,2004,no tag,NA,TRUE,FALSE,NA,NA,measured,C8
4399,5754,10-ha,PortoAlegre,3209,739,C,8,FF-7,2004,no tag,NA,TRUE,FALSE,NA,NA,measured,C8
4372,5754,10-ha,PortoAlegre,3209,741,C,7,FF-7,2004,no tag,NA,TRUE,FALSE,NA,NA,measured,C7
4182,5754,10-ha,PortoAlegre,3209,742,B,6,FF-7,2004,no tag,NA,TRUE,FALSE,NA,NA,measured,B6
4373,5754,10-ha,PortoAlegre,3209,744,C,7,FF-7,2004,no tag,NA,TRUE,FALSE,NA,NA,measured,C7
4508,5754,10-ha,PortoAlegre,3209,745,D,6,FF-7,2004,no tag,NA,TRUE,FALSE,NA,NA,measured,D6
4400,5754,10-ha,PortoAlegre,3209,747,C,8,FF-7,2004,no tag,NA,TRUE,FALSE,NA,NA,measured,C8
4676,5754,10-ha,PortoAlegre,3209,749,E,5,FF-7,2004,no tag,NA,TRUE,FALSE,NA,NA,measured,E5
4504,5754,10-ha,PortoAlegre,3209,836,D,5,FF-7,2004,no tag,duplicate tag number,TRUE,FALSE,NA,NA,measured,D5
4128,5754,10-ha,PortoAlegre,3209,842,B,4,FF-7,2004,no tag,NA,TRUE,FALSE,NA,NA,measured,B4
4131,5754,10-ha,PortoAlegre,3209,845,B,5,FF-7,2004,no tag,NA,TRUE,FALSE,NA,NA,measured,B5
4188,5754,10-ha,PortoAlegre,3209,849,B,6,FF-7,2004,no tag,NA,TRUE,FALSE,NA,NA,measured,B6
3965,5754,10-ha,PortoAlegre,3209,852,A,8,FF-7,2004,no tag,NA,TRUE,FALSE,NA,NA,measured,A8
3907,5754,10-ha,PortoAlegre,3209,853,A,6,FF-7,2004,no tag,NA,TRUE,FALSE,NA,NA,measured,A6
4648,5754,10-ha,PortoAlegre,3209,994,E,4,FF-7,2004,no tag,NA,TRUE,FALSE,NA,NA,measured,E4
4642,5754,10-ha,PortoAlegre,3209,708,E,4,FF-7,2005,no tag,NA,TRUE,FALSE,NA,NA,measured,E4
4545,5754,10-ha,PortoAlegre,3209,750,D,8,FF-7,2005,no tag,NA,TRUE,FALSE,NA,NA,measured,D8
4730,5754,10-ha,PortoAlegre,3209,752,E,7,FF-7,2005,no tag,NA,TRUE,FALSE,NA,NA,measured,E7
4183,5754,10-ha,PortoAlegre,3209,755,B,6,FF-7,2005,no tag,NA,TRUE,FALSE,NA,NA,measured,B6
4208,5754,10-ha,PortoAlegre,3209,757,B,7,FF-7,2005,no tag,NA,TRUE,FALSE,NA,NA,measured,B7
3928,5754,10-ha,PortoAlegre,3209,758,A,7,FF-7,2005,no tag,NA,TRUE,FALSE,NA,NA,measured,A7
3929,5754,10-ha,PortoAlegre,3209,759,A,7,FF-7,2005,no tag,NA,TRUE,FALSE,NA,NA,measured,A7
4184,5754,10-ha,PortoAlegre,3209,761,B,6,FF-7,2005,no tag,NA,TRUE,FALSE,NA,NA,measured,B6
4155,5754,10-ha,PortoAlegre,3209,766,B,5,FF-7,2005,no tag,NA,TRUE,FALSE,NA,NA,measured,B5
4156,5754,10-ha,PortoAlegre,3209,767,B,5,FF-7,2005,no tag,NA,TRUE,FALSE,NA,NA,measured,B5
4157,5754,10-ha,PortoAlegre,3209,768,B,5,FF-7,2005,no tag,NA,TRUE,FALSE,NA,NA,measured,B5
3887,5754,10-ha,PortoAlegre,3209,769,A,5,FF-7,2005,no tag,NA,TRUE,FALSE,NA,NA,measured,A5
3969,5754,10-ha,PortoAlegre,3209,867,A,8,FF-7,2005,no tag,NA,TRUE,FALSE,NA,NA,measured,A8
3970,5754,10-ha,PortoAlegre,3209,868,A,8,FF-7,2005,no tag,NA,TRUE,FALSE,NA,NA,measured,A8
4407,5754,10-ha,PortoAlegre,3209,896,C,8,FF-7,2005,no tag,NA,TRUE,FALSE,NA,NA,measured,C8
3810,5754,10-ha,PortoAlegre,3209,1336,A,1,FF-7,2005,no tag,NA,TRUE,FALSE,NA,NA,measured,A1
6003,5756,CF,EST,1501,740,E,4,CF-3,2000,no tag,NA,TRUE,FALSE,NA,NA,measured,E4
5368,5756,CF,EST,1501,817,B,7,CF-3,2000,no tag,NA,TRUE,FALSE,NA,NA,measured,B7
5376,5756,CF,EST,1501,918,B,7,CF-3,2001,no tag,NA,TRUE,FALSE,NA,NA,measured,B7
5882,5756,CF,EST,1501,948,D,9,CF-3,2001,no tag,NA,TRUE,FALSE,NA,NA,measured,D9
5678,5756,CF,EST,1501,882,D,10,CF-3,2002,no tag,NA,TRUE,FALSE,NA,NA,measured,D10
6130,5756,CF,EST,1501,942,E,9,CF-3,2002,no tag,NA,TRUE,FALSE,NA,NA,measured,E9
6131,5756,CF,EST,1501,943,E,9,CF-3,2002,no tag,NA,TRUE,FALSE,NA,NA,measured,E9
5484,5756,CF,EST,1501,1277,C,2,CF-3,2004,no tag,NA,TRUE,FALSE,NA,NA,measured,C2
5282,5756,CF,EST,1501,1283,B,4,CF-3,2004,no tag,NA,TRUE,FALSE,NA,NA,measured,B4
5192,5756,CF,EST,1501,1603,B,10,CF-3,2004,no tag,NA,TRUE,FALSE,NA,NA,measured,B10
5966,5756,CF,EST,1501,1613,E,2,CF-3,2004,no tag,NA,TRUE,FALSE,NA,NA,measured,E2
5143,5756,CF,EST,1501,1245,A,8,CF-3,2005,no tag,NA,TRUE,FALSE,NA,NA,measured,A8
5085,5756,CF,EST,1501,1601,A,6,CF-3,2005,no tag,NA,TRUE,FALSE,NA,NA,measured,A6
5051,5756,CF,EST,1501,1611,A,5,CF-3,2005,no tag,NA,TRUE,FALSE,NA,NA,measured,A5
5538,5756,CF,EST,1501,1615,C,5,CF-3,2005,no tag,NA,TRUE,FALSE,NA,NA,measured,C5
4954,5756,CF,EST,1501,1621,A,3,CF-3,2005,no tag,NA,TRUE,FALSE,NA,NA,measured,A3
5664,5756,CF,EST,1501,1632,D,1,CF-3,2005,no tag,NA,TRUE,FALSE,NA,NA,measured,D1
4955,5756,CF,EST,1501,1652,A,3,CF-3,2007,no tag,NA,TRUE,FALSE,NA,NA,measured,A3
5256,5756,CF,EST,1501,1674,B,3,CF-3,2007,no tag,NA,TRUE,FALSE,NA,NA,measured,B3
5716,5756,CF,EST,1501,1682,D,2,CF-3,2007,no tag,NA,TRUE,FALSE,NA,NA,measured,D2
5914,5756,CF,EST,1501,1683,E,1,CF-3,2007,no tag,NA,TRUE,FALSE,NA,NA,measured,E1
5916,5756,CF,EST,1501,1685,E,1,CF-3,2007,no tag,NA,TRUE,FALSE,NA,NA,measured,E1
5919,5756,CF,EST,1501,1701,E,1,CF-3,2007,no tag,NA,TRUE,FALSE,NA,NA,measured,E1
5668,5756,CF,EST,1501,1716,D,1,CF-3,2007,no tag,NA,TRUE,FALSE,NA,NA,measured,D1
5927,5756,CF,EST,1501,1800,E,1,CF-3,2007,no tag,NA,TRUE,FALSE,NA,NA,measured,E1
6318,CaboFrio-CF,CF,PAL,3402,260,B,8,CF-6,2002,no tag,NA,TRUE,FALSE,NA,NA,measured,B8
6320,CaboFrio-CF,CF,PAL,3402,293,B,8,CF-6,2002,no tag,NA,TRUE,FALSE,NA,NA,measured,B8
6189,CaboFrio-CF,CF,PAL,3402,371,A,3,CF-6,2004,no tag,NA,TRUE,FALSE,NA,NA,measured,A3
6211,CaboFrio-CF,CF,PAL,3402,12,A,8,CF-6,2005,no tag,NA,TRUE,FALSE,NA,NA,measured,A8
6558,CaboFrio-CF,CF,PAL,3402,14,E,9,CF-6,2005,no tag,NA,TRUE,FALSE,NA,NA,measured,E9
6515,CaboFrio-CF,CF,PAL,3402,15,E,10,CF-6,2005,no tag,NA,TRUE,FALSE,NA,NA,measured,E10
6309,CaboFrio-CF,CF,PAL,3402,28,B,8,CF-6,2005,no tag,NA,TRUE,FALSE,NA,NA,measured,B8
6477,CaboFrio-CF,CF,PAL,3402,30,D,7,CF-6,2005,no tag,NA,TRUE,FALSE,NA,NA,measured,D7
6389,CaboFrio-CF,CF,PAL,3402,31,C,7,CF-6,2005,no tag,NA,TRUE,FALSE,NA,NA,measured,C7
6458,CaboFrio-CF,CF,PAL,3402,35,D,5,CF-6,2005,no tag,NA,TRUE,FALSE,NA,NA,measured,D5
6531,CaboFrio-CF,CF,PAL,3402,38,E,3,CF-6,2005,no tag,NA,TRUE,FALSE,NA,NA,measured,E3
6264,CaboFrio-CF,CF,PAL,3402,40,B,2,CF-6,2005,no tag,NA,TRUE,FALSE,NA,NA,measured,B2
6137,CaboFrio-CF,CF,PAL,3402,45,A,1,CF-6,2005,no tag,NA,TRUE,FALSE,NA,NA,measured,A1
6700,Dimona-CF,CF,DIM,none,120,D,6,CF-4,2003,no tag,NA,TRUE,FALSE,NA,NA,measured,D6
6703,Dimona-CF,CF,DIM,none,146,D,6,CF-4,2004,no tag,NA,TRUE,FALSE,NA,NA,measured,D6
6712,Dimona-CF,CF,DIM,none,160,D,7,CF-4,2004,no tag,NA,TRUE,FALSE,NA,NA,measured,D7
6678,Dimona-CF,CF,DIM,none,177,C,9,CF-4,2004,no tag,NA,TRUE,FALSE,NA,NA,measured,C9
6673,Dimona-CF,CF,DIM,none,178,C,8,CF-4,2004,no tag,NA,TRUE,FALSE,NA,NA,measured,C8
6591,Dimona-CF,CF,DIM,none,179,A,6,CF-4,2004,no tag,NA,TRUE,FALSE,NA,NA,measured,A6
6740,Dimona-CF,CF,DIM,none,184,E,10,CF-4,2004,no tag,NA,TRUE,FALSE,NA,NA,measured,E10
6606,Dimona-CF,CF,DIM,none,101,B,10,CF-4,2005,no tag,NA,TRUE,FALSE,NA,NA,measured,B10
6600,Dimona-CF,CF,DIM,none,105,B,1,CF-4,2005,no tag,NA,TRUE,FALSE,NA,NA,measured,B1
6717,Dimona-CF,CF,DIM,none,113,D,8,CF-4,2005,no tag,NA,TRUE,FALSE,NA,NA,measured,D8
6707,Dimona-CF,CF,DIM,none,116,D,7,CF-4,2005,no tag,NA,TRUE,FALSE,NA,NA,measured,D7
6608,Dimona-CF,CF,DIM,none,121,B,10,CF-4,2005,no tag,NA,TRUE,FALSE,NA,NA,measured,B10
6644,Dimona-CF,CF,DIM,none,132,C,5,CF-4,2005,no tag,NA,TRUE,FALSE,NA,NA,measured,C5
6645,Dimona-CF,CF,DIM,none,134,C,5,CF-4,2005,no tag,NA,TRUE,FALSE,NA,NA,measured,C5
6694,Dimona-CF,CF,DIM,none,140,D,5,CF-4,2005,no tag,NA,TRUE,FALSE,NA,NA,measured,D5
6649,Dimona-CF,CF,DIM,none,182,C,5,CF-4,2005,no tag,NA,TRUE,FALSE,NA,NA,measured,C5
6826,Florestal-CF,CF,EST,1301,940,A,1,CF-1,2001,no tag,NA,TRUE,FALSE,NA,NA,measured,A1
6953,Florestal-CF,CF,EST,1301,964,A,3,CF-1,2001,no tag,NA,TRUE,FALSE,NA,NA,measured,A3
6831,Florestal-CF,CF,EST,1301,993,A,1,CF-1,2001,no tag,NA,TRUE,FALSE,NA,NA,measured,A1
7859,Florestal-CF,CF,EST,1301,1003,D,3,CF-1,2001,no tag,NA,TRUE,FALSE,NA,NA,measured,D3
8042,Florestal-CF,CF,EST,1301,1005,E,1,CF-1,2001,no tag,NA,TRUE,FALSE,NA,NA,measured,E1
7799,Florestal-CF,CF,EST,1301,1010,D,2,CF-1,2001,no tag,NA,TRUE,FALSE,NA,NA,measured,D2
7805,Florestal-CF,CF,EST,1301,1034,D,2,CF-1,2001,no tag,NA,TRUE,FALSE,NA,NA,measured,D2
7811,Florestal-CF,CF,EST,1301,1059,D,2,CF-1,2001,no tag,NA,TRUE,FALSE,NA,NA,measured,D2
8105,Florestal-CF,CF,EST,1301,1062,E,2,CF-1,2001,no tag,NA,TRUE,FALSE,NA,NA,measured,E2
8106,Florestal-CF,CF,EST,1301,1088,E,2,CF-1,2001,no tag,NA,TRUE,FALSE,NA,NA,measured,E2
7766,Florestal-CF,CF,EST,1301,1257,D,1,CF-1,2001,no tag,NA,TRUE,FALSE,NA,NA,measured,D1
6964,Florestal-CF,CF,EST,1301,1007,A,3,CF-1,2002,no tag,NA,TRUE,FALSE,NA,NA,measured,A3
8073,Florestal-CF,CF,EST,1301,1038,E,10,CF-1,2002,no tag,NA,TRUE,FALSE,NA,NA,measured,E10
6833,Florestal-CF,CF,EST,1301,1049,A,1,CF-1,2002,no tag,NA,TRUE,FALSE,NA,NA,measured,A1
7206,Florestal-CF,CF,EST,1301,1106,B,1,CF-1,2002,no tag,NA,TRUE,FALSE,NA,NA,measured,B1
6965,Florestal-CF,CF,EST,1301,1107,A,3,CF-1,2002,no tag,NA,TRUE,FALSE,NA,NA,measured,A3
6835,Florestal-CF,CF,EST,1301,1116,A,1,CF-1,2002,no tag,NA,TRUE,FALSE,NA,NA,measured,A1
7207,Florestal-CF,CF,EST,1301,1129,B,1,CF-1,2002,no tag,NA,TRUE,FALSE,NA,NA,measured,B1
8047,Florestal-CF,CF,EST,1301,1140,E,1,CF-1,2002,no tag,NA,TRUE,FALSE,NA,NA,measured,E1
6893,Florestal-CF,CF,EST,1301,1149,A,2,CF-1,2002,no tag,NA,TRUE,FALSE,NA,NA,measured,A2
8048,Florestal-CF,CF,EST,1301,1169,E,1,CF-1,2002,no tag,NA,TRUE,FALSE,NA,NA,measured,E1
6840,Florestal-CF,CF,EST,1301,1170,A,1,CF-1,2002,no tag,NA,TRUE,FALSE,NA,NA,measured,A1
6896,Florestal-CF,CF,EST,1301,1173,A,2,CF-1,2002,no tag,NA,TRUE,FALSE,NA,NA,measured,A2
7259,Florestal-CF,CF,EST,1301,1182,B,2,CF-1,2002,no tag,NA,TRUE,FALSE,NA,NA,measured,B2
6966,Florestal-CF,CF,EST,1301,1189,A,3,CF-1,2002,no tag,NA,TRUE,FALSE,NA,NA,measured,A3
6967,Florestal-CF,CF,EST,1301,1197,A,3,CF-1,2002,no tag,NA,TRUE,FALSE,NA,NA,measured,A3
8316,Florestal-CF,CF,EST,1301,1413,E,7,CF-1,2002,no tag,NA,TRUE,FALSE,NA,NA,measured,E7
8058,Florestal-CF,CF,EST,1301,1419,E,1,CF-1,2002,no tag,NA,TRUE,FALSE,NA,NA,measured,E1
8059,Florestal-CF,CF,EST,1301,1420,E,1,CF-1,2002,no tag,NA,TRUE,FALSE,NA,NA,measured,E1
8061,Florestal-CF,CF,EST,1301,1423,E,1,CF-1,2002,no tag,NA,TRUE,FALSE,NA,NA,measured,E1
8062,Florestal-CF,CF,EST,1301,1424,E,1,CF-1,2002,no tag,NA,TRUE,FALSE,NA,NA,measured,E1
8063,Florestal-CF,CF,EST,1301,1429,E,1,CF-1,2002,no tag,NA,TRUE,FALSE,NA,NA,measured,E1
8064,Florestal-CF,CF,EST,1301,1436,E,1,CF-1,2002,no tag,NA,TRUE,FALSE,NA,NA,measured,E1
8274,Florestal-CF,CF,EST,1301,1440,E,6,CF-1,2002,no tag,NA,TRUE,FALSE,NA,NA,measured,E6
8275,Florestal-CF,CF,EST,1301,1443,E,6,CF-1,2002,no tag,NA,TRUE,FALSE,NA,NA,measured,E6
7583,Florestal-CF,CF,EST,1301,67,C,4,CF-1,2003,no tag,NA,TRUE,FALSE,NA,NA,measured,C4
8196,Florestal-CF,CF,EST,1301,325,E,4,CF-1,2003,no tag,NA,TRUE,FALSE,NA,NA,measured,E4
7868,Florestal-CF,CF,EST,1301,1144,D,3,CF-1,2003,no tag,NA,TRUE,FALSE,NA,NA,measured,D3
8125,Florestal-CF,CF,EST,1301,1503,E,2,CF-1,2003,no tag,NA,TRUE,FALSE,NA,NA,measured,E2
7186,Florestal-CF,CF,EST,1301,1511,B,1,CF-1,2003,no tag,NA,TRUE,FALSE,NA,NA,measured,B1
7874,Florestal-CF,CF,EST,1301,1518,D,3,CF-1,2003,no tag,NA,TRUE,FALSE,NA,NA,measured,D3
7914,Florestal-CF,CF,EST,1301,1519,D,4,CF-1,2003,no tag,NA,TRUE,FALSE,NA,NA,measured,D4
7303,Florestal-CF,CF,EST,1301,1530,B,3,CF-1,2003,no tag,NA,TRUE,FALSE,NA,NA,measured,B3
8227,Florestal-CF,CF,EST,1301,1535,E,4,CF-1,2003,no tag,NA,TRUE,FALSE,NA,NA,measured,E4
8318,Florestal-CF,CF,EST,1301,1543,E,7,CF-1,2003,no tag,NA,TRUE,FALSE,NA,NA,measured,E7
8319,Florestal-CF,CF,EST,1301,1544,E,7,CF-1,2003,no tag,NA,TRUE,FALSE,NA,NA,measured,E7
8320,Florestal-CF,CF,EST,1301,1545,E,7,CF-1,2003,no tag,NA,TRUE,FALSE,NA,NA,measured,E7
8321,Florestal-CF,CF,EST,1301,1546,E,7,CF-1,2003,no tag,NA,TRUE,FALSE,NA,NA,measured,E7
8343,Florestal-CF,CF,EST,1301,1550,E,8,CF-1,2003,no tag,NA,TRUE,FALSE,NA,NA,measured,E8
7498,Florestal-CF,CF,EST,1301,1562,B,8,CF-1,2003,no tag,NA,TRUE,FALSE,NA,NA,measured,B8
8344,Florestal-CF,CF,EST,1301,1564,E,8,CF-1,2003,no tag,NA,TRUE,FALSE,NA,NA,measured,E8
8345,Florestal-CF,CF,EST,1301,1565,E,8,CF-1,2003,no tag,NA,TRUE,FALSE,NA,NA,measured,E8
8050,Florestal-CF,CF,EST,1301,1201,E,1,CF-1,2004,no tag,NA,TRUE,FALSE,NA,NA,measured,E1
8051,Florestal-CF,CF,EST,1301,1202,E,1,CF-1,2004,no tag,NA,TRUE,FALSE,NA,NA,measured,E1
8011,Florestal-CF,CF,EST,1301,1203,E,1,CF-1,2004,no tag,NA,TRUE,FALSE,NA,NA,measured,E1
7820,Florestal-CF,CF,EST,1301,1204,D,2,CF-1,2004,no tag,NA,TRUE,FALSE,NA,NA,measured,D2
8110,Florestal-CF,CF,EST,1301,1205,E,2,CF-1,2004,no tag,NA,TRUE,FALSE,NA,NA,measured,E2
8111,Florestal-CF,CF,EST,1301,1206,E,2,CF-1,2004,no tag,NA,TRUE,FALSE,NA,NA,measured,E2
7821,Florestal-CF,CF,EST,1301,1207,D,2,CF-1,2004,no tag,NA,TRUE,FALSE,NA,NA,measured,D2
6897,Florestal-CF,CF,EST,1301,1209,A,2,CF-1,2004,no tag,NA,TRUE,FALSE,NA,NA,measured,A2
7295,Florestal-CF,CF,EST,1301,1212,B,3,CF-1,2004,no tag,NA,TRUE,FALSE,NA,NA,measured,B3
7296,Florestal-CF,CF,EST,1301,1213,B,3,CF-1,2004,no tag,NA,TRUE,FALSE,NA,NA,measured,B3
7297,Florestal-CF,CF,EST,1301,1214,B,3,CF-1,2004,no tag,NA,TRUE,FALSE,NA,NA,measured,B3
7298,Florestal-CF,CF,EST,1301,1215,B,3,CF-1,2004,no tag,NA,TRUE,FALSE,NA,NA,measured,B3
8221,Florestal-CF,CF,EST,1301,1217,E,4,CF-1,2004,no tag,NA,TRUE,FALSE,NA,NA,measured,E4
7910,Florestal-CF,CF,EST,1301,1219,D,4,CF-1,2004,no tag,NA,TRUE,FALSE,NA,NA,measured,D4
7871,Florestal-CF,CF,EST,1301,1220,D,3,CF-1,2004,no tag,NA,TRUE,FALSE,NA,NA,measured,D3
8112,Florestal-CF,CF,EST,1301,1227,E,2,CF-1,2004,no tag,NA,TRUE,FALSE,NA,NA,measured,E2
8113,Florestal-CF,CF,EST,1301,1229,E,2,CF-1,2004,no tag,NA,TRUE,FALSE,NA,NA,measured,E2
8052,Florestal-CF,CF,EST,1301,1230,E,1,CF-1,2004,no tag,NA,TRUE,FALSE,NA,NA,measured,E1
7387,Florestal-CF,CF,EST,1301,1231,B,5,CF-1,2004,no tag,NA,TRUE,FALSE,NA,NA,measured,B5
8053,Florestal-CF,CF,EST,1301,1233,E,1,CF-1,2004,no tag,NA,TRUE,FALSE,NA,NA,measured,E1
7729,Florestal-CF,CF,EST,1301,1234,D,1,CF-1,2004,no tag,NA,TRUE,FALSE,NA,NA,measured,D1
7763,Florestal-CF,CF,EST,1301,1235,D,1,CF-1,2004,no tag,NA,TRUE,FALSE,NA,NA,measured,D1
7183,Florestal-CF,CF,EST,1301,1239,A,9,CF-1,2004,no tag,NA,TRUE,FALSE,NA,NA,measured,A9
7714,Florestal-CF,CF,EST,1301,1252,C,7,CF-1,2004,no tag,NA,TRUE,FALSE,NA,NA,measured,C7
7953,Florestal-CF,CF,EST,1301,1297,D,5,CF-1,2004,no tag,NA,TRUE,FALSE,NA,NA,measured,D5
7876,Florestal-CF,CF,EST,1301,1533,D,3,CF-1,2004,no tag,NA,TRUE,FALSE,NA,NA,measured,D3
7210,Florestal-CF,CF,EST,1301,1405,B,1,CF-1,2005,no tag,NA,TRUE,FALSE,NA,NA,measured,B1
7822,Florestal-CF,CF,EST,1301,1406,D,2,CF-1,2005,no tag,NA,TRUE,FALSE,NA,NA,measured,D2
6972,Florestal-CF,CF,EST,1301,1449,A,3,CF-1,2005,no tag,NA,TRUE,FALSE,NA,NA,measured,A3
7873,Florestal-CF,CF,EST,1301,1451,D,3,CF-1,2005,no tag,NA,TRUE,FALSE,NA,NA,measured,D3
8226,Florestal-CF,CF,EST,1301,1455,E,4,CF-1,2005,no tag,NA,TRUE,FALSE,NA,NA,measured,E4
7060,Florestal-CF,CF,EST,1301,1465,A,5,CF-1,2005,no tag,NA,TRUE,FALSE,NA,NA,measured,A5
8276,Florestal-CF,CF,EST,1301,1479,E,6,CF-1,2005,no tag,NA,TRUE,FALSE,NA,NA,measured,E6
7683,Florestal-CF,CF,EST,1301,1482,C,6,CF-1,2005,no tag,NA,TRUE,FALSE,NA,NA,measured,C6
7262,Florestal-CF,CF,EST,1301,1240,B,2,CF-1,2007,no tag,NA,TRUE,FALSE,NA,NA,measured,B2
8178,Florestal-CF,CF,EST,1301,1279,E,3,CF-1,2007,no tag,NA,TRUE,FALSE,NA,NA,measured,E3
7156,Florestal-CF,CF,EST,1301,1293,A,8,CF-1,2007,no tag,NA,TRUE,FALSE,NA,NA,measured,A8
7877,Florestal-CF,CF,EST,1301,1554,D,3,CF-1,2007,no tag,NA,TRUE,FALSE,NA,NA,measured,D3
7542,Florestal-CF,CF,EST,1301,1560,C,1,CF-1,2007,no tag,NA,TRUE,FALSE,NA,NA,measured,C1
7346,Florestal-CF,CF,EST,1301,1571,B,4,CF-1,2007,no tag,NA,TRUE,FALSE,NA,NA,measured,B4
8229,Florestal-CF,CF,EST,1301,1577,E,4,CF-1,2007,no tag,NA,TRUE,FALSE,NA,NA,measured,E4
8322,Florestal-CF,CF,EST,1301,1915,E,7,CF-1,2007,no tag,NA,TRUE,FALSE,NA,NA,measured,E7
7267,Florestal-CF,CF,EST,1301,1903,B,2,CF-1,2008,no tag,NA,TRUE,FALSE,NA,NA,measured,B2
8602,PortoAlegre-CF,CF,PAL,none,212,E,10,CF-5,2004,no tag,NA,TRUE,FALSE,NA,NA,measured,E10
8369,PortoAlegre-CF,CF,PAL,none,217,A,5,CF-5,2004,no tag,NA,TRUE,FALSE,NA,NA,measured,A5
8440,PortoAlegre-CF,CF,PAL,none,225,B,5,CF-5,2004,no tag,NA,TRUE,FALSE,NA,NA,measured,B5
8514,PortoAlegre-CF,CF,PAL,none,229,C,8,CF-5,2004,no tag,NA,TRUE,FALSE,NA,NA,measured,C8
8585,PortoAlegre-CF,CF,PAL,none,240,D,8,CF-5,2004,no tag,NA,TRUE,FALSE,NA,NA,measured,D8
8608,PortoAlegre-CF,CF,PAL,none,363,E,10,CF-5,2004,no tag,NA,TRUE,FALSE,NA,NA,measured,E10
8505,PortoAlegre-CF,CF,PAL,none,234,C,7,CF-5,2006,no tag,NA,TRUE,FALSE,NA,NA,measured,C7
